id,state_type,loss_config,eta,pn,N_target,n_sups,N_basis,qfi,N_actual,gradient_refined,cost_final,valid,notes,qfi_converged,N_basis_converged
fock_sup_loss_ch_eta0p55_pn0_Nt5_ns1,fock_sup,loss_ch,0.55,0,5,1,40,3.36189,3,true,-3.36189,,,3.36189,60
fock_sup_loss_ch_eta0p55_pn0_Nt5_ns2,fock_sup,loss_ch,0.55,0,5,2,40,4.92659,4.34381,true,-4.92659,,,4.92659,60
fock_sup_loss_ch_eta0p55_pn0p05_Nt5_ns1,fock_sup,loss_ch,0.55,0.05,5,1,40,3.36189,3,true,-3.36189,,,3.36189,60
fock_sup_loss_ch_eta0p55_pn0p05_Nt5_ns2,fock_sup,loss_ch,0.55,0.05,5,2,40,4.90948,4.34789,true,-4.90948,,,4.90948,60
fock_sup_loss_ch_eta0p55_pn0p2_Nt5_ns1,fock_sup,loss_ch,0.55,0.2,5,1,40,3.36189,3,true,-3.36189,,,3.36189,60
fock_sup_loss_ch_eta0p55_pn0p2_Nt5_ns2,fock_sup,loss_ch,0.55,0.2,5,2,40,4.68338,4.39603,true,-4.68338,,,4.68338,60
fock_sup_loss_ch_eta0p5_pn0_Nt1_ns1,fock_sup,loss_ch,0.5,0,1,1,40,2.85685,0,true,-2.85685,,,2.85685,60
fock_sup_loss_ch_eta0p5_pn0_Nt1_ns2,fock_sup,loss_ch,0.5,0,1,2,40,3.87466,0.300921,true,-3.87466,,,3.87466,60
fock_sup_loss_ch_eta0p5_pn0_Nt1_ns3,fock_sup,loss_ch,0.5,0,1,3,40,4.37825,0.685372,true,-4.37825,,,4.37825,60
fock_sup_loss_ch_eta0p5_pn0_Nt1_ns4,fock_sup,loss_ch,0.5,0,1,4,40,4.6527,1,true,-4.6527,,,4.6527,60
fock_sup_loss_ch_eta0p5_pn0_Nt1_ns5,fock_sup,loss_ch,0.5,0,1,5,40,4.4186,0.965105,true,-4.4186,,,4.4186,60
fock_sup_loss_ch_eta0p5_pn0_Nt2_ns1,fock_sup,loss_ch,0.5,0,2,1,60,2.85685,0,true,-2.85685,,,2.85685,90
fock_sup_loss_ch_eta0p5_pn0_Nt2_ns2,fock_sup,loss_ch,0.5,0,2,2,60,3.87466,0.300915,true,-3.87466,,,3.87466,90
fock_sup_loss_ch_eta0p5_pn0_Nt2_ns3,fock_sup,loss_ch,0.5,0,2,3,60,4.37825,0.685368,true,-4.37825,,,4.37825,90
fock_sup_loss_ch_eta0p5_pn0_Nt2_ns4,fock_sup,loss_ch,0.5,0,2,4,60,4.65352,1.04139,true,-4.65352,,,4.65352,90
fock_sup_loss_ch_eta0p5_pn0_Nt2_ns5,fock_sup,loss_ch,0.5,0,2,5,60,4.56096,1.86968,true,-4.56096,,,4.56096,90
fock_sup_loss_ch_eta0p5_pn0_Nt5_ns1,fock_sup,loss_ch,0.5,0,5,1,40,2.85685,5,true,-2.85685,,,2.85685,60
fock_sup_loss_ch_eta0p5_pn0_Nt5_ns2,fock_sup,loss_ch,0.5,0,5,2,40,4.32351,4.30629,true,-4.32351,,,4.32351,60
fock_sup_loss_ch_eta0p5_pn0_Nt5_ns3,fock_sup,loss_ch,0.5,0,5,3,40,4.34578,4.17965,true,-4.34578,,,4.34578,60
fock_sup_loss_ch_eta0p5_pn0_Nt5_ns4,fock_sup,loss_ch,0.5,0,5,4,40,4.66286,4.53284,true,-4.66286,,,4.66286,60
fock_sup_loss_ch_eta0p5_pn0_Nt5_ns5,fock_sup,loss_ch,0.5,0,5,5,40,4.66286,4.53284,true,-4.66286,,,4.66286,60
fock_sup_loss_ch_eta0p5_pn0_Nt10_ns1,fock_sup,loss_ch,0.5,0,10,1,150,2.85685,10,true,-2.85685,,,2.85685,225
fock_sup_loss_ch_eta0p5_pn0_Nt10_ns2,fock_sup,loss_ch,0.5,0,10,2,150,4.43304,9.16833,true,-4.43304,,,4.43304,225
fock_sup_loss_ch_eta0p5_pn0_Nt10_ns3,fock_sup,loss_ch,0.5,0,10,3,150,4.67751,9.63665,true,-4.67751,,,4.67751,225
fock_sup_loss_ch_eta0p5_pn0_Nt10_ns4,fock_sup,loss_ch,0.5,0,10,4,150,4.82796,10,true,-4.82796,,,4.82796,225
fock_sup_loss_ch_eta0p5_pn0_Nt10_ns5,fock_sup,loss_ch,0.5,0,10,5,150,4.73096,6.0673,true,-4.73096,,,4.73096,225
fock_sup_loss_ch_eta0p5_pn0p05_Nt5_ns1,fock_sup,loss_ch,0.5,0.05,5,1,40,2.85685,5,true,-2.85685,,,2.85685,60
fock_sup_loss_ch_eta0p5_pn0p05_Nt5_ns2,fock_sup,loss_ch,0.5,0.05,5,2,40,4.30824,4.30977,true,-4.30824,,,4.30824,60
fock_sup_loss_ch_eta0p5_pn0p05_Nt5_ns3,fock_sup,loss_ch,0.5,0.05,5,3,40,4.30824,4.30977,true,-4.30824,,,4.30824,60
fock_sup_loss_ch_eta0p5_pn0p05_Nt5_ns4,fock_sup,loss_ch,0.5,0.05,5,4,40,4.60226,5,true,-4.60226,,,4.60226,60
fock_sup_loss_ch_eta0p5_pn0p05_Nt5_ns5,fock_sup,loss_ch,0.5,0.05,5,5,40,4.61046,4.57754,true,-4.61046,,,4.61046,60
fock_sup_loss_ch_eta0p5_pn0p1_Nt1_ns1,fock_sup,loss_ch,0.5,0.1,1,1,40,2.85685,0,true,-2.85685,,,2.85685,60
fock_sup_loss_ch_eta0p5_pn0p1_Nt1_ns2,fock_sup,loss_ch,0.5,0.1,1,2,40,3.83373,0.294496,true,-3.83373,,,3.83373,60
fock_sup_loss_ch_eta0p5_pn0p1_Nt1_ns3,fock_sup,loss_ch,0.5,0.1,1,3,40,4.25074,0.615983,true,-4.25074,,,4.25074,60
fock_sup_loss_ch_eta0p5_pn0p1_Nt1_ns4,fock_sup,loss_ch,0.5,0.1,1,4,40,4.25074,0.615983,true,-4.25074,,,4.25074,60
fock_sup_loss_ch_eta0p5_pn0p1_Nt1_ns5,fock_sup,loss_ch,0.5,0.1,1,5,40,4.25408,0.626308,true,-4.25408,,,4.25134,60
fock_sup_loss_ch_eta0p5_pn0p1_Nt2_ns1,fock_sup,loss_ch,0.5,0.1,2,1,60,2.85685,0,true,-2.85685,,,2.85685,90
fock_sup_loss_ch_eta0p5_pn0p1_Nt2_ns2,fock_sup,loss_ch,0.5,0.1,2,2,60,3.83373,0.294491,true,-3.83373,,,3.83373,90
fock_sup_loss_ch_eta0p5_pn0p1_Nt2_ns3,fock_sup,loss_ch,0.5,0.1,2,3,60,4.25074,0.615984,true,-4.25074,,,4.25074,90
fock_sup_loss_ch_eta0p5_pn0p1_Nt2_ns4,fock_sup,loss_ch,0.5,0.1,2,4,60,4.46757,0.904988,true,-4.46757,,,4.46757,90
fock_sup_loss_ch_eta0p5_pn0p1_Nt2_ns5,fock_sup,loss_ch,0.5,0.1,2,5,60,4.46757,0.904988,true,-4.46757,,,4.46757,90
fock_sup_loss_ch_eta0p5_pn0p1_Nt5_ns1,fock_sup,loss_ch,0.5,0.1,5,1,40,2.85685,5,true,-2.85685,,,2.85685,60
fock_sup_loss_ch_eta0p5_pn0p1_Nt5_ns2,fock_sup,loss_ch,0.5,0.1,5,2,40,4.26401,4.31928,true,-4.26401,,,4.26401,60
fock_sup_loss_ch_eta0p5_pn0p1_Nt5_ns3,fock_sup,loss_ch,0.5,0.1,5,3,40,4.42272,5,true,-4.42272,,,4.32823,60
fock_sup_loss_ch_eta0p5_pn0p1_Nt5_ns4,fock_sup,loss_ch,0.5,0.1,5,4,40,4.53416,4.56567,true,-4.53416,,,4.53416,60
fock_sup_loss_ch_eta0p5_pn0p1_Nt5_ns5,fock_sup,loss_ch,0.5,0.1,5,5,40,4.53416,4.56567,true,-4.53416,,,4.32684,60
fock_sup_loss_ch_eta0p5_pn0p2_Nt1_ns1,fock_sup,loss_ch,0.5,0.2,1,1,40,2.85685,0,true,-2.85685,,,2.85685,60
fock_sup_loss_ch_eta0p5_pn0p2_Nt1_ns2,fock_sup,loss_ch,0.5,0.2,1,2,40,3.72178,0.275263,true,-3.72178,,,3.72178,60
fock_sup_loss_ch_eta0p5_pn0p2_Nt1_ns3,fock_sup,loss_ch,0.5,0.2,1,3,40,3.99339,0.499468,true,-3.99339,,,3.99339,60
fock_sup_loss_ch_eta0p5_pn0p2_Nt1_ns4,fock_sup,loss_ch,0.5,0.2,1,4,40,4.05865,0.789786,true,-4.05865,,,4.05865,60
fock_sup_loss_ch_eta0p5_pn0p2_Nt1_ns5,fock_sup,loss_ch,0.5,0.2,1,5,40,4.12365,0.9092,true,-4.12365,,,4.12365,60
fock_sup_loss_ch_eta0p5_pn0p2_Nt2_ns1,fock_sup,loss_ch,0.5,0.2,2,1,60,2.85685,0,true,-2.85685,,,2.85685,90
fock_sup_loss_ch_eta0p5_pn0p2_Nt2_ns2,fock_sup,loss_ch,0.5,0.2,2,2,60,3.72178,0.275258,true,-3.72178,,,3.72178,90
fock_sup_loss_ch_eta0p5_pn0p2_Nt2_ns3,fock_sup,loss_ch,0.5,0.2,2,3,60,3.91654,0.645618,true,-3.91654,,,3.91654,90
fock_sup_loss_ch_eta0p5_pn0p2_Nt2_ns4,fock_sup,loss_ch,0.5,0.2,2,4,60,3.80892,1.17007,true,-3.80892,,,3.80569,90
fock_sup_loss_ch_eta0p5_pn0p2_Nt2_ns5,fock_sup,loss_ch,0.5,0.2,2,5,60,4.13123,1.33724,true,-4.13123,,,4.13123,90
fock_sup_loss_ch_eta0p5_pn0p2_Nt5_ns1,fock_sup,loss_ch,0.5,0.2,5,1,40,2.85685,5,true,-2.85685,,,2.85685,60
fock_sup_loss_ch_eta0p5_pn0p2_Nt5_ns2,fock_sup,loss_ch,0.5,0.2,5,2,40,4.10553,4.35078,true,-4.10553,,,4.10553,60
fock_sup_loss_ch_eta0p5_pn0p2_Nt5_ns3,fock_sup,loss_ch,0.5,0.2,5,3,40,4.27566,5,true,-4.27566,,,4.27566,60
fock_sup_loss_ch_eta0p5_pn0p2_Nt5_ns4,fock_sup,loss_ch,0.5,0.2,5,4,40,4.27566,5,true,-4.27566,,,4.17524,60
fock_sup_loss_ch_eta0p5_pn0p2_Nt5_ns5,fock_sup,loss_ch,0.5,0.2,5,5,40,4.292,4.78347,true,-4.292,,,4.27566,60
fock_sup_loss_ch_eta0p5_pn0p3_Nt1_ns1,fock_sup,loss_ch,0.5,0.3,1,1,40,2.85685,0,true,-2.85685,,,2.85685,60
fock_sup_loss_ch_eta0p5_pn0p3_Nt1_ns2,fock_sup,loss_ch,0.5,0.3,1,2,40,3.56539,0.243884,true,-3.56539,,,3.56538,60
fock_sup_loss_ch_eta0p5_pn0p3_Nt1_ns3,fock_sup,loss_ch,0.5,0.3,1,3,40,3.71964,0.586928,true,-3.71964,,,3.71963,60
fock_sup_loss_ch_eta0p5_pn0p3_Nt1_ns4,fock_sup,loss_ch,0.5,0.3,1,4,40,3.73652,0.753848,true,-3.73652,,,3.73652,60
fock_sup_loss_ch_eta0p5_pn0p3_Nt1_ns5,fock_sup,loss_ch,0.5,0.3,1,5,40,3.79472,0.671795,true,-3.79472,,,3.79472,60
fock_sup_loss_ch_eta0p5_pn0p3_Nt2_ns1,fock_sup,loss_ch,0.5,0.3,2,1,60,2.85685,0,true,-2.85685,,,2.85685,90
fock_sup_loss_ch_eta0p5_pn0p3_Nt2_ns2,fock_sup,loss_ch,0.5,0.3,2,2,60,3.56538,0.243879,true,-3.56538,,,3.56538,90
fock_sup_loss_ch_eta0p5_pn0p3_Nt2_ns3,fock_sup,loss_ch,0.5,0.3,2,3,60,3.71963,0.586926,true,-3.71963,,,3.71963,90
fock_sup_loss_ch_eta0p5_pn0p3_Nt2_ns4,fock_sup,loss_ch,0.5,0.3,2,4,60,3.72191,0.586655,true,-3.72191,,,3.71993,90
fock_sup_loss_ch_eta0p5_pn0p3_Nt2_ns5,fock_sup,loss_ch,0.5,0.3,2,5,60,3.71255,1.16328,true,-3.71255,,,3.71202,90
fock_sup_loss_ch_eta0p5_pn0p3_Nt5_ns1,fock_sup,loss_ch,0.5,0.3,5,1,40,2.85685,5,true,-2.85685,,,2.85685,60
fock_sup_loss_ch_eta0p5_pn0p3_Nt5_ns2,fock_sup,loss_ch,0.5,0.3,5,2,40,3.88664,4.39812,true,-3.88664,,,3.88664,60
fock_sup_loss_ch_eta0p5_pn0p3_Nt5_ns3,fock_sup,loss_ch,0.5,0.3,5,3,40,3.9823,5,true,-3.9823,,,3.88664,60
fock_sup_loss_ch_eta0p5_pn0p3_Nt5_ns4,fock_sup,loss_ch,0.5,0.3,5,4,40,4.05147,5,true,-4.05147,,,4.05147,60
fock_sup_loss_ch_eta0p5_pn0p3_Nt5_ns5,fock_sup,loss_ch,0.5,0.3,5,5,40,4.05147,5,true,-4.05147,,,4.05147,60
fock_sup_loss_ch_eta0p5_pn0p4_Nt1_ns1,fock_sup,loss_ch,0.5,0.4,1,1,40,2.85685,0,true,-2.85685,,,2.85685,60
fock_sup_loss_ch_eta0p5_pn0p4_Nt1_ns2,fock_sup,loss_ch,0.5,0.4,1,2,40,3.39494,0.202653,true,-3.39494,,,3.39494,60
fock_sup_loss_ch_eta0p5_pn0p4_Nt1_ns3,fock_sup,loss_ch,0.5,0.4,1,3,40,3.53414,0.543669,true,-3.53414,,,3.53414,60
fock_sup_loss_ch_eta0p5_pn0p4_Nt1_ns4,fock_sup,loss_ch,0.5,0.4,1,4,40,3.55407,1,true,-3.55407,,,3.55407,60
fock_sup_loss_ch_eta0p5_pn0p4_Nt1_ns5,fock_sup,loss_ch,0.5,0.4,1,5,40,3.63068,1,true,-3.63068,,,3.63068,60
fock_sup_loss_ch_eta0p5_pn0p4_Nt2_ns1,fock_sup,loss_ch,0.5,0.4,2,1,60,2.85685,0,true,-2.85685,,,2.85685,90
fock_sup_loss_ch_eta0p5_pn0p4_Nt2_ns2,fock_sup,loss_ch,0.5,0.4,2,2,60,3.39494,0.20265,true,-3.39494,,,3.39494,90
fock_sup_loss_ch_eta0p5_pn0p4_Nt2_ns3,fock_sup,loss_ch,0.5,0.4,2,3,60,3.36513,0.49836,true,-3.36513,,,3.3621,90
fock_sup_loss_ch_eta0p5_pn0p4_Nt2_ns4,fock_sup,loss_ch,0.5,0.4,2,4,60,3.57575,1.16347,true,-3.57575,,,3.57575,90
fock_sup_loss_ch_eta0p5_pn0p4_Nt2_ns5,fock_sup,loss_ch,0.5,0.4,2,5,60,5.13288,1.17013,true,-5.13288,,,3.6603,135
fock_sup_loss_ch_eta0p5_pn0p4_Nt5_ns1,fock_sup,loss_ch,0.5,0.4,5,1,40,2.85685,5,true,-2.85685,,,2.85685,60
fock_sup_loss_ch_eta0p5_pn0p4_Nt5_ns2,fock_sup,loss_ch,0.5,0.4,5,2,40,3.64447,4.46823,true,-3.64447,,,3.64447,60
fock_sup_loss_ch_eta0p5_pn0p4_Nt5_ns3,fock_sup,loss_ch,0.5,0.4,5,3,40,3.77648,5,true,-3.77648,,,3.77648,60
fock_sup_loss_ch_eta0p5_pn0p4_Nt5_ns4,fock_sup,loss_ch,0.5,0.4,5,4,40,3.81213,4.78682,true,-3.81213,,,3.81213,60
fock_sup_loss_ch_eta0p5_pn0p4_Nt5_ns5,fock_sup,loss_ch,0.5,0.4,5,5,40,3.85862,3.58461,true,-3.85862,,,3.7947,60
fock_sup_loss_ch_eta0p5_pn0p5_Nt1_ns1,fock_sup,loss_ch,0.5,0.5,1,1,40,2.85685,0,true,-2.85685,,,2.85685,60
fock_sup_loss_ch_eta0p5_pn0p5_Nt1_ns2,fock_sup,loss_ch,0.5,0.5,1,2,40,3.25509,0.499988,true,-3.25509,,,3.25508,60
fock_sup_loss_ch_eta0p5_pn0p5_Nt1_ns3,fock_sup,loss_ch,0.5,0.5,1,3,40,3.36326,0.51553,true,-3.36326,,,3.36326,60
fock_sup_loss_ch_eta0p5_pn0p5_Nt1_ns4,fock_sup,loss_ch,0.5,0.5,1,4,40,3.45122,1,true,-3.45122,,,3.45122,60
fock_sup_loss_ch_eta0p5_pn0p5_Nt1_ns5,fock_sup,loss_ch,0.5,0.5,1,5,40,3.45122,1,true,-3.45122,,,3.45122,60
fock_sup_loss_ch_eta0p5_pn0p5_Nt2_ns1,fock_sup,loss_ch,0.5,0.5,2,1,60,2.85685,0,true,-2.85685,,,2.85685,90
fock_sup_loss_ch_eta0p5_pn0p5_Nt2_ns2,fock_sup,loss_ch,0.5,0.5,2,2,60,3.25508,0.499953,true,-3.25508,,,3.25506,90
fock_sup_loss_ch_eta0p5_pn0p5_Nt2_ns3,fock_sup,loss_ch,0.5,0.5,2,3,60,3.36326,0.515531,true,-3.36326,,,3.36326,90
fock_sup_loss_ch_eta0p5_pn0p5_Nt2_ns4,fock_sup,loss_ch,0.5,0.5,2,4,60,3.47162,1.15983,true,-3.47162,,,3.47162,90
fock_sup_loss_ch_eta0p5_pn0p5_Nt2_ns5,fock_sup,loss_ch,0.5,0.5,2,5,60,14.104,1.16565,true,-14.104,,,3.42626,135
fock_sup_loss_ch_eta0p5_pn0p5_Nt5_ns1,fock_sup,loss_ch,0.5,0.5,5,1,40,2.85685,5,true,-2.85685,,,2.85685,60
fock_sup_loss_ch_eta0p5_pn0p5_Nt5_ns2,fock_sup,loss_ch,0.5,0.5,5,2,40,3.41133,4.56803,true,-3.41133,,,3.41133,60
fock_sup_loss_ch_eta0p5_pn0p5_Nt5_ns3,fock_sup,loss_ch,0.5,0.5,5,3,40,3.47833,5,true,-3.47833,,,3.47833,60
fock_sup_loss_ch_eta0p5_pn0p5_Nt5_ns4,fock_sup,loss_ch,0.5,0.5,5,4,40,3.61484,4.75171,true,-3.61484,,,3.61484,60
fock_sup_loss_ch_eta0p5_pn0p5_Nt5_ns5,fock_sup,loss_ch,0.5,0.5,5,5,40,3.68577,4.47277,true,-3.68577,,,3.6481,60
fock_sup_loss_ch_eta0p5_pn0p5_Nt10_ns1,fock_sup,loss_ch,0.5,0.5,10,1,150,2.85685,10,true,-2.85685,,,2.85685,225
fock_sup_loss_ch_eta0p5_pn0p5_Nt10_ns2,fock_sup,loss_ch,0.5,0.5,10,2,150,3.581,9.28477,true,-3.581,,,3.581,225
fock_sup_loss_ch_eta0p65_pn0_Nt5_ns1,fock_sup,loss_ch,0.65,0,5,1,40,4.78146,5,true,-4.78146,,,4.78146,60
fock_sup_loss_ch_eta0p65_pn0_Nt5_ns2,fock_sup,loss_ch,0.65,0,5,2,40,6.73338,4.99998,true,-6.73338,,,6.73337,60
fock_sup_loss_ch_eta0p65_pn0p05_Nt5_ns1,fock_sup,loss_ch,0.65,0.05,5,1,40,4.78146,5,true,-4.78146,,,4.78146,60
fock_sup_loss_ch_eta0p65_pn0p05_Nt5_ns2,fock_sup,loss_ch,0.65,0.05,5,2,40,6.3653,4.60816,true,-6.3653,,,6.36529,60
fock_sup_loss_ch_eta0p65_pn0p2_Nt5_ns1,fock_sup,loss_ch,0.65,0.2,5,1,40,4.78146,5,true,-4.78146,,,4.78146,60
fock_sup_loss_ch_eta0p65_pn0p2_Nt5_ns2,fock_sup,loss_ch,0.65,0.2,5,2,40,6.15889,4.52302,true,-6.15889,,,6.15889,60
fock_sup_loss_ch_eta0p6_pn0_Nt1_ns1,fock_sup,loss_ch,0.6,0,1,1,40,3.86291,1,true,-3.86291,,,3.86291,60
fock_sup_loss_ch_eta0p6_pn0_Nt1_ns2,fock_sup,loss_ch,0.6,0,1,2,40,4.70853,0.387647,true,-4.70853,,,4.70852,60
fock_sup_loss_ch_eta0p6_pn0_Nt1_ns3,fock_sup,loss_ch,0.6,0,1,3,40,5.55361,0.909497,true,-5.55361,,,5.55362,60
fock_sup_loss_ch_eta0p6_pn0_Nt1_ns4,fock_sup,loss_ch,0.6,0,1,4,40,5.94802,1,true,-5.94802,,,5.94802,60
fock_sup_loss_ch_eta0p6_pn0_Nt1_ns5,fock_sup,loss_ch,0.6,0,1,5,40,5.94802,1,true,-5.94802,,,5.94802,60
fock_sup_loss_ch_eta0p6_pn0_Nt2_ns1,fock_sup,loss_ch,0.6,0,2,1,60,3.96973,2,true,-3.96973,,,3.96973,90
fock_sup_loss_ch_eta0p6_pn0_Nt2_ns2,fock_sup,loss_ch,0.6,0,2,2,60,4.83623,1.75214,true,-4.83623,,,4.83624,90
fock_sup_loss_ch_eta0p6_pn0_Nt5_ns1,fock_sup,loss_ch,0.6,0,5,1,100,3.98799,3,true,-3.98799,,,3.98799,150
fock_sup_loss_ch_eta0p6_pn0_Nt5_ns2,fock_sup,loss_ch,0.6,0,5,2,100,5.62283,4.39059,true,-5.62283,,,5.62283,150
fock_sup_loss_ch_eta0p6_pn0_Nt5_ns3,fock_sup,loss_ch,0.6,0,5,3,100,5.88416,5,true,-5.88416,,,5.88416,150
fock_sup_loss_ch_eta0p6_pn0_Nt5_ns4,fock_sup,loss_ch,0.6,0,5,4,100,6.2238,5,true,-6.22381,,,6.2238,150
fock_sup_loss_ch_eta0p6_pn0_Nt5_ns5,fock_sup,loss_ch,0.6,0,5,5,100,6.52339,5,true,-6.52339,,,6.52339,150
fock_sup_loss_ch_eta0p6_pn0p05_Nt5_ns1,fock_sup,loss_ch,0.6,0.05,5,1,80,3.98799,3,true,-3.98799,,,3.98799,120
fock_sup_loss_ch_eta0p6_pn0p05_Nt5_ns2,fock_sup,loss_ch,0.6,0.05,5,2,80,5.60404,4.39518,true,-5.60404,,,5.60404,120
fock_sup_loss_ch_eta0p6_pn0p05_Nt5_ns3,fock_sup,loss_ch,0.6,0.05,5,3,80,5.71404,5,true,-5.71404,,,5.71404,120
fock_sup_loss_ch_eta0p6_pn0p05_Nt5_ns4,fock_sup,loss_ch,0.6,0.05,5,4,80,5.71404,5,true,-5.71404,,,5.71404,120
fock_sup_loss_ch_eta0p6_pn0p05_Nt5_ns5,fock_sup,loss_ch,0.6,0.05,5,5,80,5.90969,5,true,-5.90969,,,5.90969,120
fock_sup_loss_ch_eta0p6_pn0p1_Nt0p5_ns1,fock_sup,loss_ch,0.6,0.1,0.5,1,40,3.11527,0,true,-3.11527,,,3.11527,60
fock_sup_loss_ch_eta0p6_pn0p1_Nt0p5_ns2,fock_sup,loss_ch,0.6,0.1,0.5,2,40,4.64726,0.382272,true,-4.64726,,,4.64725,60
fock_sup_loss_ch_eta0p6_pn0p1_Nt0p5_ns3,fock_sup,loss_ch,0.6,0.1,0.5,3,40,5.19722,0.5,true,-5.19722,,,5.19722,60
fock_sup_loss_ch_eta0p6_pn0p1_Nt0p5_ns4,fock_sup,loss_ch,0.6,0.1,0.5,4,40,4.91869,0.5,true,-4.91869,,,4.91869,60
fock_sup_loss_ch_eta0p6_pn0p1_Nt0p5_ns5,fock_sup,loss_ch,0.6,0.1,0.5,5,40,5.19722,0.5,true,-5.19722,,,5.19722,60
fock_sup_loss_ch_eta0p6_pn0p1_Nt1_ns1,fock_sup,loss_ch,0.6,0.1,1,1,40,3.86291,1,true,-3.86291,,,3.86291,60
fock_sup_loss_ch_eta0p6_pn0p1_Nt1_ns2,fock_sup,loss_ch,0.6,0.1,1,2,40,4.64726,0.382272,true,-4.64726,,,4.64725,60
fock_sup_loss_ch_eta0p6_pn0p1_Nt1_ns3,fock_sup,loss_ch,0.6,0.1,1,3,40,5.30251,0.78707,true,-5.30251,,,5.30251,60
fock_sup_loss_ch_eta0p6_pn0p1_Nt1_ns4,fock_sup,loss_ch,0.6,0.1,1,4,40,5.62765,1,true,-5.62765,,,5.62765,60
fock_sup_loss_ch_eta0p6_pn0p1_Nt1_ns5,fock_sup,loss_ch,0.6,0.1,1,5,40,5.62765,1,true,-5.62765,,,5.62765,60
fock_sup_loss_ch_eta0p6_pn0p1_Nt2_ns1,fock_sup,loss_ch,0.6,0.1,2,1,40,3.96974,2,true,-3.96974,,,3.96973,60
fock_sup_loss_ch_eta0p6_pn0p1_Nt2_ns2,fock_sup,loss_ch,0.6,0.1,2,2,60,4.77824,1.76854,true,-4.77823,,,4.77825,90
fock_sup_loss_ch_eta0p6_pn0p1_Nt2_ns3,fock_sup,loss_ch,0.6,0.1,2,3,40,5.25055,2,true,-5.25055,,,5.25054,60
fock_sup_loss_ch_eta0p6_pn0p1_Nt2_ns4,fock_sup,loss_ch,0.6,0.1,2,4,40,5.34477,1.48629,true,-5.34477,,,5.34477,60
fock_sup_loss_ch_eta0p6_pn0p1_Nt2_ns5,fock_sup,loss_ch,0.6,0.1,2,5,40,5.63943,1.15728,true,-5.63943,,,5.63943,60
fock_sup_loss_ch_eta0p6_pn0p1_Nt5_ns1,fock_sup,loss_ch,0.6,0.1,5,1,100,3.98799,3,true,-3.98799,,,3.98799,150
fock_sup_loss_ch_eta0p6_pn0p1_Nt5_ns2,fock_sup,loss_ch,0.6,0.1,5,2,100,5.5497,4.40789,true,-5.5497,,,5.5497,150
fock_sup_loss_ch_eta0p6_pn0p1_Nt5_ns3,fock_sup,loss_ch,0.6,0.1,5,3,100,5.63365,5,true,-5.63365,,,5.63365,150
fock_sup_loss_ch_eta0p6_pn0p1_Nt5_ns4,fock_sup,loss_ch,0.6,0.1,5,4,100,5.77751,3.92955,true,-5.77752,,,5.77751,150
fock_sup_loss_ch_eta0p6_pn0p1_Nt5_ns5,fock_sup,loss_ch,0.6,0.1,5,5,100,5.88565,5,true,-5.88565,,,5.88565,150
fock_sup_loss_ch_eta0p6_pn0p1_Nt10_ns1,fock_sup,loss_ch,0.6,0.1,10,1,60,3.98799,3,true,-3.98799,,,3.98799,90
fock_sup_loss_ch_eta0p6_pn0p1_Nt10_ns2,fock_sup,loss_ch,0.6,0.1,10,2,60,5.78384,9.23114,true,-5.78384,,,5.78384,90
fock_sup_loss_ch_eta0p6_pn0p1_Nt10_ns3,fock_sup,loss_ch,0.6,0.1,10,3,60,5.96624,8.9137,true,-5.96624,,,5.96623,90
fock_sup_loss_ch_eta0p6_pn0p1_Nt10_ns4,fock_sup,loss_ch,0.6,0.1,10,4,60,6.01949,9.85117,true,-6.01949,,,6.01949,90
fock_sup_loss_ch_eta0p6_pn0p1_Nt10_ns5,fock_sup,loss_ch,0.6,0.1,10,5,60,6.08158,10,true,-6.08158,,,6.08158,90
fock_sup_loss_ch_eta0p6_pn0p1_Nt20_ns1,fock_sup,loss_ch,0.6,0.1,20,1,90,3.98799,3,true,-3.98799,,,3.98799,135
fock_sup_loss_ch_eta0p6_pn0p1_Nt20_ns2,fock_sup,loss_ch,0.6,0.1,20,2,90,5.83688,19.1331,true,-5.83688,,,5.83688,135
fock_sup_loss_ch_eta0p6_pn0p1_Nt20_ns3,fock_sup,loss_ch,0.6,0.1,20,3,90,6.27188,19.468,true,-6.27188,,,6.27188,135
fock_sup_loss_ch_eta0p6_pn0p1_Nt20_ns4,fock_sup,loss_ch,0.6,0.1,20,4,90,789.812,19.1022,true,-789.812,,,4.98387,203
fock_sup_loss_ch_eta0p6_pn0p1_Nt30_ns1,fock_sup,loss_ch,0.6,0.1,30,1,120,3.98799,3,true,-3.98799,,,3.98799,180
fock_sup_loss_ch_eta0p6_pn0p1_Nt30_ns2,fock_sup,loss_ch,0.6,0.1,30,2,120,5.83807,23.1148,true,-5.83807,,,5.83807,180
fock_sup_loss_ch_eta0p6_pn0p1_Nt30_ns3,fock_sup,loss_ch,0.6,0.1,30,3,120,6.37735,29.3142,true,-6.37735,,,6.37735,180
fock_sup_loss_ch_eta0p6_pn0p1_Nt50_ns1,fock_sup,loss_ch,0.6,0.1,50,1,120,3.98799,3,true,-3.98799,,,3.98799,180
fock_sup_loss_ch_eta0p6_pn0p1_Nt50_ns2,fock_sup,loss_ch,0.6,0.1,50,2,120,5.83807,23.1148,true,-5.83807,,,5.83807,180
fock_sup_loss_ch_eta0p6_pn0p1_Nt50_ns3,fock_sup,loss_ch,0.6,0.1,50,3,120,150.704,23.5188,true,-150.704,,,3.90203,270
fock_sup_loss_ch_eta0p6_pn0p2_Nt0p5_ns1,fock_sup,loss_ch,0.6,0.2,0.5,1,40,3.11527,0,true,-3.11527,,,3.11527,60
fock_sup_loss_ch_eta0p6_pn0p2_Nt0p5_ns2,fock_sup,loss_ch,0.6,0.2,0.5,2,40,4.48013,0.365305,true,-4.48013,,,4.48012,60
fock_sup_loss_ch_eta0p6_pn0p2_Nt0p5_ns3,fock_sup,loss_ch,0.6,0.2,0.5,3,40,4.48013,0.365305,true,-4.48013,,,4.48012,60
fock_sup_loss_ch_eta0p6_pn0p2_Nt1_ns1,fock_sup,loss_ch,0.6,0.2,1,1,40,3.86291,1,true,-3.86291,,,3.86291,60
fock_sup_loss_ch_eta0p6_pn0p2_Nt1_ns2,fock_sup,loss_ch,0.6,0.2,1,2,40,4.48013,0.365305,true,-4.48013,,,4.48012,60
fock_sup_loss_ch_eta0p6_pn0p2_Nt1_ns3,fock_sup,loss_ch,0.6,0.2,1,3,40,4.85937,0.613043,true,-4.85937,,,4.85937,60
fock_sup_loss_ch_eta0p6_pn0p2_Nt1_ns4,fock_sup,loss_ch,0.6,0.2,1,4,40,4.97953,0.903839,true,-4.97953,,,4.97953,60
fock_sup_loss_ch_eta0p6_pn0p2_Nt1_ns5,fock_sup,loss_ch,0.6,0.2,1,5,40,5.06994,1,true,-5.06994,,,5.06994,60
fock_sup_loss_ch_eta0p6_pn0p2_Nt2_ns1,fock_sup,loss_ch,0.6,0.2,2,1,40,3.96974,2,true,-3.96974,,,3.96973,60
fock_sup_loss_ch_eta0p6_pn0p2_Nt2_ns2,fock_sup,loss_ch,0.6,0.2,2,2,60,4.63216,1.81046,true,-4.63216,,,4.63217,90
fock_sup_loss_ch_eta0p6_pn0p2_Nt2_ns3,fock_sup,loss_ch,0.6,0.2,2,3,40,4.78317,0.757171,true,-4.78317,,,4.78316,60
fock_sup_loss_ch_eta0p6_pn0p2_Nt5_ns1,fock_sup,loss_ch,0.6,0.2,5,1,40,3.98799,3,true,-3.98799,,,3.98799,60
fock_sup_loss_ch_eta0p6_pn0p2_Nt5_ns2,fock_sup,loss_ch,0.6,0.2,5,2,40,5.35567,4.45137,true,-5.35567,,,5.35567,60
fock_sup_loss_ch_eta0p6_pn0p2_Nt5_ns3,fock_sup,loss_ch,0.6,0.2,5,3,40,5.44335,5,true,-5.44335,,,5.35567,60
fock_sup_loss_ch_eta0p6_pn0p2_Nt5_ns4,fock_sup,loss_ch,0.6,0.2,5,4,40,5.38121,4.3934,true,-5.38121,,,5.35567,60
fock_sup_loss_ch_eta0p6_pn0p2_Nt5_ns5,fock_sup,loss_ch,0.6,0.2,5,5,40,5.43893,5,true,-5.43893,,,5.3743,60
fock_sup_loss_ch_eta0p6_pn0p2_Nt10_ns1,fock_sup,loss_ch,0.6,0.2,10,1,120,3.98799,3,true,-3.98799,,,3.98799,180
fock_sup_loss_ch_eta0p6_pn0p2_Nt10_ns2,fock_sup,loss_ch,0.6,0.2,10,2,60,5.60238,9.25299,true,-5.60238,,,5.60238,90
fock_sup_loss_ch_eta0p6_pn0p2_Nt10_ns3,fock_sup,loss_ch,0.6,0.2,10,3,60,5.60882,9.2691,true,-5.60882,,,5.60882,90
fock_sup_loss_ch_eta0p6_pn0p2_Nt20_ns1,fock_sup,loss_ch,0.6,0.2,20,1,90,3.98799,3,true,-3.98799,,,3.98799,135
fock_sup_loss_ch_eta0p6_pn0p2_Nt20_ns2,fock_sup,loss_ch,0.6,0.2,20,2,90,5.68049,19.1368,true,-5.68049,,,5.68049,135
fock_sup_loss_ch_eta0p6_pn0p2_Nt20_ns3,fock_sup,loss_ch,0.6,0.2,20,3,90,6.09762,19.4445,true,-6.09762,,,6.09762,135
fock_sup_loss_ch_eta0p6_pn0p2_Nt30_ns1,fock_sup,loss_ch,0.6,0.2,30,1,120,3.98799,3,true,-3.98799,,,3.98799,180
fock_sup_loss_ch_eta0p6_pn0p2_Nt30_ns2,fock_sup,loss_ch,0.6,0.2,30,2,120,5.69293,29.0938,true,-5.69293,,,5.69293,180
fock_sup_loss_ch_eta0p6_pn0p2_Nt30_ns3,fock_sup,loss_ch,0.6,0.2,30,3,120,5.72488,28.0511,true,-5.72488,,,5.69115,180
fock_sup_loss_ch_eta0p6_pn0p2_Nt50_ns1,fock_sup,loss_ch,0.6,0.2,50,1,120,3.98799,3,true,-3.98799,,,3.98799,180
fock_sup_loss_ch_eta0p6_pn0p2_Nt50_ns2,fock_sup,loss_ch,0.6,0.2,50,2,120,5.69673,49.0574,true,-5.69673,,,5.69673,180
fock_sup_loss_ch_eta0p6_pn0p2_Nt50_ns3,fock_sup,loss_ch,0.6,0.2,50,3,120,6.29369,49.173,true,-6.29369,,,6.29369,180
fock_sup_loss_ch_eta0p6_pn0p3_Nt1_ns1,fock_sup,loss_ch,0.6,0.3,1,1,40,3.86291,1,true,-3.86291,,,3.86291,60
fock_sup_loss_ch_eta0p6_pn0p3_Nt1_ns2,fock_sup,loss_ch,0.6,0.3,1,2,40,4.1354,0.659269,true,-4.1354,,,4.13539,60
fock_sup_loss_ch_eta0p6_pn0p3_Nt1_ns3,fock_sup,loss_ch,0.6,0.3,1,3,40,4.48985,0.687799,true,-4.48985,,,4.48984,60
fock_sup_loss_ch_eta0p6_pn0p3_Nt1_ns4,fock_sup,loss_ch,0.6,0.3,1,4,40,4.57997,0.765219,true,-4.57997,,,4.57997,60
fock_sup_loss_ch_eta0p6_pn0p3_Nt1_ns5,fock_sup,loss_ch,0.6,0.3,1,5,40,4.48985,0.687799,true,-4.48985,,,4.48984,60
fock_sup_loss_ch_eta0p6_pn0p3_Nt2_ns1,fock_sup,loss_ch,0.6,0.3,2,1,60,3.96973,2,true,-3.96973,,,3.96973,90
fock_sup_loss_ch_eta0p6_pn0p3_Nt2_ns2,fock_sup,loss_ch,0.6,0.3,2,2,60,4.45641,1.8618,true,-4.45641,,,4.45642,90
fock_sup_loss_ch_eta0p6_pn0p3_Nt5_ns1,fock_sup,loss_ch,0.6,0.3,5,1,100,3.98799,3,true,-3.98799,,,3.98799,150
fock_sup_loss_ch_eta0p6_pn0p3_Nt5_ns2,fock_sup,loss_ch,0.6,0.3,5,2,100,5.09029,4.51738,true,-5.09029,,,5.09029,150
fock_sup_loss_ch_eta0p6_pn0p3_Nt5_ns3,fock_sup,loss_ch,0.6,0.3,5,3,100,5.09029,4.51738,true,-5.09029,,,5.09029,150
fock_sup_loss_ch_eta0p6_pn0p3_Nt5_ns4,fock_sup,loss_ch,0.6,0.3,5,4,100,5.1823,5,true,-5.1823,,,5.1823,150
fock_sup_loss_ch_eta0p6_pn0p3_Nt5_ns5,fock_sup,loss_ch,0.6,0.3,5,5,100,5.1823,5,true,-5.1823,,,5.1823,150
fock_sup_loss_ch_eta0p6_pn0p4_Nt1_ns1,fock_sup,loss_ch,0.6,0.4,1,1,40,3.86291,1,true,-3.86291,,,3.86291,60
fock_sup_loss_ch_eta0p6_pn0p4_Nt1_ns2,fock_sup,loss_ch,0.6,0.4,1,2,40,4.0345,0.698339,true,-4.0345,,,4.03448,60
fock_sup_loss_ch_eta0p6_pn0p4_Nt1_ns3,fock_sup,loss_ch,0.6,0.4,1,3,40,4.23919,0.664462,true,-4.23919,,,4.23918,60
fock_sup_loss_ch_eta0p6_pn0p4_Nt1_ns4,fock_sup,loss_ch,0.6,0.4,1,4,40,4.23938,1,true,-4.23938,,,4.23938,60
fock_sup_loss_ch_eta0p6_pn0p4_Nt1_ns5,fock_sup,loss_ch,0.6,0.4,1,5,40,4.36682,1,true,-4.36682,,,4.36681,60
fock_sup_loss_ch_eta0p6_pn0p4_Nt2_ns1,fock_sup,loss_ch,0.6,0.4,2,1,60,3.96973,2,true,-3.96973,,,3.96973,90
fock_sup_loss_ch_eta0p6_pn0p4_Nt2_ns2,fock_sup,loss_ch,0.6,0.4,2,2,60,4.29801,1.90832,true,-4.29801,,,4.29801,90
fock_sup_loss_ch_eta0p6_pn0p4_Nt5_ns1,fock_sup,loss_ch,0.6,0.4,5,1,120,3.98799,3,true,-3.98799,,,3.98799,180
fock_sup_loss_ch_eta0p6_pn0p4_Nt5_ns2,fock_sup,loss_ch,0.6,0.4,5,2,120,4.8034,4.60806,true,-4.8034,,,4.8034,180
fock_sup_loss_ch_eta0p6_pn0p4_Nt5_ns3,fock_sup,loss_ch,0.6,0.4,5,3,120,4.83953,4.72768,true,-4.83953,,,4.83953,180
fock_sup_loss_ch_eta0p6_pn0p4_Nt5_ns4,fock_sup,loss_ch,0.6,0.4,5,4,120,4.83953,4.72768,true,-4.83953,,,4.83953,180
fock_sup_loss_ch_eta0p6_pn0p4_Nt5_ns5,fock_sup,loss_ch,0.6,0.4,5,5,120,4.93763,4.99307,true,-4.93763,,,4.93763,180
fock_sup_loss_ch_eta0p6_pn0p45_Nt5_ns1,fock_sup,loss_ch,0.6,0.45,5,1,80,3.98799,3,true,-3.98799,,,3.98799,120
fock_sup_loss_ch_eta0p6_pn0p5_Nt1_ns1,fock_sup,loss_ch,0.6,0.5,1,1,40,3.86291,1,true,-3.86291,,,3.86291,60
fock_sup_loss_ch_eta0p6_pn0p5_Nt1_ns2,fock_sup,loss_ch,0.6,0.5,1,2,40,3.92782,0.779652,true,-3.92782,,,3.9278,60
fock_sup_loss_ch_eta0p6_pn0p5_Nt1_ns3,fock_sup,loss_ch,0.6,0.5,1,3,40,3.92782,0.779652,true,-3.92782,,,3.9278,60
fock_sup_loss_ch_eta0p6_pn0p5_Nt1_ns4,fock_sup,loss_ch,0.6,0.5,1,4,40,4.02577,0.690847,true,-4.02577,,,4.02577,60
fock_sup_loss_ch_eta0p6_pn0p5_Nt1_ns5,fock_sup,loss_ch,0.6,0.5,1,5,40,4.05751,1,true,-4.05751,,,4.05751,60
fock_sup_loss_ch_eta0p6_pn0p5_Nt2_ns1,fock_sup,loss_ch,0.6,0.5,2,1,60,3.96973,2,true,-3.96973,,,3.96973,90
fock_sup_loss_ch_eta0p6_pn0p5_Nt2_ns2,fock_sup,loss_ch,0.6,0.5,2,2,60,4.1767,1.94347,true,-4.1767,,,4.1767,90
fock_sup_loss_ch_eta0p6_pn0p5_Nt5_ns1,fock_sup,loss_ch,0.6,0.5,5,1,120,3.98799,3,true,-3.98799,,,3.98799,180
fock_sup_loss_ch_eta0p6_pn0p5_Nt5_ns2,fock_sup,loss_ch,0.6,0.5,5,2,120,4.53905,4.71623,true,-4.53906,,,4.53905,180
fock_sup_loss_ch_eta0p6_pn0p5_Nt5_ns3,fock_sup,loss_ch,0.6,0.5,5,3,120,4.53905,4.71623,true,-4.53906,,,4.53905,180
fock_sup_loss_ch_eta0p6_pn0p5_Nt5_ns4,fock_sup,loss_ch,0.6,0.5,5,4,120,4.58556,4.80627,true,-4.58556,,,4.58556,180
fock_sup_loss_ch_eta0p6_pn0p5_Nt5_ns5,fock_sup,loss_ch,0.6,0.5,5,5,120,4.68127,4.96573,true,-4.68127,,,4.68126,180
fock_sup_loss_ch_eta0p75_pn0_Nt5_ns1,fock_sup,loss_ch,0.75,0,5,1,40,7.31255,5,true,-7.31255,,,7.31255,60
fock_sup_loss_ch_eta0p75_pn0_Nt5_ns2,fock_sup,loss_ch,0.75,0,5,2,40,10.2191,5,true,-10.2191,,,10.2191,60
fock_sup_loss_ch_eta0p75_pn0_Nt5_ns3,fock_sup,loss_ch,0.75,0,5,3,40,10.7511,5,true,-10.7511,,,10.7511,60
fock_sup_loss_ch_eta0p75_pn0p05_Nt5_ns1,fock_sup,loss_ch,0.75,0.05,5,1,40,7.31255,5,true,-7.31255,,,7.31255,60
fock_sup_loss_ch_eta0p75_pn0p05_Nt5_ns2,fock_sup,loss_ch,0.75,0.05,5,2,40,9.68136,5,true,-9.68136,,,9.68136,60
fock_sup_loss_ch_eta0p75_pn0p05_Nt5_ns3,fock_sup,loss_ch,0.75,0.05,5,3,40,10.0736,5,true,-10.0736,,,10.0736,60
fock_sup_loss_ch_eta0p75_pn0p1_Nt5_ns1,fock_sup,loss_ch,0.75,0.1,5,1,40,7.31255,5,true,-7.31255,,,7.31255,60
fock_sup_loss_ch_eta0p75_pn0p1_Nt5_ns2,fock_sup,loss_ch,0.75,0.1,5,2,40,8.72975,5,true,-8.72975,,,8.72975,60
fock_sup_loss_ch_eta0p75_pn0p1_Nt5_ns3,fock_sup,loss_ch,0.75,0.1,5,3,40,8.97657,5,true,-8.97657,,,8.97657,60
fock_sup_loss_ch_eta0p75_pn0p15_Nt5_ns1,fock_sup,loss_ch,0.75,0.15,5,1,40,7.31255,5,true,-7.31255,,,7.31255,60
fock_sup_loss_ch_eta0p75_pn0p15_Nt5_ns2,fock_sup,loss_ch,0.75,0.15,5,2,40,8.5879,4.69552,true,-8.5879,,,8.5879,60
fock_sup_loss_ch_eta0p75_pn0p15_Nt5_ns3,fock_sup,loss_ch,0.75,0.15,5,3,40,8.5879,4.69552,true,-8.5879,,,8.5879,60
fock_sup_loss_ch_eta0p75_pn0p2_Nt5_ns1,fock_sup,loss_ch,0.75,0.2,5,1,40,7.31255,5,true,-7.31255,,,7.31255,60
fock_sup_loss_ch_eta0p75_pn0p2_Nt5_ns2,fock_sup,loss_ch,0.75,0.2,5,2,40,8.47224,4.72331,true,-8.47224,,,8.47224,60
fock_sup_loss_ch_eta0p75_pn0p2_Nt5_ns3,fock_sup,loss_ch,0.75,0.2,5,3,40,8.50476,4.63641,true,-8.50476,,,8.50475,60
fock_sup_loss_ch_eta0p75_pn0p25_Nt5_ns1,fock_sup,loss_ch,0.75,0.25,5,1,40,7.31255,5,true,-7.31255,,,7.31255,60
fock_sup_loss_ch_eta0p75_pn0p25_Nt5_ns2,fock_sup,loss_ch,0.75,0.25,5,2,40,8.34063,4.75526,true,-8.34063,,,8.34063,60
fock_sup_loss_ch_eta0p75_pn0p25_Nt5_ns3,fock_sup,loss_ch,0.75,0.25,5,3,40,8.34063,4.75526,true,-8.34063,,,8.34063,60
fock_sup_loss_ch_eta0p75_pn0p3_Nt5_ns1,fock_sup,loss_ch,0.75,0.3,5,1,40,7.31255,5,true,-7.31255,,,7.31255,60
fock_sup_loss_ch_eta0p75_pn0p3_Nt5_ns2,fock_sup,loss_ch,0.75,0.3,5,2,40,8.2019,4.7895,true,-8.2019,,,8.2019,60
fock_sup_loss_ch_eta0p75_pn0p3_Nt5_ns3,fock_sup,loss_ch,0.75,0.3,5,3,40,8.2019,4.7895,true,-8.2019,,,8.2019,60
fock_sup_loss_ch_eta0p75_pn0p35_Nt5_ns1,fock_sup,loss_ch,0.75,0.35,5,1,40,7.31255,5,true,-7.31255,,,7.31255,60
fock_sup_loss_ch_eta0p75_pn0p35_Nt5_ns2,fock_sup,loss_ch,0.75,0.35,5,2,40,8.06409,4.82404,true,-8.06409,,,8.06409,60
fock_sup_loss_ch_eta0p75_pn0p35_Nt5_ns3,fock_sup,loss_ch,0.75,0.35,5,3,40,8.06409,4.82404,true,-8.06409,,,8.06409,60
fock_sup_loss_ch_eta0p75_pn0p4_Nt5_ns1,fock_sup,loss_ch,0.75,0.4,5,1,40,7.31255,5,true,-7.31255,,,7.31255,60
fock_sup_loss_ch_eta0p75_pn0p4_Nt5_ns2,fock_sup,loss_ch,0.75,0.4,5,2,40,7.93382,4.85694,true,-7.93382,,,7.93382,60
fock_sup_loss_ch_eta0p75_pn0p4_Nt5_ns3,fock_sup,loss_ch,0.75,0.4,5,3,40,7.93382,4.85694,true,-7.93382,,,7.93382,60
fock_sup_loss_ch_eta0p75_pn0p45_Nt5_ns1,fock_sup,loss_ch,0.75,0.45,5,1,40,7.31255,5,true,-7.31255,,,7.31255,60
fock_sup_loss_ch_eta0p75_pn0p45_Nt5_ns2,fock_sup,loss_ch,0.75,0.45,5,2,40,7.81576,4.88664,true,-7.81576,,,7.81576,60
fock_sup_loss_ch_eta0p75_pn0p45_Nt5_ns3,fock_sup,loss_ch,0.75,0.45,5,3,40,7.81576,4.88664,true,-7.81576,,,7.81576,60
fock_sup_loss_ch_eta0p75_pn0p5_Nt5_ns1,fock_sup,loss_ch,0.75,0.5,5,1,40,7.31255,5,true,-7.31255,,,7.31255,60
fock_sup_loss_ch_eta0p75_pn0p5_Nt5_ns2,fock_sup,loss_ch,0.75,0.5,5,2,40,7.71256,4.91218,true,-7.71256,,,7.71256,60
fock_sup_loss_ch_eta0p75_pn0p5_Nt5_ns3,fock_sup,loss_ch,0.75,0.5,5,3,40,7.71256,4.91218,true,-7.71256,,,7.71256,60
fock_sup_loss_ch_eta0p7_pn0_Nt1_ns1,fock_sup,loss_ch,0.7,0,1,1,40,5.2346,1,true,-5.2346,,,5.23459,60
fock_sup_loss_ch_eta0p7_pn0_Nt1_ns2,fock_sup,loss_ch,0.7,0,1,2,40,5.9075,0.555546,true,-5.9075,,,5.90749,60
fock_sup_loss_ch_eta0p7_pn0_Nt1_ns3,fock_sup,loss_ch,0.7,0,1,3,40,7.26086,1,true,-7.26086,,,7.26086,60
fock_sup_loss_ch_eta0p7_pn0_Nt1_ns4,fock_sup,loss_ch,0.7,0,1,4,40,7.26086,1,true,-7.26086,,,7.26086,60
fock_sup_loss_ch_eta0p7_pn0_Nt1_ns5,fock_sup,loss_ch,0.7,0,1,5,40,7.26086,1,true,-7.26086,,,7.26086,60
fock_sup_loss_ch_eta0p7_pn0_Nt2_ns1,fock_sup,loss_ch,0.7,0,2,1,60,5.68524,2,true,-5.68524,,,5.68524,90
fock_sup_loss_ch_eta0p7_pn0_Nt2_ns2,fock_sup,loss_ch,0.7,0,2,2,60,6.91871,2,true,-6.91871,,,6.9187,90
fock_sup_loss_ch_eta0p7_pn0_Nt5_ns1,fock_sup,loss_ch,0.7,0,5,1,120,5.84369,5,true,-5.84369,,,5.84369,180
fock_sup_loss_ch_eta0p7_pn0_Nt5_ns2,fock_sup,loss_ch,0.7,0,5,2,120,8.32457,5,true,-8.32461,,,8.32456,180
fock_sup_loss_ch_eta0p7_pn0_Nt5_ns3,fock_sup,loss_ch,0.7,0,5,3,120,8.89578,5.00001,true,-8.89576,,,8.89581,180
fock_sup_loss_ch_eta0p7_pn0_Nt5_ns4,fock_sup,loss_ch,0.7,0,5,4,120,9.07059,5,true,-9.07059,,,9.07056,180
fock_sup_loss_ch_eta0p7_pn0_Nt5_ns5,fock_sup,loss_ch,0.7,0,5,5,120,9.16364,5,true,-9.16363,,,9.16364,180
fock_sup_loss_ch_eta0p7_pn0p05_Nt5_ns1,fock_sup,loss_ch,0.7,0.05,5,1,40,5.84369,5,true,-5.84369,,,5.84369,60
fock_sup_loss_ch_eta0p7_pn0p05_Nt5_ns2,fock_sup,loss_ch,0.7,0.05,5,2,40,7.85314,4.65071,true,-7.85314,,,7.85314,60
fock_sup_loss_ch_eta0p7_pn0p05_Nt5_ns3,fock_sup,loss_ch,0.7,0.05,5,3,40,8.25459,5,true,-8.25459,,,8.25459,60
fock_sup_loss_ch_eta0p7_pn0p1_Nt1_ns1,fock_sup,loss_ch,0.7,0.1,1,1,40,5.2346,1,true,-5.2346,,,5.23459,60
fock_sup_loss_ch_eta0p7_pn0p1_Nt1_ns2,fock_sup,loss_ch,0.7,0.1,1,2,40,5.8227,0.555402,true,-5.8227,,,5.82269,60
fock_sup_loss_ch_eta0p7_pn0p1_Nt1_ns3,fock_sup,loss_ch,0.7,0.1,1,3,40,6.84082,1,true,-6.84082,,,6.84082,60
fock_sup_loss_ch_eta0p7_pn0p1_Nt1_ns4,fock_sup,loss_ch,0.7,0.1,1,4,40,6.84082,1,true,-6.84082,,,6.84082,60
fock_sup_loss_ch_eta0p7_pn0p1_Nt1_ns5,fock_sup,loss_ch,0.7,0.1,1,5,40,7.19108,1,true,-7.19108,,,7.19108,60
fock_sup_loss_ch_eta0p7_pn0p1_Nt2_ns1,fock_sup,loss_ch,0.7,0.1,2,1,60,5.68524,2,true,-5.68524,,,5.68524,90
fock_sup_loss_ch_eta0p7_pn0p1_Nt2_ns2,fock_sup,loss_ch,0.7,0.1,2,2,60,6.36524,2,true,-6.36524,,,6.36524,90
fock_sup_loss_ch_eta0p7_pn0p1_Nt5_ns1,fock_sup,loss_ch,0.7,0.1,5,1,40,5.84369,5,true,-5.84369,,,5.84369,60
fock_sup_loss_ch_eta0p7_pn0p1_Nt5_ns2,fock_sup,loss_ch,0.7,0.1,5,2,40,7.05481,4.07604,true,-7.05481,,,7.05481,60
fock_sup_loss_ch_eta0p7_pn0p1_Nt5_ns3,fock_sup,loss_ch,0.7,0.1,5,3,40,7.55749,4.35264,true,-7.55749,,,7.55749,60
fock_sup_loss_ch_eta0p7_pn0p1_Nt5_ns4,fock_sup,loss_ch,0.7,0.1,5,4,40,7.71575,4.61868,true,-7.71575,,,7.71575,60
fock_sup_loss_ch_eta0p7_pn0p1_Nt5_ns5,fock_sup,loss_ch,0.7,0.1,5,5,40,7.80914,5,true,-7.80914,,,7.70246,60
fock_sup_loss_ch_eta0p7_pn0p15_Nt5_ns1,fock_sup,loss_ch,0.7,0.15,5,1,40,5.84369,5,true,-5.84369,,,5.84369,60
fock_sup_loss_ch_eta0p7_pn0p15_Nt5_ns2,fock_sup,loss_ch,0.7,0.15,5,2,40,7.2784,4.58557,true,-7.2784,,,7.2784,60
fock_sup_loss_ch_eta0p7_pn0p15_Nt5_ns3,fock_sup,loss_ch,0.7,0.15,5,3,40,7.2784,4.58557,true,-7.2784,,,7.2784,60
fock_sup_loss_ch_eta0p7_pn0p2_Nt1_ns1,fock_sup,loss_ch,0.7,0.2,1,1,40,5.2346,1,true,-5.2346,,,5.23459,60
fock_sup_loss_ch_eta0p7_pn0p2_Nt1_ns2,fock_sup,loss_ch,0.7,0.2,1,2,40,5.59158,0.552456,true,-5.59158,,,5.59157,60
fock_sup_loss_ch_eta0p7_pn0p2_Nt1_ns3,fock_sup,loss_ch,0.7,0.2,1,3,40,6.0329,0.951784,true,-6.0329,,,6.0329,60
fock_sup_loss_ch_eta0p7_pn0p2_Nt1_ns4,fock_sup,loss_ch,0.7,0.2,1,4,40,6.25087,1,true,-6.25087,,,6.25087,60
fock_sup_loss_ch_eta0p7_pn0p2_Nt1_ns5,fock_sup,loss_ch,0.7,0.2,1,5,40,6.10483,1,true,-6.10483,,,6.10483,60
fock_sup_loss_ch_eta0p7_pn0p2_Nt2_ns1,fock_sup,loss_ch,0.7,0.2,2,1,60,5.68524,2,true,-5.68524,,,5.68524,90
fock_sup_loss_ch_eta0p7_pn0p2_Nt2_ns2,fock_sup,loss_ch,0.7,0.2,2,2,60,6.14918,1.88139,true,-6.14918,,,6.14919,90
fock_sup_loss_ch_eta0p7_pn0p2_Nt5_ns1,fock_sup,loss_ch,0.7,0.2,5,1,40,5.84369,5,true,-5.84369,,,5.84369,60
fock_sup_loss_ch_eta0p7_pn0p2_Nt5_ns2,fock_sup,loss_ch,0.7,0.2,5,2,40,7.15824,4.61589,true,-7.15824,,,7.15824,60
fock_sup_loss_ch_eta0p7_pn0p2_Nt5_ns3,fock_sup,loss_ch,0.7,0.2,5,3,40,7.15991,4.6117,true,-7.15991,,,7.15991,60
fock_sup_loss_ch_eta0p7_pn0p2_Nt5_ns4,fock_sup,loss_ch,0.7,0.2,5,4,40,7.18104,4.52705,true,-7.18104,,,7.18104,60
fock_sup_loss_ch_eta0p7_pn0p2_Nt5_ns5,fock_sup,loss_ch,0.7,0.2,5,5,40,7.18104,4.52705,true,-7.18104,,,7.18104,60
fock_sup_loss_ch_eta0p7_pn0p25_Nt5_ns1,fock_sup,loss_ch,0.7,0.25,5,1,40,5.84369,5,true,-5.84369,,,5.84369,60
fock_sup_loss_ch_eta0p7_pn0p25_Nt5_ns2,fock_sup,loss_ch,0.7,0.25,5,2,40,7.02006,4.65174,true,-7.02006,,,7.02006,60
fock_sup_loss_ch_eta0p7_pn0p25_Nt5_ns3,fock_sup,loss_ch,0.7,0.25,5,3,40,7.03129,4.65662,true,-7.03129,,,7.03129,60
fock_sup_loss_ch_eta0p7_pn0p3_Nt1_ns1,fock_sup,loss_ch,0.7,0.3,1,1,40,5.2346,1,true,-5.2346,,,5.23459,60
fock_sup_loss_ch_eta0p7_pn0p3_Nt1_ns2,fock_sup,loss_ch,0.7,0.3,1,2,40,5.2346,1,true,-5.2346,,,5.23459,60
fock_sup_loss_ch_eta0p7_pn0p3_Nt1_ns3,fock_sup,loss_ch,0.7,0.3,1,3,40,5.62752,0.8574,true,-5.62752,,,5.62751,60
fock_sup_loss_ch_eta0p7_pn0p3_Nt1_ns4,fock_sup,loss_ch,0.7,0.3,1,4,40,5.62752,0.8574,true,-5.62752,,,5.62751,60
fock_sup_loss_ch_eta0p7_pn0p3_Nt1_ns5,fock_sup,loss_ch,0.7,0.3,1,5,40,5.71554,0.919855,true,-5.71554,,,5.71554,60
fock_sup_loss_ch_eta0p7_pn0p3_Nt2_ns1,fock_sup,loss_ch,0.7,0.3,2,1,60,5.68524,2,true,-5.68524,,,5.68524,90
fock_sup_loss_ch_eta0p7_pn0p3_Nt2_ns2,fock_sup,loss_ch,0.7,0.3,2,2,60,6.00738,1.9227,true,-6.00738,,,6.00738,90
fock_sup_loss_ch_eta0p7_pn0p3_Nt5_ns1,fock_sup,loss_ch,0.7,0.3,5,1,40,5.84369,5,true,-5.84369,,,5.84369,60
fock_sup_loss_ch_eta0p7_pn0p3_Nt5_ns2,fock_sup,loss_ch,0.7,0.3,5,2,40,6.87216,4.69184,true,-6.87216,,,6.87216,60
fock_sup_loss_ch_eta0p7_pn0p3_Nt5_ns3,fock_sup,loss_ch,0.7,0.3,5,3,40,6.87216,4.69184,true,-6.87216,,,6.87216,60
fock_sup_loss_ch_eta0p7_pn0p3_Nt5_ns4,fock_sup,loss_ch,0.7,0.3,5,4,40,6.87216,4.69184,true,-6.87216,,,6.87216,60
fock_sup_loss_ch_eta0p7_pn0p3_Nt5_ns5,fock_sup,loss_ch,0.7,0.3,5,5,40,6.87216,4.69184,true,-6.87216,,,6.87216,60
fock_sup_loss_ch_eta0p7_pn0p35_Nt5_ns1,fock_sup,loss_ch,0.7,0.35,5,1,40,5.84369,5,true,-5.84369,,,5.84369,60
fock_sup_loss_ch_eta0p7_pn0p35_Nt5_ns2,fock_sup,loss_ch,0.7,0.35,5,2,40,6.72245,4.73453,true,-6.72245,,,6.72245,60
fock_sup_loss_ch_eta0p7_pn0p35_Nt5_ns3,fock_sup,loss_ch,0.7,0.35,5,3,40,6.73898,4.78221,true,-6.73898,,,6.73898,60
fock_sup_loss_ch_eta0p7_pn0p4_Nt1_ns1,fock_sup,loss_ch,0.7,0.4,1,1,40,5.2346,1,true,-5.2346,,,5.23459,60
fock_sup_loss_ch_eta0p7_pn0p4_Nt1_ns2,fock_sup,loss_ch,0.7,0.4,1,2,40,5.2346,1,true,-5.2346,,,5.23459,60
fock_sup_loss_ch_eta0p7_pn0p4_Nt1_ns3,fock_sup,loss_ch,0.7,0.4,1,3,40,5.2346,1,true,-5.2346,,,5.23459,60
fock_sup_loss_ch_eta0p7_pn0p4_Nt1_ns4,fock_sup,loss_ch,0.7,0.4,1,4,40,5.2346,1,true,-5.2346,,,5.23459,60
fock_sup_loss_ch_eta0p7_pn0p4_Nt1_ns5,fock_sup,loss_ch,0.7,0.4,1,5,40,5.35296,1,true,-5.35296,,,5.35296,60
fock_sup_loss_ch_eta0p7_pn0p4_Nt2_ns1,fock_sup,loss_ch,0.7,0.4,2,1,60,5.68524,2,true,-5.68524,,,5.68524,90
fock_sup_loss_ch_eta0p7_pn0p4_Nt2_ns2,fock_sup,loss_ch,0.7,0.4,2,2,60,5.68524,2,true,-5.68524,,,5.68524,90
fock_sup_loss_ch_eta0p7_pn0p4_Nt5_ns1,fock_sup,loss_ch,0.7,0.4,5,1,40,5.84369,5,true,-5.84369,,,5.84369,60
fock_sup_loss_ch_eta0p7_pn0p4_Nt5_ns2,fock_sup,loss_ch,0.7,0.4,5,2,40,6.57788,4.77772,true,-6.57788,,,6.57788,60
fock_sup_loss_ch_eta0p7_pn0p4_Nt5_ns3,fock_sup,loss_ch,0.7,0.4,5,3,40,6.57788,4.77772,true,-6.57788,,,6.57788,60
fock_sup_loss_ch_eta0p7_pn0p4_Nt5_ns4,fock_sup,loss_ch,0.7,0.4,5,4,40,6.60701,4.82758,true,-6.60701,,,6.60701,60
fock_sup_loss_ch_eta0p7_pn0p4_Nt5_ns5,fock_sup,loss_ch,0.7,0.4,5,5,40,6.62747,5,true,-6.62747,,,6.57922,60
fock_sup_loss_ch_eta0p7_pn0p45_Nt5_ns1,fock_sup,loss_ch,0.7,0.45,5,1,40,5.84369,5,true,-5.84369,,,5.84369,60
fock_sup_loss_ch_eta0p7_pn0p45_Nt5_ns2,fock_sup,loss_ch,0.7,0.45,5,2,40,6.44404,4.81911,true,-6.44404,,,6.44404,60
fock_sup_loss_ch_eta0p7_pn0p45_Nt5_ns3,fock_sup,loss_ch,0.7,0.45,5,3,40,6.44404,4.81911,true,-6.44404,,,6.44404,60
fock_sup_loss_ch_eta0p7_pn0p5_Nt1_ns1,fock_sup,loss_ch,0.7,0.5,1,1,40,5.2346,1,true,-5.2346,,,5.23459,60
fock_sup_loss_ch_eta0p7_pn0p5_Nt1_ns2,fock_sup,loss_ch,0.7,0.5,1,2,40,5.2346,1,true,-5.2346,,,5.23459,60
fock_sup_loss_ch_eta0p7_pn0p5_Nt1_ns3,fock_sup,loss_ch,0.7,0.5,1,3,40,5.2346,1,true,-5.2346,,,5.23459,60
fock_sup_loss_ch_eta0p7_pn0p5_Nt1_ns4,fock_sup,loss_ch,0.7,0.5,1,4,40,5.2346,1,true,-5.2346,,,5.23459,60
fock_sup_loss_ch_eta0p7_pn0p5_Nt1_ns5,fock_sup,loss_ch,0.7,0.5,1,5,40,5.2753,1,true,-5.2753,,,5.2753,60
fock_sup_loss_ch_eta0p7_pn0p5_Nt2_ns1,fock_sup,loss_ch,0.7,0.5,2,1,60,5.68524,2,true,-5.68524,,,5.68524,90
fock_sup_loss_ch_eta0p7_pn0p5_Nt2_ns2,fock_sup,loss_ch,0.7,0.5,2,2,60,5.81117,1.97395,true,-5.81117,,,5.81117,90
fock_sup_loss_ch_eta0p7_pn0p5_Nt5_ns1,fock_sup,loss_ch,0.7,0.5,5,1,120,5.84369,5,true,-5.84369,,,5.84369,180
fock_sup_loss_ch_eta0p7_pn0p5_Nt5_ns2,fock_sup,loss_ch,0.7,0.5,5,2,120,6.32472,4.85671,true,-6.32472,,,6.32472,180
fock_sup_loss_ch_eta0p7_pn0p5_Nt5_ns3,fock_sup,loss_ch,0.7,0.5,5,3,120,6.32472,4.85671,true,-6.32472,,,6.32472,180
fock_sup_loss_ch_eta0p7_pn0p5_Nt5_ns4,fock_sup,loss_ch,0.7,0.5,5,4,120,6.3669,4.89206,true,-6.3669,,,6.3669,180
fock_sup_loss_ch_eta0p7_pn0p5_Nt5_ns5,fock_sup,loss_ch,0.7,0.5,5,5,120,6.32472,4.85671,true,-6.32472,,,6.32472,180
fock_sup_loss_ch_eta0p85_pn0_Nt1_ns1,fock_sup,loss_ch,0.85,0,1,1,40,8.08076,1,true,-8.08076,,,8.08077,60
fock_sup_loss_ch_eta0p85_pn0_Nt1_ns2,fock_sup,loss_ch,0.85,0,1,2,40,9.78148,1,true,-9.78148,,,9.78148,60
fock_sup_loss_ch_eta0p85_pn0_Nt1_ns3,fock_sup,loss_ch,0.85,0,1,3,40,11.4033,1,true,-11.4033,,,11.4033,60
fock_sup_loss_ch_eta0p85_pn0_Nt1_ns4,fock_sup,loss_ch,0.85,0,1,4,40,11.4033,1,true,-11.4033,,,11.4033,60
fock_sup_loss_ch_eta0p85_pn0_Nt1_ns5,fock_sup,loss_ch,0.85,0,1,5,40,11.4033,1,true,-11.4033,,,11.4033,60
fock_sup_loss_ch_eta0p85_pn0_Nt5_ns1,fock_sup,loss_ch,0.85,0,5,1,100,12.698,5,true,-12.698,,,12.698,150
fock_sup_loss_ch_eta0p85_pn0_Nt5_ns2,fock_sup,loss_ch,0.85,0,5,2,100,15.9419,5,true,-15.942,,,15.9418,150
fock_sup_loss_ch_eta0p85_pn0_Nt5_ns3,fock_sup,loss_ch,0.85,0,5,3,100,16.8676,5,true,-16.8677,,,16.8676,150
fock_sup_loss_ch_eta0p85_pn0_Nt5_ns4,fock_sup,loss_ch,0.85,0,5,4,100,17.4127,5,true,-17.4128,,,17.4127,150
fock_sup_loss_ch_eta0p85_pn0_Nt5_ns5,fock_sup,loss_ch,0.85,0,5,5,100,17.5626,5,true,-17.5626,,,17.5626,150
fock_sup_loss_ch_eta0p85_pn0_Nt10_ns1,fock_sup,loss_ch,0.85,0,10,1,150,13.1453,10,true,-13.1453,,,13.1453,225
fock_sup_loss_ch_eta0p85_pn0_Nt10_ns2,fock_sup,loss_ch,0.85,0,10,2,150,18.3555,10,true,-18.3555,,,18.3555,225
fock_sup_loss_ch_eta0p85_pn0_Nt10_ns3,fock_sup,loss_ch,0.85,0,10,3,150,19.2481,10,true,-19.2481,,,19.2481,225
fock_sup_loss_ch_eta0p85_pn0_Nt10_ns4,fock_sup,loss_ch,0.85,0,10,4,150,19.7354,10,true,-19.7354,,,19.7353,225
fock_sup_loss_ch_eta0p85_pn0_Nt10_ns5,fock_sup,loss_ch,0.85,0,10,5,150,20.2033,10,true,-20.2033,,,20.2033,225
fock_sup_loss_ch_eta0p85_pn0p05_Nt1_ns1,fock_sup,loss_ch,0.85,0.05,1,1,40,8.08076,1,true,-8.08076,,,8.08077,60
fock_sup_loss_ch_eta0p85_pn0p05_Nt1_ns2,fock_sup,loss_ch,0.85,0.05,1,2,40,9.75628,1,true,-9.75628,,,9.75628,60
fock_sup_loss_ch_eta0p85_pn0p05_Nt1_ns3,fock_sup,loss_ch,0.85,0.05,1,3,40,11.235,1,true,-11.235,,,11.235,60
fock_sup_loss_ch_eta0p85_pn0p05_Nt1_ns4,fock_sup,loss_ch,0.85,0.05,1,4,40,11.235,1,true,-11.235,,,11.235,60
fock_sup_loss_ch_eta0p85_pn0p05_Nt1_ns5,fock_sup,loss_ch,0.85,0.05,1,5,40,11.2536,1,true,-11.2536,,,11.2536,60
fock_sup_loss_ch_eta0p85_pn0p05_Nt5_ns1,fock_sup,loss_ch,0.85,0.05,5,1,100,12.698,5,true,-12.698,,,12.698,150
fock_sup_loss_ch_eta0p85_pn0p05_Nt5_ns2,fock_sup,loss_ch,0.85,0.05,5,2,100,15.0035,5,true,-15.0035,,,15.0035,150
fock_sup_loss_ch_eta0p85_pn0p05_Nt5_ns3,fock_sup,loss_ch,0.85,0.05,5,3,100,15.4962,5,true,-15.4962,,,15.4962,150
fock_sup_loss_ch_eta0p85_pn0p05_Nt5_ns4,fock_sup,loss_ch,0.85,0.05,5,4,100,15.825,5,true,-15.825,,,15.825,150
fock_sup_loss_ch_eta0p85_pn0p05_Nt5_ns5,fock_sup,loss_ch,0.85,0.05,5,5,100,15.8042,5,true,-15.8042,,,15.8042,150
fock_sup_loss_ch_eta0p85_pn0p1_Nt1_ns1,fock_sup,loss_ch,0.85,0.1,1,1,40,8.08076,1,true,-8.08076,,,8.08077,60
fock_sup_loss_ch_eta0p85_pn0p1_Nt1_ns2,fock_sup,loss_ch,0.85,0.1,1,2,40,9.68229,1,true,-9.68229,,,9.68229,60
fock_sup_loss_ch_eta0p85_pn0p1_Nt1_ns3,fock_sup,loss_ch,0.85,0.1,1,3,40,10.8599,1,true,-10.8599,,,10.8599,60
fock_sup_loss_ch_eta0p85_pn0p1_Nt1_ns4,fock_sup,loss_ch,0.85,0.1,1,4,40,10.8599,1,true,-10.8599,,,10.8599,60
fock_sup_loss_ch_eta0p85_pn0p1_Nt1_ns5,fock_sup,loss_ch,0.85,0.1,1,5,40,10.8599,1,true,-10.8599,,,10.8599,60
fock_sup_loss_ch_eta0p85_pn0p1_Nt5_ns1,fock_sup,loss_ch,0.85,0.1,5,1,120,12.698,5,true,-12.698,,,12.698,180
fock_sup_loss_ch_eta0p85_pn0p1_Nt5_ns2,fock_sup,loss_ch,0.85,0.1,5,2,120,13.9228,5,true,-13.9228,,,13.9228,180
fock_sup_loss_ch_eta0p85_pn0p1_Nt5_ns3,fock_sup,loss_ch,0.85,0.1,5,3,120,14.0114,5,true,-14.0114,,,14.0114,180
fock_sup_loss_ch_eta0p85_pn0p1_Nt5_ns4,fock_sup,loss_ch,0.85,0.1,5,4,100,14.1009,5,true,-14.1009,,,14.1009,150
fock_sup_loss_ch_eta0p85_pn0p1_Nt5_ns5,fock_sup,loss_ch,0.85,0.1,5,5,100,14.1791,5,true,-14.1791,,,14.1791,150
fock_sup_loss_ch_eta0p85_pn0p1_Nt10_ns1,fock_sup,loss_ch,0.85,0.1,10,1,150,13.1453,10,true,-13.1453,,,13.1453,225
fock_sup_loss_ch_eta0p85_pn0p1_Nt10_ns2,fock_sup,loss_ch,0.85,0.1,10,2,150,15.1048,9.68566,true,-15.1048,,,15.1048,225
fock_sup_loss_ch_eta0p85_pn0p1_Nt10_ns3,fock_sup,loss_ch,0.85,0.1,10,3,150,15.0224,10,true,-15.0224,,,15.0224,225
fock_sup_loss_ch_eta0p85_pn0p1_Nt10_ns4,fock_sup,loss_ch,0.85,0.1,10,4,150,15.3374,10,true,-15.3374,,,15.3374,225
fock_sup_loss_ch_eta0p85_pn0p1_Nt10_ns5,fock_sup,loss_ch,0.85,0.1,10,5,150,15.3999,10,true,-15.3999,,,15.3999,225
fock_sup_loss_ch_eta0p85_pn0p15_Nt1_ns1,fock_sup,loss_ch,0.85,0.15,1,1,40,8.08076,1,true,-8.08076,,,8.08077,60
fock_sup_loss_ch_eta0p85_pn0p15_Nt1_ns2,fock_sup,loss_ch,0.85,0.15,1,2,40,9.56385,1,true,-9.56385,,,9.56385,60
fock_sup_loss_ch_eta0p85_pn0p15_Nt1_ns3,fock_sup,loss_ch,0.85,0.15,1,3,40,10.3991,1,true,-10.3991,,,10.3991,60
fock_sup_loss_ch_eta0p85_pn0p15_Nt1_ns4,fock_sup,loss_ch,0.85,0.15,1,4,40,10.3991,1,true,-10.3991,,,10.3991,60
fock_sup_loss_ch_eta0p85_pn0p15_Nt1_ns5,fock_sup,loss_ch,0.85,0.15,1,5,40,10.5365,1,true,-10.5365,,,10.5365,60
fock_sup_loss_ch_eta0p85_pn0p15_Nt5_ns1,fock_sup,loss_ch,0.85,0.15,5,1,100,12.698,5,true,-12.698,,,12.698,150
fock_sup_loss_ch_eta0p85_pn0p15_Nt5_ns2,fock_sup,loss_ch,0.85,0.15,5,2,100,13.1765,4.92165,true,-13.1765,,,13.1765,150
fock_sup_loss_ch_eta0p85_pn0p15_Nt5_ns3,fock_sup,loss_ch,0.85,0.15,5,3,100,13.2567,5,true,-13.2567,,,13.2567,150
fock_sup_loss_ch_eta0p85_pn0p15_Nt5_ns4,fock_sup,loss_ch,0.85,0.15,5,4,100,13.423,4.81898,true,-13.423,,,13.423,150
fock_sup_loss_ch_eta0p85_pn0p15_Nt5_ns5,fock_sup,loss_ch,0.85,0.15,5,5,100,13.5379,5,true,-13.5379,,,13.5379,150
fock_sup_loss_ch_eta0p85_pn0p2_Nt1_ns1,fock_sup,loss_ch,0.85,0.2,1,1,40,8.08076,1,true,-8.08076,,,8.08077,60
fock_sup_loss_ch_eta0p85_pn0p2_Nt1_ns2,fock_sup,loss_ch,0.85,0.2,1,2,40,9.40696,1,true,-9.40696,,,9.40696,60
fock_sup_loss_ch_eta0p85_pn0p2_Nt1_ns3,fock_sup,loss_ch,0.85,0.2,1,3,40,9.40696,1,true,-9.40696,,,9.40696,60
fock_sup_loss_ch_eta0p85_pn0p2_Nt1_ns4,fock_sup,loss_ch,0.85,0.2,1,4,40,9.96515,1,true,-9.96515,,,9.96514,60
fock_sup_loss_ch_eta0p85_pn0p2_Nt1_ns5,fock_sup,loss_ch,0.85,0.2,1,5,40,9.96515,1,true,-9.96515,,,9.96514,60
fock_sup_loss_ch_eta0p85_pn0p2_Nt5_ns1,fock_sup,loss_ch,0.85,0.2,5,1,120,12.698,5,true,-12.698,,,12.698,180
fock_sup_loss_ch_eta0p85_pn0p2_Nt5_ns2,fock_sup,loss_ch,0.85,0.2,5,2,120,13.1187,4.93387,true,-13.1187,,,13.1187,180
fock_sup_loss_ch_eta0p85_pn0p2_Nt5_ns3,fock_sup,loss_ch,0.85,0.2,5,3,120,13.149,5,true,-13.149,,,13.149,180
fock_sup_loss_ch_eta0p85_pn0p2_Nt5_ns4,fock_sup,loss_ch,0.85,0.2,5,4,100,13.149,5,true,-13.149,,,13.149,150
fock_sup_loss_ch_eta0p85_pn0p2_Nt5_ns5,fock_sup,loss_ch,0.85,0.2,5,5,100,13.2076,4.88789,true,-13.2076,,,13.2076,150
fock_sup_loss_ch_eta0p85_pn0p25_Nt5_ns1,fock_sup,loss_ch,0.85,0.25,5,1,40,12.698,5,true,-12.698,,,12.698,60
fock_sup_loss_ch_eta0p85_pn0p25_Nt5_ns2,fock_sup,loss_ch,0.85,0.25,5,2,40,13.0573,4.94628,true,-13.0573,,,13.0573,60
fock_sup_loss_ch_eta0p85_pn0p25_Nt5_ns3,fock_sup,loss_ch,0.85,0.25,5,3,40,13.0573,4.94628,true,-13.0573,,,13.0573,60
fock_sup_loss_ch_eta0p85_pn0p3_Nt5_ns1,fock_sup,loss_ch,0.85,0.3,5,1,60,12.698,5,true,-12.698,,,12.698,60
fock_sup_loss_ch_eta0p85_pn0p3_Nt5_ns2,fock_sup,loss_ch,0.85,0.3,5,2,60,12.9975,4.9577,true,-12.9975,,,12.9975,60
fock_sup_loss_ch_eta0p85_pn0p3_Nt5_ns3,fock_sup,loss_ch,0.85,0.3,5,3,60,12.9975,4.9577,true,-12.9975,,,12.9975,60
fock_sup_loss_ch_eta0p85_pn0p3_Nt5_ns4,fock_sup,loss_ch,0.85,0.3,5,4,60,12.9975,4.9577,true,-12.9975,,,12.9975,90
fock_sup_loss_ch_eta0p85_pn0p3_Nt5_ns5,fock_sup,loss_ch,0.85,0.3,5,5,60,12.9975,4.9577,true,-12.9975,,,12.9975,90
fock_sup_loss_ch_eta0p85_pn0p35_Nt5_ns1,fock_sup,loss_ch,0.85,0.35,5,1,40,12.698,5,true,-12.698,,,12.698,60
fock_sup_loss_ch_eta0p85_pn0p35_Nt5_ns2,fock_sup,loss_ch,0.85,0.35,5,2,40,12.9426,4.96747,true,-12.9426,,,12.9426,60
fock_sup_loss_ch_eta0p85_pn0p35_Nt5_ns3,fock_sup,loss_ch,0.85,0.35,5,3,40,12.9426,4.96747,true,-12.9426,,,12.9426,60
fock_sup_loss_ch_eta0p85_pn0p4_Nt5_ns1,fock_sup,loss_ch,0.85,0.4,5,1,60,12.698,5,true,-12.698,,,12.698,60
fock_sup_loss_ch_eta0p85_pn0p4_Nt5_ns2,fock_sup,loss_ch,0.85,0.4,5,2,60,12.8944,4.97541,true,-12.8944,,,12.8944,60
fock_sup_loss_ch_eta0p85_pn0p4_Nt5_ns3,fock_sup,loss_ch,0.85,0.4,5,3,60,12.8944,4.97541,true,-12.8944,,,12.8944,60
fock_sup_loss_ch_eta0p85_pn0p4_Nt5_ns4,fock_sup,loss_ch,0.85,0.4,5,4,60,12.8944,4.97541,true,-12.8944,,,12.8944,90
fock_sup_loss_ch_eta0p85_pn0p4_Nt5_ns5,fock_sup,loss_ch,0.85,0.4,5,5,60,12.8948,5,true,-12.8948,,,12.8948,90
fock_sup_loss_ch_eta0p85_pn0p45_Nt5_ns1,fock_sup,loss_ch,0.85,0.45,5,1,40,12.698,5,true,-12.698,,,12.698,60
fock_sup_loss_ch_eta0p85_pn0p45_Nt5_ns2,fock_sup,loss_ch,0.85,0.45,5,2,40,12.8534,4.98163,true,-12.8534,,,12.8534,60
fock_sup_loss_ch_eta0p85_pn0p45_Nt5_ns3,fock_sup,loss_ch,0.85,0.45,5,3,40,12.8534,4.98163,true,-12.8534,,,12.8534,60
fock_sup_loss_ch_eta0p85_pn0p5_Nt5_ns1,fock_sup,loss_ch,0.85,0.5,5,1,120,12.698,5,true,-12.698,,,12.698,180
fock_sup_loss_ch_eta0p85_pn0p5_Nt5_ns2,fock_sup,loss_ch,0.85,0.5,5,2,120,12.698,5,true,-12.698,,,12.698,180
fock_sup_loss_ch_eta0p85_pn0p5_Nt5_ns3,fock_sup,loss_ch,0.85,0.5,5,3,120,12.698,5,true,-12.698,,,12.698,180
fock_sup_loss_ch_eta0p8_pn0_Nt1_ns1,fock_sup,loss_ch,0.8,0,1,1,40,7.01958,1,true,-7.01958,,,7.01958,60
fock_sup_loss_ch_eta0p8_pn0_Nt1_ns2,fock_sup,loss_ch,0.8,0,1,2,40,8.04906,1,true,-8.04906,,,8.04906,60
fock_sup_loss_ch_eta0p8_pn0_Nt1_ns3,fock_sup,loss_ch,0.8,0,1,3,40,9.00806,1,true,-9.00806,,,9.00806,60
fock_sup_loss_ch_eta0p8_pn0_Nt1_ns4,fock_sup,loss_ch,0.8,0,1,4,40,10.2439,1,true,-10.2439,,,10.2439,60
fock_sup_loss_ch_eta0p8_pn0_Nt1_ns5,fock_sup,loss_ch,0.8,0,1,5,40,10.2439,1,true,-10.2439,,,10.2439,60
fock_sup_loss_ch_eta0p8_pn0_Nt2_ns1,fock_sup,loss_ch,0.8,0,2,1,60,8.42032,2,true,-8.42032,,,8.42031,90
fock_sup_loss_ch_eta0p8_pn0_Nt2_ns2,fock_sup,loss_ch,0.8,0,2,2,60,9.72862,2,true,-9.72862,,,9.7286,90
fock_sup_loss_ch_eta0p8_pn0_Nt5_ns1,fock_sup,loss_ch,0.8,0,5,1,100,9.4418,5,true,-9.4418,,,9.4418,150
fock_sup_loss_ch_eta0p8_pn0_Nt5_ns2,fock_sup,loss_ch,0.8,0,5,2,100,12.6402,5,true,-12.6403,,,12.6402,150
fock_sup_loss_ch_eta0p8_pn0_Nt5_ns3,fock_sup,loss_ch,0.8,0,5,3,100,13.2469,5,true,-13.2469,,,13.2469,150
fock_sup_loss_ch_eta0p8_pn0_Nt5_ns4,fock_sup,loss_ch,0.8,0,5,4,100,13.682,5,true,-13.682,,,13.682,150
fock_sup_loss_ch_eta0p8_pn0_Nt5_ns5,fock_sup,loss_ch,0.8,0,5,5,100,13.7716,5,true,-13.7717,,,13.7716,150
fock_sup_loss_ch_eta0p8_pn0_Nt20_ns1,fock_sup,loss_ch,0.8,0,20,1,120,9.50753,7,true,-9.50753,,,9.50753,180
fock_sup_loss_ch_eta0p8_pn0_Nt20_ns2,fock_sup,loss_ch,0.8,0,20,2,120,13.8639,14.3188,true,-13.8639,,,13.8639,180
fock_sup_loss_ch_eta0p8_pn0p05_Nt5_ns1,fock_sup,loss_ch,0.8,0.05,5,1,40,9.4418,5,true,-9.4418,,,9.4418,60
fock_sup_loss_ch_eta0p8_pn0p05_Nt5_ns2,fock_sup,loss_ch,0.8,0.05,5,2,40,11.9384,5,true,-11.9384,,,11.9384,60
fock_sup_loss_ch_eta0p8_pn0p05_Nt5_ns3,fock_sup,loss_ch,0.8,0.05,5,3,40,12.3094,5,true,-12.3094,,,12.3094,60
fock_sup_loss_ch_eta0p8_pn0p05_Nt5_ns4,fock_sup,loss_ch,0.8,0.05,5,4,40,12.5339,5,true,-12.5339,,,12.5339,60
fock_sup_loss_ch_eta0p8_pn0p05_Nt5_ns5,fock_sup,loss_ch,0.8,0.05,5,5,40,12.6775,5,true,-12.6775,,,12.6775,60
fock_sup_loss_ch_eta0p8_pn0p1_Nt1_ns1,fock_sup,loss_ch,0.8,0.1,1,1,40,7.01958,1,true,-7.01958,,,7.01958,60
fock_sup_loss_ch_eta0p8_pn0p1_Nt1_ns2,fock_sup,loss_ch,0.8,0.1,1,2,40,7.95966,1,true,-7.95966,,,7.95966,60
fock_sup_loss_ch_eta0p8_pn0p1_Nt1_ns3,fock_sup,loss_ch,0.8,0.1,1,3,40,9.15999,1,true,-9.15999,,,9.15998,60
fock_sup_loss_ch_eta0p8_pn0p1_Nt1_ns4,fock_sup,loss_ch,0.8,0.1,1,4,40,9.15999,1,true,-9.15999,,,9.15998,60
fock_sup_loss_ch_eta0p8_pn0p1_Nt1_ns5,fock_sup,loss_ch,0.8,0.1,1,5,40,9.15999,1,true,-9.15999,,,9.15998,60
fock_sup_loss_ch_eta0p8_pn0p1_Nt2_ns1,fock_sup,loss_ch,0.8,0.1,2,1,60,8.42032,2,true,-8.42032,,,8.42031,90
fock_sup_loss_ch_eta0p8_pn0p1_Nt2_ns2,fock_sup,loss_ch,0.8,0.1,2,2,60,9.01848,1.99999,true,-9.01848,,,9.01847,90
fock_sup_loss_ch_eta0p8_pn0p1_Nt5_ns1,fock_sup,loss_ch,0.8,0.1,5,1,40,9.4418,5,true,-9.4418,,,9.4418,60
fock_sup_loss_ch_eta0p8_pn0p1_Nt5_ns2,fock_sup,loss_ch,0.8,0.1,5,2,40,10.8665,5,true,-10.8665,,,10.8665,60
fock_sup_loss_ch_eta0p8_pn0p1_Nt5_ns3,fock_sup,loss_ch,0.8,0.1,5,3,40,11.0784,5,true,-11.0784,,,11.0784,60
fock_sup_loss_ch_eta0p8_pn0p1_Nt5_ns4,fock_sup,loss_ch,0.8,0.1,5,4,40,11.0968,5,true,-11.0968,,,11.0968,60
fock_sup_loss_ch_eta0p8_pn0p1_Nt5_ns5,fock_sup,loss_ch,0.8,0.1,5,5,40,11.2108,5,true,-11.2108,,,11.2108,60
fock_sup_loss_ch_eta0p8_pn0p1_Nt10_ns1,fock_sup,loss_ch,0.8,0.1,10,1,120,9.50753,7,true,-9.50753,,,9.50753,180
fock_sup_loss_ch_eta0p8_pn0p15_Nt5_ns1,fock_sup,loss_ch,0.8,0.15,5,1,40,9.4418,5,true,-9.4418,,,9.4418,60
fock_sup_loss_ch_eta0p8_pn0p15_Nt5_ns2,fock_sup,loss_ch,0.8,0.15,5,2,40,10.4124,4.81037,true,-10.4124,,,10.4124,60
fock_sup_loss_ch_eta0p8_pn0p15_Nt5_ns3,fock_sup,loss_ch,0.8,0.15,5,3,40,10.509,5,true,-10.509,,,10.509,60
fock_sup_loss_ch_eta0p8_pn0p2_Nt1_ns1,fock_sup,loss_ch,0.8,0.2,1,1,40,7.01958,1,true,-7.01958,,,7.01958,60
fock_sup_loss_ch_eta0p8_pn0p2_Nt1_ns2,fock_sup,loss_ch,0.8,0.2,1,2,40,7.71098,1,true,-7.71098,,,7.71098,60
fock_sup_loss_ch_eta0p8_pn0p2_Nt1_ns3,fock_sup,loss_ch,0.8,0.2,1,3,40,8.20059,1,true,-8.20059,,,8.20059,60
fock_sup_loss_ch_eta0p8_pn0p2_Nt1_ns4,fock_sup,loss_ch,0.8,0.2,1,4,40,8.20059,1,true,-8.20059,,,8.20059,60
fock_sup_loss_ch_eta0p8_pn0p2_Nt1_ns5,fock_sup,loss_ch,0.8,0.2,1,5,40,8.20059,1,true,-8.20059,,,8.20059,60
fock_sup_loss_ch_eta0p8_pn0p2_Nt2_ns1,fock_sup,loss_ch,0.8,0.2,2,1,60,8.42032,2,true,-8.42032,,,8.42031,90
fock_sup_loss_ch_eta0p8_pn0p2_Nt2_ns2,fock_sup,loss_ch,0.8,0.2,2,2,60,8.42032,2,true,-8.42032,,,8.42031,90
fock_sup_loss_ch_eta0p8_pn0p2_Nt5_ns1,fock_sup,loss_ch,0.8,0.2,5,1,100,9.4418,5,true,-9.4418,,,9.4418,150
fock_sup_loss_ch_eta0p8_pn0p2_Nt5_ns2,fock_sup,loss_ch,0.8,0.2,5,2,100,10.3137,4.83214,true,-10.3137,,,10.3137,150
fock_sup_loss_ch_eta0p8_pn0p2_Nt5_ns3,fock_sup,loss_ch,0.8,0.2,5,3,100,10.3137,4.83214,true,-10.3137,,,10.3137,150
fock_sup_loss_ch_eta0p8_pn0p2_Nt5_ns4,fock_sup,loss_ch,0.8,0.2,5,4,100,10.3137,4.83214,true,-10.3137,,,10.3137,150
fock_sup_loss_ch_eta0p8_pn0p2_Nt5_ns5,fock_sup,loss_ch,0.8,0.2,5,5,100,10.3592,4.7622,true,-10.3592,,,10.3592,150
fock_sup_loss_ch_eta0p8_pn0p25_Nt5_ns1,fock_sup,loss_ch,0.8,0.25,5,1,40,9.4418,5,true,-9.4418,,,9.4418,60
fock_sup_loss_ch_eta0p8_pn0p25_Nt5_ns2,fock_sup,loss_ch,0.8,0.25,5,2,40,10.2038,4.85625,true,-10.2038,,,10.2038,60
fock_sup_loss_ch_eta0p8_pn0p25_Nt5_ns3,fock_sup,loss_ch,0.8,0.25,5,3,40,10.2038,4.85625,true,-10.2038,,,10.2038,60
fock_sup_loss_ch_eta0p8_pn0p3_Nt1_ns1,fock_sup,loss_ch,0.8,0.3,1,1,40,7.01958,1,true,-7.01958,,,7.01958,60
fock_sup_loss_ch_eta0p8_pn0p3_Nt1_ns2,fock_sup,loss_ch,0.8,0.3,1,2,40,7.34808,1,true,-7.34808,,,7.34808,60
fock_sup_loss_ch_eta0p8_pn0p3_Nt1_ns3,fock_sup,loss_ch,0.8,0.3,1,3,40,7.41824,1,true,-7.41824,,,7.41825,60
fock_sup_loss_ch_eta0p8_pn0p3_Nt1_ns4,fock_sup,loss_ch,0.8,0.3,1,4,40,7.5059,1,true,-7.5059,,,7.5059,60
fock_sup_loss_ch_eta0p8_pn0p3_Nt1_ns5,fock_sup,loss_ch,0.8,0.3,1,5,40,7.67307,1,true,-7.67307,,,7.67307,60
fock_sup_loss_ch_eta0p8_pn0p3_Nt2_ns1,fock_sup,loss_ch,0.8,0.3,2,1,60,8.42032,2,true,-8.42032,,,8.42031,90
fock_sup_loss_ch_eta0p8_pn0p3_Nt2_ns2,fock_sup,loss_ch,0.8,0.3,2,2,60,8.42032,2,true,-8.42032,,,8.42031,90
fock_sup_loss_ch_eta0p8_pn0p3_Nt5_ns1,fock_sup,loss_ch,0.8,0.3,5,1,100,9.4418,5,true,-9.4418,,,9.4418,150
fock_sup_loss_ch_eta0p8_pn0p3_Nt5_ns2,fock_sup,loss_ch,0.8,0.3,5,2,100,10.091,4.88071,true,-10.091,,,10.091,150
fock_sup_loss_ch_eta0p8_pn0p3_Nt5_ns3,fock_sup,loss_ch,0.8,0.3,5,3,100,10.091,4.88071,true,-10.091,,,10.091,150
fock_sup_loss_ch_eta0p8_pn0p3_Nt5_ns4,fock_sup,loss_ch,0.8,0.3,5,4,100,10.0937,4.88113,true,-10.0937,,,10.0937,150
fock_sup_loss_ch_eta0p8_pn0p3_Nt5_ns5,fock_sup,loss_ch,0.8,0.3,5,5,100,10.0937,4.88114,true,-10.0937,,,10.0937,150
fock_sup_loss_ch_eta0p8_pn0p35_Nt5_ns1,fock_sup,loss_ch,0.8,0.35,5,1,40,9.4418,5,true,-9.4418,,,9.4418,60
fock_sup_loss_ch_eta0p8_pn0p35_Nt5_ns2,fock_sup,loss_ch,0.8,0.35,5,2,40,9.4418,5,true,-9.4418,,,9.4418,60
fock_sup_loss_ch_eta0p8_pn0p35_Nt5_ns3,fock_sup,loss_ch,0.8,0.35,5,3,40,9.98242,4.90383,true,-9.98242,,,9.98242,60
fock_sup_loss_ch_eta0p8_pn0p4_Nt1_ns1,fock_sup,loss_ch,0.8,0.4,1,1,40,7.01958,1,true,-7.01958,,,7.01958,60
fock_sup_loss_ch_eta0p8_pn0p4_Nt1_ns2,fock_sup,loss_ch,0.8,0.4,1,2,40,7.01958,1,true,-7.01958,,,7.01958,60
fock_sup_loss_ch_eta0p8_pn0p4_Nt1_ns3,fock_sup,loss_ch,0.8,0.4,1,3,40,7.01958,1,true,-7.01958,,,7.01958,60
fock_sup_loss_ch_eta0p8_pn0p4_Nt1_ns4,fock_sup,loss_ch,0.8,0.4,1,4,40,7.38367,1,true,-7.38367,,,7.38367,60
fock_sup_loss_ch_eta0p8_pn0p4_Nt1_ns5,fock_sup,loss_ch,0.8,0.4,1,5,40,7.38367,1,true,-7.38367,,,7.38367,60
fock_sup_loss_ch_eta0p8_pn0p4_Nt2_ns1,fock_sup,loss_ch,0.8,0.4,2,1,60,8.42032,2,true,-8.42032,,,8.42031,90
fock_sup_loss_ch_eta0p8_pn0p4_Nt2_ns2,fock_sup,loss_ch,0.8,0.4,2,2,60,8.42032,2,true,-8.42032,,,8.42031,90
fock_sup_loss_ch_eta0p8_pn0p4_Nt5_ns1,fock_sup,loss_ch,0.8,0.4,5,1,100,9.4418,5,true,-9.4418,,,9.4418,150
fock_sup_loss_ch_eta0p8_pn0p4_Nt5_ns2,fock_sup,loss_ch,0.8,0.4,5,2,100,9.4418,5,true,-9.4418,,,9.4418,150
fock_sup_loss_ch_eta0p8_pn0p4_Nt5_ns3,fock_sup,loss_ch,0.8,0.4,5,3,100,9.89887,4.93775,true,-9.89887,,,9.89887,150
fock_sup_loss_ch_eta0p8_pn0p4_Nt5_ns4,fock_sup,loss_ch,0.8,0.4,5,4,100,9.89887,4.93775,true,-9.89888,,,9.89887,150
fock_sup_loss_ch_eta0p8_pn0p4_Nt5_ns5,fock_sup,loss_ch,0.8,0.4,5,5,100,9.89887,4.93775,true,-9.89888,,,9.89887,150
fock_sup_loss_ch_eta0p8_pn0p45_Nt5_ns1,fock_sup,loss_ch,0.8,0.45,5,1,40,9.4418,5,true,-9.4418,,,9.4418,60
fock_sup_loss_ch_eta0p8_pn0p45_Nt5_ns2,fock_sup,loss_ch,0.8,0.45,5,2,40,9.79513,4.94175,true,-9.79513,,,9.79513,60
fock_sup_loss_ch_eta0p8_pn0p45_Nt5_ns3,fock_sup,loss_ch,0.8,0.45,5,3,40,9.79513,4.94175,true,-9.79513,,,9.79513,60
fock_sup_loss_ch_eta0p8_pn0p5_Nt1_ns1,fock_sup,loss_ch,0.8,0.5,1,1,40,7.01958,1,true,-7.01958,,,7.01958,60
fock_sup_loss_ch_eta0p8_pn0p5_Nt1_ns2,fock_sup,loss_ch,0.8,0.5,1,2,40,7.01958,1,true,-7.01958,,,7.01958,60
fock_sup_loss_ch_eta0p8_pn0p5_Nt1_ns3,fock_sup,loss_ch,0.8,0.5,1,3,40,7.01958,1,true,-7.01958,,,7.01958,60
fock_sup_loss_ch_eta0p8_pn0p5_Nt1_ns4,fock_sup,loss_ch,0.8,0.5,1,4,40,7.01958,1,true,-7.01958,,,7.01958,60
fock_sup_loss_ch_eta0p8_pn0p5_Nt1_ns5,fock_sup,loss_ch,0.8,0.5,1,5,40,7.01958,1,true,-7.01958,,,7.01958,60
fock_sup_loss_ch_eta0p8_pn0p5_Nt2_ns1,fock_sup,loss_ch,0.8,0.5,2,1,60,8.42032,2,true,-8.42032,,,8.42031,90
fock_sup_loss_ch_eta0p8_pn0p5_Nt2_ns2,fock_sup,loss_ch,0.8,0.5,2,2,60,8.42032,2,true,-8.42032,,,8.42031,90
fock_sup_loss_ch_eta0p8_pn0p5_Nt5_ns1,fock_sup,loss_ch,0.8,0.5,5,1,100,9.4418,5,true,-9.4418,,,9.4418,150
fock_sup_loss_ch_eta0p8_pn0p5_Nt5_ns2,fock_sup,loss_ch,0.8,0.5,5,2,100,9.72026,4.95587,true,-9.72026,,,9.72026,150
fock_sup_loss_ch_eta0p8_pn0p5_Nt5_ns3,fock_sup,loss_ch,0.8,0.5,5,3,100,9.72026,4.95587,true,-9.72026,,,9.72026,150
fock_sup_loss_ch_eta0p8_pn0p5_Nt5_ns4,fock_sup,loss_ch,0.8,0.5,5,4,100,9.74545,4.9653,true,-9.74546,,,9.74545,150
fock_sup_loss_ch_eta0p8_pn0p5_Nt5_ns5,fock_sup,loss_ch,0.8,0.5,5,5,100,9.72026,4.95587,true,-9.72026,,,9.72026,150
fock_sup_loss_ch_eta0p95_pn0_Nt0p5_ns1,fock_sup,loss_ch,0.95,0,0.5,1,60,3.89893,0,true,-3.89893,,,3.89893,90
fock_sup_loss_ch_eta0p95_pn0_Nt0p5_ns2,fock_sup,loss_ch,0.95,0,0.5,2,60,11.2622,0.500041,true,-11.262,,,11.2622,90
fock_sup_loss_ch_eta0p95_pn0_Nt0p5_ns3,fock_sup,loss_ch,0.95,0,0.5,3,60,11.2622,0.500041,true,-11.262,,,11.2622,90
fock_sup_loss_ch_eta0p95_pn0_Nt0p5_ns4,fock_sup,loss_ch,0.95,0,0.5,4,50,12.4312,0.500055,true,-12.4309,,,12.4312,75
fock_sup_loss_ch_eta0p95_pn0_Nt0p5_ns5,fock_sup,loss_ch,0.95,0,0.5,5,50,12.4312,0.500055,true,-12.4309,,,12.4312,75
fock_sup_loss_ch_eta0p95_pn0_Nt1_ns1,fock_sup,loss_ch,0.95,0,1,1,60,10.5661,1,true,-10.5661,,,10.5661,90
fock_sup_loss_ch_eta0p95_pn0_Nt1_ns2,fock_sup,loss_ch,0.95,0,1,2,60,14.5079,1.00003,true,-14.5078,,,14.5079,90
fock_sup_loss_ch_eta0p95_pn0_Nt1_ns3,fock_sup,loss_ch,0.95,0,1,3,60,17.0592,1.00004,true,-17.059,,,17.0592,90
fock_sup_loss_ch_eta0p95_pn0_Nt1_ns4,fock_sup,loss_ch,0.95,0,1,4,50,17.0592,1.00004,true,-17.059,,,17.0592,75
fock_sup_loss_ch_eta0p95_pn0_Nt1_ns5,fock_sup,loss_ch,0.95,0,1,5,50,17.0592,1.00004,true,-17.059,,,17.0592,75
fock_sup_loss_ch_eta0p95_pn0_Nt2_ns1,fock_sup,loss_ch,0.95,0,2,1,60,15.9959,2,true,-15.9959,,,15.9959,90
fock_sup_loss_ch_eta0p95_pn0_Nt2_ns2,fock_sup,loss_ch,0.95,0,2,2,60,21.0154,2.00002,true,-21.0154,,,21.0154,90
fock_sup_loss_ch_eta0p95_pn0_Nt2_ns3,fock_sup,loss_ch,0.95,0,2,3,60,23.175,2.00003,true,-23.1749,,,23.175,90
fock_sup_loss_ch_eta0p95_pn0_Nt2_ns4,fock_sup,loss_ch,0.95,0,2,4,50,24.6117,2.00003,true,-24.6116,,,24.6117,75
fock_sup_loss_ch_eta0p95_pn0_Nt2_ns5,fock_sup,loss_ch,0.95,0,2,5,50,24.3165,2.00003,true,-24.3164,,,24.3165,75
fock_sup_loss_ch_eta0p95_pn0_Nt3_ns1,fock_sup,loss_ch,0.95,0,3,1,60,20.4397,3,true,-20.4397,,,20.4397,90
fock_sup_loss_ch_eta0p95_pn0_Nt3_ns2,fock_sup,loss_ch,0.95,0,3,2,60,25.5336,3.00001,true,-25.5335,,,25.5336,90
fock_sup_loss_ch_eta0p95_pn0_Nt3_ns3,fock_sup,loss_ch,0.95,0,3,3,60,27.0285,3.00001,true,-27.0285,,,27.0285,90
fock_sup_loss_ch_eta0p95_pn0_Nt5_ns1,fock_sup,loss_ch,0.95,0,5,1,120,27.1074,5,true,-27.1074,,,27.1074,180
fock_sup_loss_ch_eta0p95_pn0_Nt5_ns2,fock_sup,loss_ch,0.95,0,5,2,120,30.6755,5,true,-30.6755,,,30.6755,180
fock_sup_loss_ch_eta0p95_pn0_Nt5_ns3,fock_sup,loss_ch,0.95,0,5,3,120,35.2808,5.00002,true,-35.2808,,,35.2808,180
fock_sup_loss_ch_eta0p95_pn0_Nt5_ns4,fock_sup,loss_ch,0.95,0,5,4,120,37.3688,5.00002,true,-37.3687,,,37.3688,180
fock_sup_loss_ch_eta0p95_pn0_Nt5_ns5,fock_sup,loss_ch,0.95,0,5,5,120,37.4918,5.00001,true,-37.4918,,,37.4918,180
fock_sup_loss_ch_eta0p95_pn0_Nt8_ns1,fock_sup,loss_ch,0.95,0,8,1,60,33.4084,8,true,-33.4084,,,33.4084,90
fock_sup_loss_ch_eta0p95_pn0_Nt8_ns2,fock_sup,loss_ch,0.95,0,8,2,60,36.7054,8.00003,true,-36.7053,,,36.7054,90
fock_sup_loss_ch_eta0p95_pn0_Nt8_ns3,fock_sup,loss_ch,0.95,0,8,3,60,42.714,8.00001,true,-42.714,,,42.714,90
fock_sup_loss_ch_eta0p95_pn0_Nt10_ns1,fock_sup,loss_ch,0.95,0,10,1,60,36.0616,10,true,-36.0616,,,36.0616,90
fock_sup_loss_ch_eta0p95_pn0_Nt10_ns2,fock_sup,loss_ch,0.95,0,10,2,60,40.7685,9.99994,true,-40.7685,,,40.7683,90
fock_sup_loss_ch_eta0p95_pn0_Nt10_ns3,fock_sup,loss_ch,0.95,0,10,3,60,46.2054,10,true,-46.2053,,,46.2054,90
fock_sup_loss_ch_eta0p95_pn0_Nt30_ns1,fock_sup,loss_ch,0.95,0,30,1,120,42.1017,30,true,-42.1017,,,42.1017,180
fock_sup_loss_ch_eta0p95_pn0_Nt30_ns2,fock_sup,loss_ch,0.95,0,30,2,120,57.2548,30,true,-57.2548,,,57.2546,180
fock_sup_loss_ch_eta0p95_pn0_Nt35_ns1,fock_sup,loss_ch,0.95,0,35,1,120,42.1153,32,true,-42.1153,,,42.1153,180
fock_sup_loss_ch_eta0p95_pn0_Nt35_ns2,fock_sup,loss_ch,0.95,0,35,2,120,58.5908,35,true,-58.5908,,,58.5908,180
fock_sup_loss_ch_eta0p95_pn0_Nt40_ns1,fock_sup,loss_ch,0.95,0,40,1,120,42.1153,32,true,-42.1153,,,42.1153,180
fock_sup_loss_ch_eta0p95_pn0p05_Nt0p5_ns1,fock_sup,loss_ch,0.95,0.05,0.5,1,60,3.89893,0,true,-3.89893,,,3.89893,90
fock_sup_loss_ch_eta0p95_pn0p05_Nt0p5_ns2,fock_sup,loss_ch,0.95,0.05,0.5,2,60,11.2262,0.500041,true,-11.226,,,11.2262,90
fock_sup_loss_ch_eta0p95_pn0p05_Nt0p5_ns3,fock_sup,loss_ch,0.95,0.05,0.5,3,60,12.3204,0.500054,true,-12.3201,,,12.3204,90
fock_sup_loss_ch_eta0p95_pn0p05_Nt1_ns1,fock_sup,loss_ch,0.95,0.05,1,1,60,10.5661,1,true,-10.5661,,,10.5661,90
fock_sup_loss_ch_eta0p95_pn0p05_Nt1_ns2,fock_sup,loss_ch,0.95,0.05,1,2,60,14.4782,1.00003,true,-14.4781,,,14.4782,90
fock_sup_loss_ch_eta0p95_pn0p05_Nt1_ns3,fock_sup,loss_ch,0.95,0.05,1,3,60,16.9202,1.00004,true,-16.92,,,16.9202,90
fock_sup_loss_ch_eta0p95_pn0p05_Nt1_ns4,fock_sup,loss_ch,0.95,0.05,1,4,40,16.9202,1.00004,true,-16.92,,,16.9202,60
fock_sup_loss_ch_eta0p95_pn0p05_Nt1_ns5,fock_sup,loss_ch,0.95,0.05,1,5,40,17.4991,1.00004,true,-17.499,,,17.4991,60
fock_sup_loss_ch_eta0p95_pn0p05_Nt2_ns1,fock_sup,loss_ch,0.95,0.05,2,1,60,15.9959,2,true,-15.9959,,,15.9959,90
fock_sup_loss_ch_eta0p95_pn0p05_Nt2_ns2,fock_sup,loss_ch,0.95,0.05,2,2,60,20.9779,2.00002,true,-20.9778,,,20.9779,90
fock_sup_loss_ch_eta0p95_pn0p05_Nt2_ns3,fock_sup,loss_ch,0.95,0.05,2,3,60,23.0872,2.00003,true,-23.0871,,,23.0872,90
fock_sup_loss_ch_eta0p95_pn0p05_Nt2_ns4,fock_sup,loss_ch,0.95,0.05,2,4,40,23.0872,2.00003,true,-23.0871,,,23.0872,60
fock_sup_loss_ch_eta0p95_pn0p05_Nt2_ns5,fock_sup,loss_ch,0.95,0.05,2,5,40,24.2263,2.00003,true,-24.2263,,,24.2263,60
fock_sup_loss_ch_eta0p95_pn0p05_Nt3_ns1,fock_sup,loss_ch,0.95,0.05,3,1,60,20.4397,3,true,-20.4397,,,20.4397,90
fock_sup_loss_ch_eta0p95_pn0p05_Nt3_ns2,fock_sup,loss_ch,0.95,0.05,3,2,60,25.4824,3.00001,true,-25.4824,,,25.4824,90
fock_sup_loss_ch_eta0p95_pn0p05_Nt3_ns3,fock_sup,loss_ch,0.95,0.05,3,3,60,26.9484,3.00001,true,-26.9484,,,26.9484,90
fock_sup_loss_ch_eta0p95_pn0p05_Nt3_ns4,fock_sup,loss_ch,0.95,0.05,3,4,40,28.2405,3.00002,true,-28.2405,,,28.2405,60
fock_sup_loss_ch_eta0p95_pn0p05_Nt3_ns5,fock_sup,loss_ch,0.95,0.05,3,5,40,28.2405,3.00002,true,-28.2405,,,28.2405,60
fock_sup_loss_ch_eta0p95_pn0p05_Nt5_ns1,fock_sup,loss_ch,0.95,0.05,5,1,120,27.1074,5,true,-27.1074,,,27.1074,180
fock_sup_loss_ch_eta0p95_pn0p05_Nt5_ns2,fock_sup,loss_ch,0.95,0.05,5,2,120,30.5982,5,true,-30.5983,,,30.5982,180
fock_sup_loss_ch_eta0p95_pn0p05_Nt5_ns3,fock_sup,loss_ch,0.95,0.05,5,3,120,32.1894,5.00001,true,-32.1894,,,32.1894,180
fock_sup_loss_ch_eta0p95_pn0p05_Nt5_ns4,fock_sup,loss_ch,0.95,0.05,5,4,120,32.5596,5.00001,true,-32.5596,,,32.5596,180
fock_sup_loss_ch_eta0p95_pn0p05_Nt5_ns5,fock_sup,loss_ch,0.95,0.05,5,5,120,33.3038,5.00001,true,-33.3038,,,33.3038,180
fock_sup_loss_ch_eta0p95_pn0p05_Nt8_ns1,fock_sup,loss_ch,0.95,0.05,8,1,60,33.4084,8,true,-33.4084,,,33.4084,90
fock_sup_loss_ch_eta0p95_pn0p05_Nt8_ns2,fock_sup,loss_ch,0.95,0.05,8,2,60,34.324,8.00001,true,-34.324,,,34.324,90
fock_sup_loss_ch_eta0p95_pn0p05_Nt8_ns3,fock_sup,loss_ch,0.95,0.05,8,3,60,36.9196,8,true,-36.9196,,,36.9196,90
fock_sup_loss_ch_eta0p95_pn0p05_Nt8_ns4,fock_sup,loss_ch,0.95,0.05,8,4,60,36.9909,8.00001,true,-36.9909,,,36.9909,90
fock_sup_loss_ch_eta0p95_pn0p05_Nt8_ns5,fock_sup,loss_ch,0.95,0.05,8,5,60,37.0868,8,true,-37.0868,,,37.0868,90
fock_sup_loss_ch_eta0p95_pn0p05_Nt10_ns1,fock_sup,loss_ch,0.95,0.05,10,1,60,36.0616,10,true,-36.0616,,,36.0616,90
fock_sup_loss_ch_eta0p95_pn0p05_Nt10_ns2,fock_sup,loss_ch,0.95,0.05,10,2,60,37.26,9.99997,true,-37.26,,,37.26,90
fock_sup_loss_ch_eta0p95_pn0p05_Nt10_ns3,fock_sup,loss_ch,0.95,0.05,10,3,60,38.6863,10,true,-38.6863,,,38.6863,90
fock_sup_loss_ch_eta0p95_pn0p05_Nt13_ns1,fock_sup,loss_ch,0.95,0.05,13,1,60,38.6425,13,true,-38.6425,,,38.6425,90
fock_sup_loss_ch_eta0p95_pn0p05_Nt13_ns2,fock_sup,loss_ch,0.95,0.05,13,2,60,40.187,13,true,-40.187,,,40.187,90
fock_sup_loss_ch_eta0p95_pn0p05_Nt13_ns3,fock_sup,loss_ch,0.95,0.05,13,3,60,40.4434,13,true,-40.4434,,,40.4434,90
fock_sup_loss_ch_eta0p95_pn0p05_Nt13_ns4,fock_sup,loss_ch,0.95,0.05,13,4,60,40.8583,13,true,-40.8583,,,40.8583,90
fock_sup_loss_ch_eta0p95_pn0p05_Nt13_ns5,fock_sup,loss_ch,0.95,0.05,13,5,60,40.9641,13,true,-40.9641,,,40.9641,90
fock_sup_loss_ch_eta0p95_pn0p05_Nt20_ns1,fock_sup,loss_ch,0.95,0.05,20,1,90,41.2974,20,true,-41.2974,,,41.2974,135
fock_sup_loss_ch_eta0p95_pn0p05_Nt20_ns2,fock_sup,loss_ch,0.95,0.05,20,2,90,43.2273,20,true,-43.2273,,,43.2273,135
fock_sup_loss_ch_eta0p95_pn0p05_Nt20_ns3,fock_sup,loss_ch,0.95,0.05,20,3,200,43.7776,19.9999,true,-43.7776,,,43.7776,300
fock_sup_loss_ch_eta0p95_pn0p05_Nt20_ns4,fock_sup,loss_ch,0.95,0.05,20,4,90,44.0306,20,true,-44.0306,,,44.0306,135
fock_sup_loss_ch_eta0p95_pn0p05_Nt20_ns5,fock_sup,loss_ch,0.95,0.05,20,5,200,43.9844,20,true,-43.9844,,,43.9844,300
fock_sup_loss_ch_eta0p95_pn0p05_Nt30_ns1,fock_sup,loss_ch,0.95,0.05,30,1,150,39.751,15,true,-39.751,,,39.751,225
fock_sup_loss_ch_eta0p95_pn0p05_Nt50_ns1,fock_sup,loss_ch,0.95,0.05,50,1,150,42.1153,32,true,-42.1153,,,42.1153,225
fock_sup_loss_ch_eta0p95_pn0p05_Nt80_ns1,fock_sup,loss_ch,0.95,0.05,80,1,250,42.1153,32,true,-42.1153,,,42.1153,375
fock_sup_loss_ch_eta0p95_pn0p1_Nt0p5_ns1,fock_sup,loss_ch,0.95,0.1,0.5,1,60,3.89893,0,true,-3.89893,,,3.89893,90
fock_sup_loss_ch_eta0p95_pn0p1_Nt0p5_ns2,fock_sup,loss_ch,0.95,0.1,0.5,2,60,11.1282,0.500041,true,-11.128,,,11.1282,90
fock_sup_loss_ch_eta0p95_pn0p1_Nt0p5_ns3,fock_sup,loss_ch,0.95,0.1,0.5,3,60,11.1282,0.500041,true,-11.128,,,11.1282,90
fock_sup_loss_ch_eta0p95_pn0p1_Nt0p5_ns4,fock_sup,loss_ch,0.95,0.1,0.5,4,50,12.074,0.500053,true,-12.0737,,,12.074,75
fock_sup_loss_ch_eta0p95_pn0p1_Nt0p5_ns5,fock_sup,loss_ch,0.95,0.1,0.5,5,50,12.074,0.500053,true,-12.0737,,,12.074,75
fock_sup_loss_ch_eta0p95_pn0p1_Nt1_ns1,fock_sup,loss_ch,0.95,0.1,1,1,60,10.5661,1,true,-10.5661,,,10.5661,90
fock_sup_loss_ch_eta0p95_pn0p1_Nt1_ns2,fock_sup,loss_ch,0.95,0.1,1,2,60,14.3919,1.00003,true,-14.3918,,,14.3919,90
fock_sup_loss_ch_eta0p95_pn0p1_Nt1_ns3,fock_sup,loss_ch,0.95,0.1,1,3,60,16.6013,1.00004,true,-16.6011,,,16.6013,90
fock_sup_loss_ch_eta0p95_pn0p1_Nt1_ns4,fock_sup,loss_ch,0.95,0.1,1,4,50,16.6013,1.00004,true,-16.6011,,,16.6013,75
fock_sup_loss_ch_eta0p95_pn0p1_Nt1_ns5,fock_sup,loss_ch,0.95,0.1,1,5,50,16.953,1.00004,true,-16.9528,,,16.953,75
fock_sup_loss_ch_eta0p95_pn0p1_Nt2_ns1,fock_sup,loss_ch,0.95,0.1,2,1,60,15.9959,2,true,-15.9959,,,15.9959,90
fock_sup_loss_ch_eta0p95_pn0p1_Nt2_ns2,fock_sup,loss_ch,0.95,0.1,2,2,60,20.8665,2.00002,true,-20.8665,,,20.8665,90
fock_sup_loss_ch_eta0p95_pn0p1_Nt2_ns3,fock_sup,loss_ch,0.95,0.1,2,3,60,22.8521,2.00003,true,-22.852,,,22.8521,90
fock_sup_loss_ch_eta0p95_pn0p1_Nt2_ns4,fock_sup,loss_ch,0.95,0.1,2,4,50,22.8521,2.00003,true,-22.852,,,22.8521,75
fock_sup_loss_ch_eta0p95_pn0p1_Nt2_ns5,fock_sup,loss_ch,0.95,0.1,2,5,50,22.8521,2.00003,true,-22.852,,,22.8521,75
fock_sup_loss_ch_eta0p95_pn0p1_Nt3_ns1,fock_sup,loss_ch,0.95,0.1,3,1,60,20.4397,3,true,-20.4397,,,20.4397,90
fock_sup_loss_ch_eta0p95_pn0p1_Nt3_ns2,fock_sup,loss_ch,0.95,0.1,3,2,60,25.3345,3.00001,true,-25.3345,,,25.3345,90
fock_sup_loss_ch_eta0p95_pn0p1_Nt3_ns3,fock_sup,loss_ch,0.95,0.1,3,3,60,26.7297,3.00001,true,-26.7297,,,26.7297,90
fock_sup_loss_ch_eta0p95_pn0p1_Nt5_ns1,fock_sup,loss_ch,0.95,0.1,5,1,120,27.1074,5,true,-27.1074,,,27.1074,180
fock_sup_loss_ch_eta0p95_pn0p1_Nt5_ns2,fock_sup,loss_ch,0.95,0.1,5,2,120,30.3822,5,true,-30.3822,,,30.3822,180
fock_sup_loss_ch_eta0p95_pn0p1_Nt5_ns3,fock_sup,loss_ch,0.95,0.1,5,3,120,31.2458,5.00001,true,-31.2458,,,31.2458,180
fock_sup_loss_ch_eta0p95_pn0p1_Nt5_ns4,fock_sup,loss_ch,0.95,0.1,5,4,120,31.349,5.00001,true,-31.349,,,31.349,180
fock_sup_loss_ch_eta0p95_pn0p1_Nt5_ns5,fock_sup,loss_ch,0.95,0.1,5,5,120,31.4759,5.00001,true,-31.4759,,,31.4759,180
fock_sup_loss_ch_eta0p95_pn0p1_Nt8_ns1,fock_sup,loss_ch,0.95,0.1,8,1,60,33.4084,8,true,-33.4084,,,33.4084,90
fock_sup_loss_ch_eta0p95_pn0p1_Nt8_ns2,fock_sup,loss_ch,0.95,0.1,8,2,60,33.9541,7.94119,true,-33.9541,,,33.9541,90
fock_sup_loss_ch_eta0p95_pn0p1_Nt8_ns3,fock_sup,loss_ch,0.95,0.1,8,3,60,35.0551,8,true,-35.0551,,,35.0551,90
fock_sup_loss_ch_eta0p95_pn0p1_Nt10_ns1,fock_sup,loss_ch,0.95,0.1,10,1,60,36.0616,10,true,-36.0616,,,36.0616,90
fock_sup_loss_ch_eta0p95_pn0p1_Nt10_ns2,fock_sup,loss_ch,0.95,0.1,10,2,60,36.3947,10,true,-36.3947,,,36.3947,90
fock_sup_loss_ch_eta0p95_pn0p1_Nt10_ns3,fock_sup,loss_ch,0.95,0.1,10,3,60,36.7845,10,true,-36.7845,,,36.7845,90
fock_sup_loss_ch_eta0p95_pn0p1_Nt20_ns1,fock_sup,loss_ch,0.95,0.1,20,1,200,41.2974,20,true,-41.2974,,,41.2974,300
fock_sup_loss_ch_eta0p95_pn0p1_Nt20_ns2,fock_sup,loss_ch,0.95,0.1,20,2,200,42.5685,19.9249,true,-42.5685,,,42.5685,300
fock_sup_loss_ch_eta0p95_pn0p1_Nt20_ns3,fock_sup,loss_ch,0.95,0.1,20,3,200,42.5122,20,true,-42.5122,,,42.5122,300
fock_sup_loss_ch_eta0p95_pn0p1_Nt20_ns4,fock_sup,loss_ch,0.95,0.1,20,4,200,42.5822,20,true,-42.5822,,,42.5822,300
fock_sup_loss_ch_eta0p95_pn0p1_Nt20_ns5,fock_sup,loss_ch,0.95,0.1,20,5,200,42.7173,20,true,-42.7173,,,42.7173,300
fock_sup_loss_ch_eta0p95_pn0p15_Nt1_ns1,fock_sup,loss_ch,0.95,0.15,1,1,40,10.5661,1,true,-10.5661,,,10.5661,60
fock_sup_loss_ch_eta0p95_pn0p15_Nt1_ns2,fock_sup,loss_ch,0.95,0.15,1,2,40,14.2549,1,true,-14.2549,,,14.2549,60
fock_sup_loss_ch_eta0p95_pn0p15_Nt1_ns3,fock_sup,loss_ch,0.95,0.15,1,3,40,16.2244,1,true,-16.2244,,,16.2244,60
fock_sup_loss_ch_eta0p95_pn0p15_Nt1_ns4,fock_sup,loss_ch,0.95,0.15,1,4,40,16.2244,1,true,-16.2244,,,16.2244,60
fock_sup_loss_ch_eta0p95_pn0p15_Nt1_ns5,fock_sup,loss_ch,0.95,0.15,1,5,40,16.4456,1,true,-16.4456,,,16.4456,60
fock_sup_loss_ch_eta0p95_pn0p15_Nt5_ns1,fock_sup,loss_ch,0.95,0.15,5,1,40,27.1074,5,true,-27.1074,,,27.1074,60
fock_sup_loss_ch_eta0p95_pn0p15_Nt5_ns2,fock_sup,loss_ch,0.95,0.15,5,2,40,30.0495,5,true,-30.0495,,,30.0495,60
fock_sup_loss_ch_eta0p95_pn0p15_Nt5_ns3,fock_sup,loss_ch,0.95,0.15,5,3,120,30.8757,5.00001,true,-30.8756,,,30.8757,180
fock_sup_loss_ch_eta0p95_pn0p15_Nt5_ns4,fock_sup,loss_ch,0.95,0.15,5,4,120,30.8756,5,true,-30.8756,,,30.8756,180
fock_sup_loss_ch_eta0p95_pn0p15_Nt5_ns5,fock_sup,loss_ch,0.95,0.15,5,5,40,30.8843,5,true,-30.8843,,,30.8843,60
fock_sup_loss_ch_eta0p95_pn0p2_Nt0p5_ns1,fock_sup,loss_ch,0.95,0.2,0.5,1,60,3.89893,0,true,-3.89893,,,3.89893,90
fock_sup_loss_ch_eta0p95_pn0p2_Nt0p5_ns2,fock_sup,loss_ch,0.95,0.2,0.5,2,60,10.8099,0.50004,true,-10.8098,,,10.8099,90
fock_sup_loss_ch_eta0p95_pn0p2_Nt0p5_ns3,fock_sup,loss_ch,0.95,0.2,0.5,3,60,11.5115,0.50005,true,-11.5113,,,11.5115,90
fock_sup_loss_ch_eta0p95_pn0p2_Nt0p5_ns4,fock_sup,loss_ch,0.95,0.2,0.5,4,50,11.5115,0.50005,true,-11.5113,,,11.5115,75
fock_sup_loss_ch_eta0p95_pn0p2_Nt0p5_ns5,fock_sup,loss_ch,0.95,0.2,0.5,5,50,11.5115,0.50005,true,-11.5113,,,11.5115,75
fock_sup_loss_ch_eta0p95_pn0p2_Nt1_ns1,fock_sup,loss_ch,0.95,0.2,1,1,60,10.5661,1,true,-10.5661,,,10.5661,90
fock_sup_loss_ch_eta0p95_pn0p2_Nt1_ns2,fock_sup,loss_ch,0.95,0.2,1,2,60,14.074,1.00003,true,-14.0739,,,14.074,90
fock_sup_loss_ch_eta0p95_pn0p2_Nt1_ns3,fock_sup,loss_ch,0.95,0.2,1,3,60,14.074,1.00003,true,-14.0739,,,14.074,90
fock_sup_loss_ch_eta0p95_pn0p2_Nt1_ns4,fock_sup,loss_ch,0.95,0.2,1,4,50,15.8325,1.00004,true,-15.8323,,,15.8325,75
fock_sup_loss_ch_eta0p95_pn0p2_Nt1_ns5,fock_sup,loss_ch,0.95,0.2,1,5,50,15.8325,1.00004,true,-15.8323,,,15.8325,75
fock_sup_loss_ch_eta0p95_pn0p2_Nt2_ns1,fock_sup,loss_ch,0.95,0.2,2,1,60,15.9959,2,true,-15.9959,,,15.9959,90
fock_sup_loss_ch_eta0p95_pn0p2_Nt2_ns2,fock_sup,loss_ch,0.95,0.2,2,2,60,20.4398,2.00002,true,-20.4398,,,20.4398,90
fock_sup_loss_ch_eta0p95_pn0p2_Nt2_ns3,fock_sup,loss_ch,0.95,0.2,2,3,60,22.1072,2.00003,true,-22.1071,,,22.1072,90
fock_sup_loss_ch_eta0p95_pn0p2_Nt2_ns4,fock_sup,loss_ch,0.95,0.2,2,4,50,22.4159,2.00003,true,-22.4158,,,22.4159,75
fock_sup_loss_ch_eta0p95_pn0p2_Nt2_ns5,fock_sup,loss_ch,0.95,0.2,2,5,50,22.2628,2.00003,true,-22.2627,,,22.2628,75
fock_sup_loss_ch_eta0p95_pn0p2_Nt3_ns1,fock_sup,loss_ch,0.95,0.2,3,1,60,20.4397,3,true,-20.4397,,,20.4397,90
fock_sup_loss_ch_eta0p95_pn0p2_Nt3_ns2,fock_sup,loss_ch,0.95,0.2,3,2,60,24.7881,3.00001,true,-24.7881,,,24.7881,90
fock_sup_loss_ch_eta0p95_pn0p2_Nt3_ns3,fock_sup,loss_ch,0.95,0.2,3,3,60,25.965,3.00001,true,-25.9649,,,25.965,90
fock_sup_loss_ch_eta0p95_pn0p2_Nt5_ns1,fock_sup,loss_ch,0.95,0.2,5,1,60,27.1074,5,true,-27.1074,,,27.1074,90
fock_sup_loss_ch_eta0p95_pn0p2_Nt5_ns2,fock_sup,loss_ch,0.95,0.2,5,2,60,29.623,5,true,-29.623,,,29.623,90
fock_sup_loss_ch_eta0p95_pn0p2_Nt5_ns3,fock_sup,loss_ch,0.95,0.2,5,3,120,30.393,5.00001,true,-30.393,,,30.393,180
fock_sup_loss_ch_eta0p95_pn0p2_Nt5_ns4,fock_sup,loss_ch,0.95,0.2,5,4,120,30.393,5.00001,true,-30.393,,,30.393,180
fock_sup_loss_ch_eta0p95_pn0p2_Nt5_ns5,fock_sup,loss_ch,0.95,0.2,5,5,120,30.393,5.00001,true,-30.393,,,30.393,180
fock_sup_loss_ch_eta0p95_pn0p2_Nt8_ns1,fock_sup,loss_ch,0.95,0.2,8,1,60,33.4084,8,true,-33.4084,,,33.4084,90
fock_sup_loss_ch_eta0p95_pn0p2_Nt8_ns2,fock_sup,loss_ch,0.95,0.2,8,2,60,33.7969,7.96741,true,-33.7969,,,33.7969,90
fock_sup_loss_ch_eta0p95_pn0p2_Nt8_ns3,fock_sup,loss_ch,0.95,0.2,8,3,60,34.4123,8.00001,true,-34.4123,,,34.4123,90
fock_sup_loss_ch_eta0p95_pn0p2_Nt10_ns1,fock_sup,loss_ch,0.95,0.2,10,1,60,36.0616,10,true,-36.0616,,,36.0616,90
fock_sup_loss_ch_eta0p95_pn0p2_Nt10_ns2,fock_sup,loss_ch,0.95,0.2,10,2,60,36.1434,9.99429,true,-36.1434,,,36.1434,90
fock_sup_loss_ch_eta0p95_pn0p2_Nt10_ns3,fock_sup,loss_ch,0.95,0.2,10,3,60,36.4188,10,true,-36.4188,,,36.4188,90
fock_sup_loss_ch_eta0p95_pn0p2_Nt10_ns4,fock_sup,loss_ch,0.95,0.2,10,4,60,36.2958,10,true,-36.2958,,,36.2958,90
fock_sup_loss_ch_eta0p95_pn0p2_Nt10_ns5,fock_sup,loss_ch,0.95,0.2,10,5,60,36.1446,9.99402,true,-36.1446,,,36.1446,90
fock_sup_loss_ch_eta0p95_pn0p25_Nt5_ns1,fock_sup,loss_ch,0.95,0.25,5,1,40,27.1074,5,true,-27.1074,,,27.1074,60
fock_sup_loss_ch_eta0p95_pn0p25_Nt5_ns2,fock_sup,loss_ch,0.95,0.25,5,2,40,29.123,5,true,-29.123,,,29.123,60
fock_sup_loss_ch_eta0p95_pn0p25_Nt5_ns3,fock_sup,loss_ch,0.95,0.25,5,3,40,29.504,5.00001,true,-29.504,,,29.504,60
fock_sup_loss_ch_eta0p95_pn0p25_Nt5_ns4,fock_sup,loss_ch,0.95,0.25,5,4,40,29.9998,5,true,-29.9998,,,29.9998,60
fock_sup_loss_ch_eta0p95_pn0p25_Nt5_ns5,fock_sup,loss_ch,0.95,0.25,5,5,40,29.9998,5,true,-29.9998,,,29.9998,60
fock_sup_loss_ch_eta0p95_pn0p3_Nt5_ns1,fock_sup,loss_ch,0.95,0.3,5,1,60,27.1074,5,true,-27.1074,,,27.1074,60
fock_sup_loss_ch_eta0p95_pn0p3_Nt5_ns2,fock_sup,loss_ch,0.95,0.3,5,2,60,28.5681,5,true,-28.5681,,,28.5681,60
fock_sup_loss_ch_eta0p95_pn0p3_Nt5_ns3,fock_sup,loss_ch,0.95,0.3,5,3,60,29.2081,5.00001,true,-29.2081,,,29.2081,60
fock_sup_loss_ch_eta0p95_pn0p3_Nt5_ns4,fock_sup,loss_ch,0.95,0.3,5,4,60,29.2081,5,true,-29.2081,,,29.2081,90
fock_sup_loss_ch_eta0p95_pn0p3_Nt5_ns5,fock_sup,loss_ch,0.95,0.3,5,5,60,29.1875,5,true,-29.1875,,,29.1875,90
fock_sup_loss_ch_eta0p95_pn0p35_Nt5_ns1,fock_sup,loss_ch,0.95,0.35,5,1,40,27.1074,5,true,-27.1074,,,27.1074,60
fock_sup_loss_ch_eta0p95_pn0p35_Nt5_ns2,fock_sup,loss_ch,0.95,0.35,5,2,40,28.0173,4.67683,true,-28.0173,,,28.0173,60
fock_sup_loss_ch_eta0p95_pn0p35_Nt5_ns3,fock_sup,loss_ch,0.95,0.35,5,3,40,28.7297,5.00001,true,-28.7297,,,28.7297,60
fock_sup_loss_ch_eta0p95_pn0p35_Nt5_ns4,fock_sup,loss_ch,0.95,0.35,5,4,40,28.7297,5,true,-28.7297,,,28.7297,60
fock_sup_loss_ch_eta0p95_pn0p35_Nt5_ns5,fock_sup,loss_ch,0.95,0.35,5,5,40,28.7252,5,true,-28.7252,,,28.7252,60
fock_sup_loss_ch_eta0p95_pn0p4_Nt5_ns1,fock_sup,loss_ch,0.95,0.4,5,1,60,27.1074,5,true,-27.1074,,,27.1074,60
fock_sup_loss_ch_eta0p95_pn0p4_Nt5_ns2,fock_sup,loss_ch,0.95,0.4,5,2,60,27.5578,4.966,true,-27.5578,,,27.5578,60
fock_sup_loss_ch_eta0p95_pn0p4_Nt5_ns3,fock_sup,loss_ch,0.95,0.4,5,3,60,28.3128,5.00001,true,-28.3127,,,28.3128,60
fock_sup_loss_ch_eta0p95_pn0p4_Nt5_ns4,fock_sup,loss_ch,0.95,0.4,5,4,60,28.5629,5,true,-28.5629,,,28.5629,90
fock_sup_loss_ch_eta0p95_pn0p4_Nt5_ns5,fock_sup,loss_ch,0.95,0.4,5,5,60,28.4044,5,true,-28.4044,,,28.4044,90
fock_sup_loss_ch_eta0p95_pn0p45_Nt5_ns1,fock_sup,loss_ch,0.95,0.45,5,1,40,27.1074,5,true,-27.1074,,,27.1074,60
fock_sup_loss_ch_eta0p95_pn0p45_Nt5_ns2,fock_sup,loss_ch,0.95,0.45,5,2,40,27.1074,5,true,-27.1074,,,27.1074,60
fock_sup_loss_ch_eta0p95_pn0p45_Nt5_ns3,fock_sup,loss_ch,0.95,0.45,5,3,40,27.4491,4.97743,true,-27.4491,,,27.4491,60
fock_sup_loss_ch_eta0p95_pn0p45_Nt5_ns4,fock_sup,loss_ch,0.95,0.45,5,4,40,27.9317,5,true,-27.9317,,,27.9317,60
fock_sup_loss_ch_eta0p95_pn0p45_Nt5_ns5,fock_sup,loss_ch,0.95,0.45,5,5,40,28.146,5,true,-28.146,,,28.146,60
fock_sup_loss_ch_eta0p95_pn0p5_Nt0p5_ns1,fock_sup,loss_ch,0.95,0.5,0.5,1,60,3.89893,0,true,-3.89893,,,3.89893,90
fock_sup_loss_ch_eta0p95_pn0p5_Nt0p5_ns2,fock_sup,loss_ch,0.95,0.5,0.5,2,60,9.3169,0.500036,true,-9.31678,,,9.3169,90
fock_sup_loss_ch_eta0p95_pn0p5_Nt0p5_ns3,fock_sup,loss_ch,0.95,0.5,0.5,3,60,9.645,0.50004,true,-9.64484,,,9.645,90
fock_sup_loss_ch_eta0p95_pn0p5_Nt1_ns1,fock_sup,loss_ch,0.95,0.5,1,1,60,10.5661,1,true,-10.5661,,,10.5661,90
fock_sup_loss_ch_eta0p95_pn0p5_Nt1_ns2,fock_sup,loss_ch,0.95,0.5,1,2,60,12.406,1.00003,true,-12.4059,,,12.406,90
fock_sup_loss_ch_eta0p95_pn0p5_Nt1_ns3,fock_sup,loss_ch,0.95,0.5,1,3,60,13.2538,1.00003,true,-13.2537,,,13.2538,90
fock_sup_loss_ch_eta0p95_pn0p5_Nt2_ns1,fock_sup,loss_ch,0.95,0.5,2,1,60,15.9959,2,true,-15.9959,,,15.9959,90
fock_sup_loss_ch_eta0p95_pn0p5_Nt2_ns2,fock_sup,loss_ch,0.95,0.5,2,2,60,18.1077,2.00002,true,-18.1077,,,18.1077,90
fock_sup_loss_ch_eta0p95_pn0p5_Nt2_ns3,fock_sup,loss_ch,0.95,0.5,2,3,60,18.1077,2.00002,true,-18.1077,,,18.1077,90
fock_sup_loss_ch_eta0p95_pn0p5_Nt3_ns1,fock_sup,loss_ch,0.95,0.5,3,1,60,20.4397,3,true,-20.4397,,,20.4397,90
fock_sup_loss_ch_eta0p95_pn0p5_Nt3_ns2,fock_sup,loss_ch,0.95,0.5,3,2,60,21.9632,3.00001,true,-21.9632,,,21.9632,90
fock_sup_loss_ch_eta0p95_pn0p5_Nt3_ns3,fock_sup,loss_ch,0.95,0.5,3,3,60,22.7267,3.00001,true,-22.7266,,,22.7267,90
fock_sup_loss_ch_eta0p95_pn0p5_Nt5_ns1,fock_sup,loss_ch,0.95,0.5,5,1,120,27.1074,5,true,-27.1074,,,27.1074,180
fock_sup_loss_ch_eta0p95_pn0p5_Nt5_ns2,fock_sup,loss_ch,0.95,0.5,5,2,120,27.3656,4.98474,true,-27.3656,,,27.3656,180
fock_sup_loss_ch_eta0p95_pn0p5_Nt5_ns3,fock_sup,loss_ch,0.95,0.5,5,3,120,27.1074,5,true,-27.1074,,,27.1074,180
fock_sup_loss_ch_eta0p95_pn0p5_Nt5_ns4,fock_sup,loss_ch,0.95,0.5,5,4,120,28.1124,5,true,-28.1124,,,28.1124,180
fock_sup_loss_ch_eta0p95_pn0p5_Nt5_ns5,fock_sup,loss_ch,0.95,0.5,5,5,120,28.2115,5,true,-28.2115,,,28.2115,180
fock_sup_loss_ch_eta0p95_pn0p5_Nt8_ns1,fock_sup,loss_ch,0.95,0.5,8,1,60,33.4084,8,true,-33.4084,,,33.4084,90
fock_sup_loss_ch_eta0p95_pn0p5_Nt8_ns2,fock_sup,loss_ch,0.95,0.5,8,2,60,33.4084,8,true,-33.4084,,,33.4084,90
fock_sup_loss_ch_eta0p95_pn0p5_Nt8_ns3,fock_sup,loss_ch,0.95,0.5,8,3,60,33.4986,7.9961,true,-33.4986,,,33.4986,90
fock_sup_loss_ch_eta0p95_pn0p5_Nt10_ns1,fock_sup,loss_ch,0.95,0.5,10,1,60,36.0616,10,true,-36.0616,,,36.0616,90
fock_sup_loss_ch_eta0p95_pn0p5_Nt10_ns2,fock_sup,loss_ch,0.95,0.5,10,2,60,36.0616,10,true,-36.0616,,,36.0616,90
fock_sup_loss_ch_eta0p95_pn0p5_Nt10_ns3,fock_sup,loss_ch,0.95,0.5,10,3,60,36.0616,10,true,-36.0616,,,36.0616,90
fock_sup_loss_ch_eta0p999_pn0_Nt1_ns1,fock_sup,loss_ch,0.999,0,1,1,40,11.97,1,true,-11.97,,,11.97,60
fock_sup_loss_ch_eta0p999_pn0_Nt1_ns2,fock_sup,loss_ch,0.999,0,1,2,40,17.5879,1,true,-17.5879,,,17.5879,60
fock_sup_loss_ch_eta0p999_pn0_Nt1_ns3,fock_sup,loss_ch,0.999,0,1,3,40,17.5879,1,true,-17.5879,,,17.5879,60
fock_sup_loss_ch_eta0p999_pn0_Nt1_ns4,fock_sup,loss_ch,0.999,0,1,4,40,21.5134,1.00001,true,-21.5134,,,21.5134,60
fock_sup_loss_ch_eta0p999_pn0_Nt1_ns5,fock_sup,loss_ch,0.999,0,1,5,40,22.5738,1.00001,true,-22.5738,,,22.5738,60
fock_sup_loss_ch_eta0p999_pn0_Nt5_ns1,fock_sup,loss_ch,0.999,0,5,1,120,43.5412,5,true,-43.5412,,,43.5412,180
fock_sup_loss_ch_eta0p999_pn0_Nt5_ns2,fock_sup,loss_ch,0.999,0,5,2,120,64.8653,5.00004,true,-64.8651,,,64.8653,180
fock_sup_loss_ch_eta0p999_pn0_Nt5_ns3,fock_sup,loss_ch,0.999,0,5,3,120,73.6246,5.00005,true,-73.6244,,,73.6246,180
fock_sup_loss_ch_eta0p999_pn0_Nt5_ns4,fock_sup,loss_ch,0.999,0,5,4,120,77.9172,5.00001,true,-77.9172,,,77.9172,180
fock_sup_loss_ch_eta0p999_pn0_Nt5_ns5,fock_sup,loss_ch,0.999,0,5,5,120,78.1362,5.00001,true,-78.1361,,,78.1362,180
fock_sup_loss_ch_eta0p999_pn0p05_Nt0p5_ns1,fock_sup,loss_ch,0.999,0.05,0.5,1,62,3.998,0,true,-3.998,,,3.998,93
fock_sup_loss_ch_eta0p999_pn0p05_Nt0p5_ns2,fock_sup,loss_ch,0.999,0.05,0.5,2,62,12.8362,0.500006,true,-12.8362,,,12.8362,93
fock_sup_loss_ch_eta0p999_pn0p05_Nt0p5_ns3,fock_sup,loss_ch,0.999,0.05,0.5,3,62,12.8362,0.500006,true,-12.8362,,,12.8362,93
fock_sup_loss_ch_eta0p999_pn0p05_Nt0p5_ns4,fock_sup,loss_ch,0.999,0.05,0.5,4,62,14.3595,0.500008,true,-14.3595,,,14.3595,93
fock_sup_loss_ch_eta0p999_pn0p05_Nt0p5_ns5,fock_sup,loss_ch,0.999,0.05,0.5,5,62,14.6809,0.500008,true,-14.6808,,,14.6809,93
fock_sup_loss_ch_eta0p999_pn0p05_Nt1_ns1,fock_sup,loss_ch,0.999,0.05,1,1,63,11.97,1,true,-11.97,,,11.97,95
fock_sup_loss_ch_eta0p999_pn0p05_Nt1_ns2,fock_sup,loss_ch,0.999,0.05,1,2,63,17.5587,1,true,-17.5587,,,17.5587,95
fock_sup_loss_ch_eta0p999_pn0p05_Nt1_ns3,fock_sup,loss_ch,0.999,0.05,1,3,63,21.4439,1.00001,true,-21.4438,,,21.4439,95
fock_sup_loss_ch_eta0p999_pn0p05_Nt1_ns4,fock_sup,loss_ch,0.999,0.05,1,4,63,21.4439,1.00001,true,-21.4438,,,21.4439,95
fock_sup_loss_ch_eta0p999_pn0p05_Nt1_ns5,fock_sup,loss_ch,0.999,0.05,1,5,63,18.6443,1.00001,true,-18.6442,,,18.6443,95
fock_sup_loss_ch_eta0p999_pn0p05_Nt2_ns1,fock_sup,loss_ch,0.999,0.05,2,1,66,19.9102,2,true,-19.9102,,,19.9102,99
fock_sup_loss_ch_eta0p999_pn0p05_Nt2_ns2,fock_sup,loss_ch,0.999,0.05,2,2,66,29.5426,2,true,-29.5425,,,29.5426,99
fock_sup_loss_ch_eta0p999_pn0p05_Nt2_ns3,fock_sup,loss_ch,0.999,0.05,2,3,66,34.2398,2.00001,true,-34.2398,,,34.2398,99
fock_sup_loss_ch_eta0p999_pn0p05_Nt2_ns4,fock_sup,loss_ch,0.999,0.05,2,4,66,34.2398,2.00001,true,-34.2398,,,34.2398,99
fock_sup_loss_ch_eta0p999_pn0p05_Nt5_ns1,fock_sup,loss_ch,0.999,0.05,5,1,120,43.5412,5,true,-43.5412,,,43.5412,180
fock_sup_loss_ch_eta0p999_pn0p05_Nt5_ns2,fock_sup,loss_ch,0.999,0.05,5,2,120,64.7418,5.00004,true,-64.7416,,,64.7418,180
fock_sup_loss_ch_eta0p999_pn0p05_Nt5_ns3,fock_sup,loss_ch,0.999,0.05,5,3,120,73.4673,5.00005,true,-73.467,,,73.4673,180
fock_sup_loss_ch_eta0p999_pn0p05_Nt5_ns4,fock_sup,loss_ch,0.999,0.05,5,4,120,74.3558,5,true,-74.3558,,,74.3558,180
fock_sup_loss_ch_eta0p999_pn0p05_Nt5_ns5,fock_sup,loss_ch,0.999,0.05,5,5,120,80.7129,5.00001,true,-80.7129,,,80.7129,180
fock_sup_loss_ch_eta0p999_pn0p05_Nt10_ns1,fock_sup,loss_ch,0.999,0.05,10,1,90,82.3025,10,true,-82.3025,,,82.3025,135
fock_sup_loss_ch_eta0p999_pn0p05_Nt10_ns2,fock_sup,loss_ch,0.999,0.05,10,2,90,121.859,10,true,-121.859,,,121.859,135
fock_sup_loss_ch_eta0p999_pn0p05_Nt10_ns3,fock_sup,loss_ch,0.999,0.05,10,3,90,138.016,10,true,-138.016,,,138.016,135
fock_sup_loss_ch_eta0p999_pn0p05_Nt10_ns4,fock_sup,loss_ch,0.999,0.05,10,4,90,138.016,10,true,-138.016,,,138.016,135
fock_sup_loss_ch_eta0p999_pn0p05_Nt10_ns5,fock_sup,loss_ch,0.999,0.05,10,5,90,144.622,10,true,-144.622,,,144.622,135
fock_sup_loss_ch_eta0p999_pn0p05_Nt20_ns1,fock_sup,loss_ch,0.999,0.05,20,1,90,157.548,20,true,-157.548,,,157.548,135
fock_sup_loss_ch_eta0p999_pn0p05_Nt20_ns2,fock_sup,loss_ch,0.999,0.05,20,2,90,230.976,20,true,-230.976,,,230.976,135
fock_sup_loss_ch_eta0p999_pn0p05_Nt20_ns3,fock_sup,loss_ch,0.999,0.05,20,3,90,260.457,20,true,-260.457,,,260.457,135
fock_sup_loss_ch_eta0p999_pn0p05_Nt30_ns1,fock_sup,loss_ch,0.999,0.05,30,1,120,229.869,30,true,-229.869,,,229.869,180
fock_sup_loss_ch_eta0p999_pn0p05_Nt30_ns2,fock_sup,loss_ch,0.999,0.05,30,2,120,333.656,30,true,-333.656,,,333.656,180
fock_sup_loss_ch_eta0p999_pn0p05_Nt30_ns3,fock_sup,loss_ch,0.999,0.05,30,3,120,364.58,29.2464,true,-364.58,,,364.58,180
fock_sup_loss_ch_eta0p999_pn0p05_Nt50_ns1,fock_sup,loss_ch,0.999,0.05,50,1,120,366.238,50,true,-366.238,,,366.238,180
fock_sup_loss_ch_eta0p999_pn0p05_Nt50_ns2,fock_sup,loss_ch,0.999,0.05,50,2,120,521.134,50,true,-521.134,,,521.134,180
fock_sup_loss_ch_eta0p999_pn0p05_Nt50_ns3,fock_sup,loss_ch,0.999,0.05,50,3,120,570.837,49.1423,true,-570.837,,,570.837,180
fock_sup_loss_ch_eta0p999_pn0p1_Nt0p5_ns1,fock_sup,loss_ch,0.999,0.1,0.5,1,62,3.998,0,true,-3.998,,,3.998,93
fock_sup_loss_ch_eta0p999_pn0p1_Nt0p5_ns2,fock_sup,loss_ch,0.999,0.1,0.5,2,62,12.7632,0.500006,true,-12.7631,,,12.7632,93
fock_sup_loss_ch_eta0p999_pn0p1_Nt0p5_ns3,fock_sup,loss_ch,0.999,0.1,0.5,3,62,12.7632,0.500006,true,-12.7631,,,12.7632,93
fock_sup_loss_ch_eta0p999_pn0p1_Nt0p5_ns4,fock_sup,loss_ch,0.999,0.1,0.5,4,62,14.2616,0.500008,true,-14.2615,,,14.2616,93
fock_sup_loss_ch_eta0p999_pn0p1_Nt0p5_ns5,fock_sup,loss_ch,0.999,0.1,0.5,5,62,14.2616,0.500008,true,-14.2615,,,14.2616,93
fock_sup_loss_ch_eta0p999_pn0p1_Nt1_ns1,fock_sup,loss_ch,0.999,0.1,1,1,63,11.97,1,true,-11.97,,,11.97,95
fock_sup_loss_ch_eta0p999_pn0p1_Nt1_ns2,fock_sup,loss_ch,0.999,0.1,1,2,63,17.4748,1,true,-17.4748,,,17.4748,95
fock_sup_loss_ch_eta0p999_pn0p1_Nt1_ns3,fock_sup,loss_ch,0.999,0.1,1,3,63,21.2978,1.00001,true,-21.2978,,,21.2978,95
fock_sup_loss_ch_eta0p999_pn0p1_Nt1_ns4,fock_sup,loss_ch,0.999,0.1,1,4,63,21.2978,1.00001,true,-21.2978,,,21.2978,95
fock_sup_loss_ch_eta0p999_pn0p1_Nt1_ns5,fock_sup,loss_ch,0.999,0.1,1,5,63,21.2978,1.00001,true,-21.2978,,,21.2978,95
fock_sup_loss_ch_eta0p999_pn0p1_Nt2_ns1,fock_sup,loss_ch,0.999,0.1,2,1,66,19.9102,2,true,-19.9102,,,19.9102,99
fock_sup_loss_ch_eta0p999_pn0p1_Nt2_ns2,fock_sup,loss_ch,0.999,0.1,2,2,66,29.398,2,true,-29.398,,,29.398,99
fock_sup_loss_ch_eta0p999_pn0p1_Nt2_ns3,fock_sup,loss_ch,0.999,0.1,2,3,66,33.2504,2.00001,true,-33.2503,,,33.2504,99
fock_sup_loss_ch_eta0p999_pn0p1_Nt2_ns4,fock_sup,loss_ch,0.999,0.1,2,4,66,34.0212,2.00001,true,-34.0211,,,34.0212,99
fock_sup_loss_ch_eta0p999_pn0p1_Nt5_ns1,fock_sup,loss_ch,0.999,0.1,5,1,120,43.5412,5,true,-43.5412,,,43.5412,180
fock_sup_loss_ch_eta0p999_pn0p1_Nt5_ns2,fock_sup,loss_ch,0.999,0.1,5,2,120,64.4068,5.00004,true,-64.4066,,,64.4068,180
fock_sup_loss_ch_eta0p999_pn0p1_Nt5_ns3,fock_sup,loss_ch,0.999,0.1,5,3,120,73.0122,5.00005,true,-73.0119,,,73.0122,180
fock_sup_loss_ch_eta0p999_pn0p1_Nt5_ns4,fock_sup,loss_ch,0.999,0.1,5,4,120,77.2226,5.00001,true,-77.2226,,,77.2226,180
fock_sup_loss_ch_eta0p999_pn0p1_Nt5_ns5,fock_sup,loss_ch,0.999,0.1,5,5,120,78.5407,5.00001,true,-78.5406,,,78.5407,180
fock_sup_loss_ch_eta0p999_pn0p1_Nt10_ns1,fock_sup,loss_ch,0.999,0.1,10,1,90,82.3025,10,true,-82.3025,,,82.3025,135
fock_sup_loss_ch_eta0p999_pn0p1_Nt10_ns2,fock_sup,loss_ch,0.999,0.1,10,2,90,121.174,10,true,-121.174,,,121.174,135
fock_sup_loss_ch_eta0p999_pn0p1_Nt10_ns3,fock_sup,loss_ch,0.999,0.1,10,3,90,137.112,10,true,-137.112,,,137.112,135
fock_sup_loss_ch_eta0p999_pn0p1_Nt20_ns1,fock_sup,loss_ch,0.999,0.1,20,1,90,157.548,20,true,-157.548,,,157.548,135
fock_sup_loss_ch_eta0p999_pn0p1_Nt20_ns2,fock_sup,loss_ch,0.999,0.1,20,2,90,229.549,20,true,-229.549,,,229.549,135
fock_sup_loss_ch_eta0p999_pn0p1_Nt20_ns3,fock_sup,loss_ch,0.999,0.1,20,3,90,258.555,20,true,-258.555,,,258.555,135
fock_sup_loss_ch_eta0p999_pn0p1_Nt30_ns1,fock_sup,loss_ch,0.999,0.1,30,1,120,229.869,30,true,-229.869,,,229.869,180
fock_sup_loss_ch_eta0p999_pn0p1_Nt30_ns2,fock_sup,loss_ch,0.999,0.1,30,2,120,331.485,30,true,-331.485,,,331.485,180
fock_sup_loss_ch_eta0p999_pn0p1_Nt30_ns3,fock_sup,loss_ch,0.999,0.1,30,3,120,371.653,30,true,-371.653,,,371.653,180
fock_sup_loss_ch_eta0p999_pn0p1_Nt50_ns1,fock_sup,loss_ch,0.999,0.1,50,1,120,366.238,50,true,-366.238,,,366.238,180
fock_sup_loss_ch_eta0p999_pn0p1_Nt50_ns2,fock_sup,loss_ch,0.999,0.1,50,2,120,517.54,50,true,-517.54,,,517.54,180
fock_sup_loss_ch_eta0p999_pn0p1_Nt50_ns3,fock_sup,loss_ch,0.999,0.1,50,3,120,574.954,50,true,-574.954,,,574.954,180
fock_sup_loss_ch_eta0p999_pn0p15_Nt1_ns1,fock_sup,loss_ch,0.999,0.15,1,1,40,11.97,1,true,-11.97,,,11.97,60
fock_sup_loss_ch_eta0p999_pn0p15_Nt1_ns2,fock_sup,loss_ch,0.999,0.15,1,2,40,17.338,1,true,-17.338,,,17.338,60
fock_sup_loss_ch_eta0p999_pn0p15_Nt1_ns3,fock_sup,loss_ch,0.999,0.15,1,3,40,21.0641,1.00001,true,-21.0641,,,21.0641,60
fock_sup_loss_ch_eta0p999_pn0p15_Nt1_ns4,fock_sup,loss_ch,0.999,0.15,1,4,40,21.0641,1.00001,true,-21.0641,,,21.0641,60
fock_sup_loss_ch_eta0p999_pn0p15_Nt1_ns5,fock_sup,loss_ch,0.999,0.15,1,5,40,22.0431,1.00001,true,-22.043,,,22.0431,60
fock_sup_loss_ch_eta0p999_pn0p15_Nt5_ns1,fock_sup,loss_ch,0.999,0.15,5,1,120,43.5412,5,true,-43.5412,,,43.5412,180
fock_sup_loss_ch_eta0p999_pn0p15_Nt5_ns2,fock_sup,loss_ch,0.999,0.15,5,2,120,63.8784,5.00004,true,-63.8783,,,63.8784,180
fock_sup_loss_ch_eta0p999_pn0p15_Nt5_ns3,fock_sup,loss_ch,0.999,0.15,5,3,120,72.2728,5.00005,true,-72.2725,,,72.2728,180
fock_sup_loss_ch_eta0p999_pn0p15_Nt5_ns4,fock_sup,loss_ch,0.999,0.15,5,4,120,73.122,5,true,-73.122,,,73.122,180
fock_sup_loss_ch_eta0p999_pn0p15_Nt5_ns5,fock_sup,loss_ch,0.999,0.15,5,5,120,79.2148,5.00001,true,-79.2148,,,79.2148,180
fock_sup_loss_ch_eta0p999_pn0p2_Nt0p5_ns1,fock_sup,loss_ch,0.999,0.2,0.5,1,62,3.998,0,true,-3.998,,,3.998,93
fock_sup_loss_ch_eta0p999_pn0p2_Nt0p5_ns2,fock_sup,loss_ch,0.999,0.2,0.5,2,62,12.4837,0.500005,true,-12.4837,,,12.4837,93
fock_sup_loss_ch_eta0p999_pn0p2_Nt0p5_ns3,fock_sup,loss_ch,0.999,0.2,0.5,3,62,13.8931,0.500007,true,-13.8931,,,13.8931,93
fock_sup_loss_ch_eta0p999_pn0p2_Nt0p5_ns4,fock_sup,loss_ch,0.999,0.2,0.5,4,62,12.4837,0.500005,true,-12.4837,,,12.4837,93
fock_sup_loss_ch_eta0p999_pn0p2_Nt0p5_ns5,fock_sup,loss_ch,0.999,0.2,0.5,5,62,14.1897,0.500008,true,-14.1897,,,14.1897,93
fock_sup_loss_ch_eta0p999_pn0p2_Nt1_ns1,fock_sup,loss_ch,0.999,0.2,1,1,63,11.97,1,true,-11.97,,,11.97,95
fock_sup_loss_ch_eta0p999_pn0p2_Nt1_ns2,fock_sup,loss_ch,0.999,0.2,1,2,63,17.1523,1,true,-17.1523,,,17.1523,95
fock_sup_loss_ch_eta0p999_pn0p2_Nt1_ns3,fock_sup,loss_ch,0.999,0.2,1,3,63,20.7481,1.00001,true,-20.7481,,,20.7481,95
fock_sup_loss_ch_eta0p999_pn0p2_Nt1_ns4,fock_sup,loss_ch,0.999,0.2,1,4,63,20.7481,1.00001,true,-20.7481,,,20.7481,95
fock_sup_loss_ch_eta0p999_pn0p2_Nt1_ns5,fock_sup,loss_ch,0.999,0.2,1,5,63,21.693,1.00001,true,-21.6929,,,21.693,95
fock_sup_loss_ch_eta0p999_pn0p2_Nt2_ns1,fock_sup,loss_ch,0.999,0.2,2,1,66,19.9102,2,true,-19.9102,,,19.9102,99
fock_sup_loss_ch_eta0p999_pn0p2_Nt2_ns2,fock_sup,loss_ch,0.999,0.2,2,2,66,28.8417,2,true,-28.8417,,,28.8417,99
fock_sup_loss_ch_eta0p999_pn0p2_Nt2_ns3,fock_sup,loss_ch,0.999,0.2,2,3,66,32.4632,2.00001,true,-32.4632,,,32.4632,99
fock_sup_loss_ch_eta0p999_pn0p2_Nt2_ns4,fock_sup,loss_ch,0.999,0.2,2,4,66,33.1913,2.00001,true,-33.1913,,,33.1913,99
fock_sup_loss_ch_eta0p999_pn0p2_Nt5_ns1,fock_sup,loss_ch,0.999,0.2,5,1,120,43.5412,5,true,-43.5412,,,43.5412,180
fock_sup_loss_ch_eta0p999_pn0p2_Nt5_ns2,fock_sup,loss_ch,0.999,0.2,5,2,120,63.1671,5.00004,true,-63.167,,,63.1671,180
fock_sup_loss_ch_eta0p999_pn0p2_Nt5_ns3,fock_sup,loss_ch,0.999,0.2,5,3,120,65.4229,5.00001,true,-65.4229,,,65.4229,180
fock_sup_loss_ch_eta0p999_pn0p2_Nt5_ns4,fock_sup,loss_ch,0.999,0.2,5,4,120,75.2279,5.00001,true,-75.2279,,,75.2279,180
fock_sup_loss_ch_eta0p999_pn0p2_Nt5_ns5,fock_sup,loss_ch,0.999,0.2,5,5,120,75.2279,5.00001,true,-75.2279,,,75.2279,180
fock_sup_loss_ch_eta0p999_pn0p2_Nt10_ns1,fock_sup,loss_ch,0.999,0.2,10,1,90,82.3025,10,true,-82.3025,,,82.3025,135
fock_sup_loss_ch_eta0p999_pn0p2_Nt10_ns2,fock_sup,loss_ch,0.999,0.2,10,2,60,118.782,10,true,-118.782,,,118.782,90
fock_sup_loss_ch_eta0p999_pn0p2_Nt10_ns3,fock_sup,loss_ch,0.999,0.2,10,3,90,133.809,10,true,-133.809,,,133.809,135
fock_sup_loss_ch_eta0p999_pn0p2_Nt10_ns4,fock_sup,loss_ch,0.999,0.2,10,4,90,140.024,10,true,-140.024,,,140.024,135
fock_sup_loss_ch_eta0p999_pn0p2_Nt20_ns1,fock_sup,loss_ch,0.999,0.2,20,1,90,157.548,20,true,-157.548,,,157.548,135
fock_sup_loss_ch_eta0p999_pn0p2_Nt20_ns2,fock_sup,loss_ch,0.999,0.2,20,2,200,224.766,20,true,-224.766,,,224.766,300
fock_sup_loss_ch_eta0p999_pn0p2_Nt20_ns3,fock_sup,loss_ch,0.999,0.2,20,3,90,252.122,20,true,-252.122,,,252.122,135
fock_sup_loss_ch_eta0p999_pn0p2_Nt20_ns4,fock_sup,loss_ch,0.999,0.2,20,4,200,251.497,20,true,-251.497,,,251.497,300
fock_sup_loss_ch_eta0p999_pn0p2_Nt30_ns1,fock_sup,loss_ch,0.999,0.2,30,1,120,229.869,30,true,-229.869,,,229.869,180
fock_sup_loss_ch_eta0p999_pn0p2_Nt30_ns2,fock_sup,loss_ch,0.999,0.2,30,2,120,324.261,30,true,-324.261,,,324.261,180
fock_sup_loss_ch_eta0p999_pn0p2_Nt30_ns3,fock_sup,loss_ch,0.999,0.2,30,3,120,362.068,30,true,-362.068,,,362.068,180
fock_sup_loss_ch_eta0p999_pn0p2_Nt50_ns1,fock_sup,loss_ch,0.999,0.2,50,1,120,366.238,50,true,-366.238,,,366.238,180
fock_sup_loss_ch_eta0p999_pn0p2_Nt50_ns2,fock_sup,loss_ch,0.999,0.2,50,2,120,505.509,49.9876,true,-505.509,,,505.509,180
fock_sup_loss_ch_eta0p999_pn0p2_Nt50_ns3,fock_sup,loss_ch,0.999,0.2,50,3,120,559.156,50,true,-559.156,,,559.156,180
fock_sup_loss_ch_eta0p999_pn0p25_Nt5_ns1,fock_sup,loss_ch,0.999,0.25,5,1,80,43.5412,5,true,-43.5412,,,43.5412,120
fock_sup_loss_ch_eta0p999_pn0p25_Nt5_ns2,fock_sup,loss_ch,0.999,0.25,5,2,80,62.2909,5.00004,true,-62.2907,,,62.2909,120
fock_sup_loss_ch_eta0p999_pn0p25_Nt5_ns3,fock_sup,loss_ch,0.999,0.25,5,3,40,70.0328,5.00005,true,-70.0325,,,70.0328,60
fock_sup_loss_ch_eta0p999_pn0p3_Nt5_ns1,fock_sup,loss_ch,0.999,0.3,5,1,80,43.5412,5,true,-43.5412,,,43.5412,120
fock_sup_loss_ch_eta0p999_pn0p3_Nt5_ns2,fock_sup,loss_ch,0.999,0.3,5,2,80,61.2731,5.00004,true,-61.273,,,61.2731,120
fock_sup_loss_ch_eta0p999_pn0p3_Nt5_ns3,fock_sup,loss_ch,0.999,0.3,5,3,80,68.5955,5.00005,true,-68.5953,,,68.5955,120
fock_sup_loss_ch_eta0p999_pn0p3_Nt5_ns4,fock_sup,loss_ch,0.999,0.3,5,4,80,72.3547,5.00001,true,-72.3546,,,72.3547,120
fock_sup_loss_ch_eta0p999_pn0p3_Nt5_ns5,fock_sup,loss_ch,0.999,0.3,5,5,80,71.5955,5.00001,true,-71.5955,,,71.5955,120
fock_sup_loss_ch_eta0p999_pn0p3_Nt20_ns1,fock_sup,loss_ch,0.999,0.3,20,1,200,157.548,20,true,-157.548,,,157.548,300
fock_sup_loss_ch_eta0p999_pn0p3_Nt20_ns2,fock_sup,loss_ch,0.999,0.3,20,2,200,217.898,20,true,-217.898,,,217.898,300
fock_sup_loss_ch_eta0p999_pn0p3_Nt20_ns3,fock_sup,loss_ch,0.999,0.3,20,3,200,213.579,20,true,-213.579,,,213.579,300
fock_sup_loss_ch_eta0p999_pn0p3_Nt20_ns4,fock_sup,loss_ch,0.999,0.3,20,4,200,254.814,20,true,-254.814,,,254.814,300
fock_sup_loss_ch_eta0p999_pn0p3_Nt20_ns5,fock_sup,loss_ch,0.999,0.3,20,5,200,254.238,20,true,-254.238,,,254.238,300
fock_sup_loss_ch_eta0p999_pn0p35_Nt5_ns1,fock_sup,loss_ch,0.999,0.35,5,1,40,43.5412,5,true,-43.5412,,,43.5412,60
fock_sup_loss_ch_eta0p999_pn0p35_Nt5_ns2,fock_sup,loss_ch,0.999,0.35,5,2,40,60.1408,5.00004,true,-60.1407,,,60.1408,60
fock_sup_loss_ch_eta0p999_pn0p35_Nt5_ns3,fock_sup,loss_ch,0.999,0.35,5,3,40,65.8063,5.00008,true,-65.8056,,,65.8063,60
fock_sup_loss_ch_eta0p999_pn0p4_Nt5_ns1,fock_sup,loss_ch,0.999,0.4,5,1,120,43.5412,5,true,-43.5412,,,43.5412,180
fock_sup_loss_ch_eta0p999_pn0p4_Nt5_ns2,fock_sup,loss_ch,0.999,0.4,5,2,120,58.9228,5.00004,true,-58.9227,,,58.9228,180
fock_sup_loss_ch_eta0p999_pn0p4_Nt5_ns3,fock_sup,loss_ch,0.999,0.4,5,3,120,65.2758,5.00005,true,-65.2756,,,65.2758,180
fock_sup_loss_ch_eta0p999_pn0p4_Nt5_ns4,fock_sup,loss_ch,0.999,0.4,5,4,80,68.5402,5.00001,true,-68.5402,,,68.5402,120
fock_sup_loss_ch_eta0p999_pn0p4_Nt5_ns5,fock_sup,loss_ch,0.999,0.4,5,5,80,68.3759,5.00001,true,-68.3758,,,68.3759,120
fock_sup_loss_ch_eta0p999_pn0p45_Nt5_ns1,fock_sup,loss_ch,0.999,0.45,5,1,80,43.5412,5,true,-43.5412,,,43.5412,120
fock_sup_loss_ch_eta0p999_pn0p45_Nt5_ns2,fock_sup,loss_ch,0.999,0.45,5,2,80,57.6487,5.00004,true,-57.6485,,,57.6487,120
fock_sup_loss_ch_eta0p999_pn0p45_Nt5_ns3,fock_sup,loss_ch,0.999,0.45,5,3,40,62.4762,5.00008,true,-62.4756,,,62.4762,60
fock_sup_loss_ch_eta0p999_pn0p5_Nt5_ns1,fock_sup,loss_ch,0.999,0.5,5,1,80,43.5412,5,true,-43.5412,,,43.5412,120
fock_sup_loss_ch_eta0p999_pn0p5_Nt5_ns2,fock_sup,loss_ch,0.999,0.5,5,2,80,56.3471,5.00004,true,-56.347,,,56.3471,120
fock_sup_loss_ch_eta0p999_pn0p5_Nt5_ns3,fock_sup,loss_ch,0.999,0.5,5,3,80,61.637,5.00005,true,-61.6368,,,61.637,120
fock_sup_loss_ch_eta0p999_pn0p5_Nt5_ns4,fock_sup,loss_ch,0.999,0.5,5,4,80,61.3795,5.00001,true,-61.3795,,,61.3795,120
fock_sup_loss_ch_eta0p999_pn0p5_Nt5_ns5,fock_sup,loss_ch,0.999,0.5,5,5,80,66.0015,5.00001,true,-66.0015,,,66.0015,120
fock_sup_loss_ch_eta0p99_pn0_Nt0p5_ns1,fock_sup,loss_ch,0.99,0,0.5,1,60,3.97996,0,true,-3.97996,,,3.97996,90
fock_sup_loss_ch_eta0p99_pn0_Nt0p5_ns2,fock_sup,loss_ch,0.99,0,0.5,2,60,12.553,0.500053,true,-12.5528,,,12.553,90
fock_sup_loss_ch_eta0p99_pn0_Nt0p5_ns3,fock_sup,loss_ch,0.99,0,0.5,3,60,14.0146,0.500072,true,-14.014,,,14.0146,90
fock_sup_loss_ch_eta0p99_pn0_Nt1_ns1,fock_sup,loss_ch,0.99,0,1,1,60,11.7027,1,true,-11.7027,,,11.7027,90
fock_sup_loss_ch_eta0p99_pn0_Nt1_ns2,fock_sup,loss_ch,0.99,0,1,2,60,16.9788,1.00004,true,-16.9786,,,16.9788,90
fock_sup_loss_ch_eta0p99_pn0_Nt1_ns3,fock_sup,loss_ch,0.99,0,1,3,60,20.5914,1.00006,true,-20.5911,,,20.5914,90
fock_sup_loss_ch_eta0p99_pn0_Nt1_ns4,fock_sup,loss_ch,0.99,0,1,4,40,21.5607,1.00001,true,-21.5607,,,21.5607,60
fock_sup_loss_ch_eta0p99_pn0_Nt1_ns5,fock_sup,loss_ch,0.99,0,1,5,40,21.5607,1.00001,true,-21.5607,,,21.5607,60
fock_sup_loss_ch_eta0p99_pn0_Nt2_ns1,fock_sup,loss_ch,0.99,0,2,1,60,19.1211,2,true,-19.1211,,,19.1211,90
fock_sup_loss_ch_eta0p99_pn0_Nt2_ns2,fock_sup,loss_ch,0.99,0,2,2,60,27.7955,2.00003,true,-27.7954,,,27.7955,90
fock_sup_loss_ch_eta0p99_pn0_Nt2_ns3,fock_sup,loss_ch,0.99,0,2,3,60,31.9027,2.00006,true,-31.9023,,,31.9027,90
fock_sup_loss_ch_eta0p99_pn0_Nt3_ns1,fock_sup,loss_ch,0.99,0,3,1,60,26.2486,3,true,-26.2486,,,26.2486,90
fock_sup_loss_ch_eta0p99_pn0_Nt3_ns2,fock_sup,loss_ch,0.99,0,3,2,60,37.8915,3.00003,true,-37.8914,,,37.8915,90
fock_sup_loss_ch_eta0p99_pn0_Nt3_ns3,fock_sup,loss_ch,0.99,0,3,3,60,42.4341,3.00007,true,-42.4337,,,42.4341,90
fock_sup_loss_ch_eta0p99_pn0_Nt5_ns1,fock_sup,loss_ch,0.99,0,5,1,120,39.6812,5,true,-39.6812,,,39.6812,180
fock_sup_loss_ch_eta0p99_pn0_Nt5_ns2,fock_sup,loss_ch,0.99,0,5,2,120,56.245,5.00003,true,-56.2449,,,56.245,180
fock_sup_loss_ch_eta0p99_pn0_Nt5_ns3,fock_sup,loss_ch,0.99,0,5,3,120,62.4995,5.00004,true,-62.4994,,,62.4995,180
fock_sup_loss_ch_eta0p99_pn0_Nt5_ns4,fock_sup,loss_ch,0.99,0,5,4,120,65.4757,5,true,-65.4757,,,65.4757,180
fock_sup_loss_ch_eta0p99_pn0_Nt5_ns5,fock_sup,loss_ch,0.99,0,5,5,120,67.5935,5,true,-67.5934,,,67.5935,180
fock_sup_loss_ch_eta0p99_pn0_Nt8_ns1,fock_sup,loss_ch,0.99,0,8,1,60,57.9472,8,true,-57.9472,,,57.9472,90
fock_sup_loss_ch_eta0p99_pn0_Nt8_ns2,fock_sup,loss_ch,0.99,0,8,2,60,79.7676,8.00002,true,-79.7676,,,79.7676,90
fock_sup_loss_ch_eta0p99_pn0_Nt8_ns3,fock_sup,loss_ch,0.99,0,8,3,60,87.4334,8.00003,true,-87.4333,,,87.4334,90
fock_sup_loss_ch_eta0p99_pn0_Nt10_ns1,fock_sup,loss_ch,0.99,0,10,1,60,68.9911,10,true,-68.9911,,,68.9911,90
fock_sup_loss_ch_eta0p99_pn0_Nt10_ns2,fock_sup,loss_ch,0.99,0,10,2,60,93.1272,10,true,-93.1271,,,93.1272,90
fock_sup_loss_ch_eta0p99_pn0_Nt10_ns3,fock_sup,loss_ch,0.99,0,10,3,60,101.119,10,true,-101.119,,,101.119,90
fock_sup_loss_ch_eta0p99_pn0p05_Nt0p5_ns1,fock_sup,loss_ch,0.99,0.05,0.5,1,62,3.97996,0,true,-3.97996,,,3.97996,93
fock_sup_loss_ch_eta0p99_pn0p05_Nt0p5_ns2,fock_sup,loss_ch,0.99,0.05,0.5,2,62,12.5177,0.500053,true,-12.5174,,,12.5177,93
fock_sup_loss_ch_eta0p99_pn0p05_Nt0p5_ns3,fock_sup,loss_ch,0.99,0.05,0.5,3,62,13.9156,0.500072,true,-13.9151,,,13.9156,93
fock_sup_loss_ch_eta0p99_pn0p05_Nt0p5_ns4,fock_sup,loss_ch,0.99,0.05,0.5,4,62,13.9147,0.500007,true,-13.9147,,,13.9147,93
fock_sup_loss_ch_eta0p99_pn0p05_Nt0p5_ns5,fock_sup,loss_ch,0.99,0.05,0.5,5,62,14.1748,0.500008,true,-14.1747,,,14.1748,93
fock_sup_loss_ch_eta0p99_pn0p05_Nt1_ns1,fock_sup,loss_ch,0.99,0.05,1,1,63,11.7027,1,true,-11.7027,,,11.7027,95
fock_sup_loss_ch_eta0p99_pn0p05_Nt1_ns2,fock_sup,loss_ch,0.99,0.05,1,2,63,16.9482,1.00004,true,-16.948,,,16.9482,95
fock_sup_loss_ch_eta0p99_pn0p05_Nt1_ns3,fock_sup,loss_ch,0.99,0.05,1,3,63,20.4672,1.00006,true,-20.4668,,,20.4672,95
fock_sup_loss_ch_eta0p99_pn0p05_Nt1_ns4,fock_sup,loss_ch,0.99,0.05,1,4,63,20.4665,1.00001,true,-20.4665,,,20.4665,95
fock_sup_loss_ch_eta0p99_pn0p05_Nt1_ns5,fock_sup,loss_ch,0.99,0.05,1,5,63,20.4665,1.00001,true,-20.4665,,,20.4665,95
fock_sup_loss_ch_eta0p99_pn0p05_Nt2_ns1,fock_sup,loss_ch,0.99,0.05,2,1,66,19.1211,2,true,-19.1211,,,19.1211,99
fock_sup_loss_ch_eta0p99_pn0p05_Nt2_ns2,fock_sup,loss_ch,0.99,0.05,2,2,66,27.7484,2.00003,true,-27.7483,,,27.7484,99
fock_sup_loss_ch_eta0p99_pn0p05_Nt2_ns3,fock_sup,loss_ch,0.99,0.05,2,3,66,31.807,2.00006,true,-31.8066,,,31.807,99
fock_sup_loss_ch_eta0p99_pn0p05_Nt2_ns4,fock_sup,loss_ch,0.99,0.05,2,4,66,31.137,2,true,-31.1369,,,31.137,99
fock_sup_loss_ch_eta0p99_pn0p05_Nt2_ns5,fock_sup,loss_ch,0.99,0.05,2,5,66,34.5896,2.00001,true,-34.5895,,,34.5896,99
fock_sup_loss_ch_eta0p99_pn0p05_Nt3_ns1,fock_sup,loss_ch,0.99,0.05,3,1,69,26.2486,3,true,-26.2486,,,26.2486,104
fock_sup_loss_ch_eta0p99_pn0p05_Nt3_ns2,fock_sup,loss_ch,0.99,0.05,3,2,69,37.8219,3.00003,true,-37.8218,,,37.8219,104
fock_sup_loss_ch_eta0p99_pn0p05_Nt3_ns3,fock_sup,loss_ch,0.99,0.05,3,3,69,42.3355,3.00007,true,-42.3351,,,42.3355,104
fock_sup_loss_ch_eta0p99_pn0p05_Nt3_ns4,fock_sup,loss_ch,0.99,0.05,3,4,69,42.3641,3,true,-42.3641,,,42.3641,104
fock_sup_loss_ch_eta0p99_pn0p05_Nt3_ns5,fock_sup,loss_ch,0.99,0.05,3,5,69,45.2218,3.00001,true,-45.2218,,,45.2218,104
fock_sup_loss_ch_eta0p99_pn0p05_Nt5_ns1,fock_sup,loss_ch,0.99,0.05,5,1,120,39.6812,5,true,-39.6812,,,39.6812,180
fock_sup_loss_ch_eta0p99_pn0p05_Nt5_ns2,fock_sup,loss_ch,0.99,0.05,5,2,120,56.1288,5.00003,true,-56.1287,,,56.1288,180
fock_sup_loss_ch_eta0p99_pn0p05_Nt5_ns3,fock_sup,loss_ch,0.99,0.05,5,3,120,62.3598,5.00004,true,-62.3597,,,62.3598,180
fock_sup_loss_ch_eta0p99_pn0p05_Nt5_ns4,fock_sup,loss_ch,0.99,0.05,5,4,120,65.319,5,true,-65.319,,,65.319,180
fock_sup_loss_ch_eta0p99_pn0p05_Nt5_ns5,fock_sup,loss_ch,0.99,0.05,5,5,120,67.3136,5,true,-67.3136,,,67.3136,180
fock_sup_loss_ch_eta0p99_pn0p05_Nt8_ns1,fock_sup,loss_ch,0.99,0.05,8,1,84,57.9472,8,true,-57.9472,,,57.9472,126
fock_sup_loss_ch_eta0p99_pn0p05_Nt8_ns2,fock_sup,loss_ch,0.99,0.05,8,2,84,79.5854,8.00002,true,-79.5854,,,79.5854,126
fock_sup_loss_ch_eta0p99_pn0p05_Nt8_ns3,fock_sup,loss_ch,0.99,0.05,8,3,84,85.2862,8.00007,true,-85.2858,,,85.2862,126
fock_sup_loss_ch_eta0p99_pn0p05_Nt8_ns4,fock_sup,loss_ch,0.99,0.05,8,4,84,87.0964,8,true,-87.0964,,,87.0964,126
fock_sup_loss_ch_eta0p99_pn0p05_Nt8_ns5,fock_sup,loss_ch,0.99,0.05,8,5,84,88.3578,8,true,-88.3578,,,88.3578,126
fock_sup_loss_ch_eta0p99_pn0p05_Nt10_ns1,fock_sup,loss_ch,0.99,0.05,10,1,200,68.9911,10,true,-68.9911,,,68.9911,300
fock_sup_loss_ch_eta0p99_pn0p05_Nt10_ns2,fock_sup,loss_ch,0.99,0.05,10,2,200,92.9041,10,true,-92.9041,,,92.9041,300
fock_sup_loss_ch_eta0p99_pn0p05_Nt10_ns3,fock_sup,loss_ch,0.99,0.05,10,3,200,100.838,10,true,-100.838,,,100.838,300
fock_sup_loss_ch_eta0p99_pn0p05_Nt10_ns4,fock_sup,loss_ch,0.99,0.05,10,4,200,97.5076,10,true,-97.5076,,,97.5076,300
fock_sup_loss_ch_eta0p99_pn0p05_Nt10_ns5,fock_sup,loss_ch,0.99,0.05,10,5,200,106.276,10,true,-106.276,,,106.276,300
fock_sup_loss_ch_eta0p99_pn0p05_Nt15_ns1,fock_sup,loss_ch,0.99,0.05,15,1,105,93.1608,15,true,-93.1608,,,93.1608,158
fock_sup_loss_ch_eta0p99_pn0p05_Nt15_ns2,fock_sup,loss_ch,0.99,0.05,15,2,105,119.492,15,true,-119.492,,,119.492,158
fock_sup_loss_ch_eta0p99_pn0p05_Nt15_ns3,fock_sup,loss_ch,0.99,0.05,15,3,105,126.563,15,true,-126.563,,,126.563,158
fock_sup_loss_ch_eta0p99_pn0p05_Nt15_ns4,fock_sup,loss_ch,0.99,0.05,15,4,105,126.563,15,true,-126.563,,,126.563,158
fock_sup_loss_ch_eta0p99_pn0p05_Nt15_ns5,fock_sup,loss_ch,0.99,0.05,15,5,105,128.902,15,true,-128.902,,,128.902,158
fock_sup_loss_ch_eta0p99_pn0p05_Nt20_ns1,fock_sup,loss_ch,0.99,0.05,20,1,120,113.172,20,true,-113.172,,,113.172,180
fock_sup_loss_ch_eta0p99_pn0p05_Nt20_ns2,fock_sup,loss_ch,0.99,0.05,20,2,120,138.431,20,true,-138.431,,,138.431,180
fock_sup_loss_ch_eta0p99_pn0p05_Nt20_ns3,fock_sup,loss_ch,0.99,0.05,20,3,120,142.978,20,true,-142.978,,,142.978,180
fock_sup_loss_ch_eta0p99_pn0p05_Nt20_ns4,fock_sup,loss_ch,0.99,0.05,20,4,120,143.241,20,true,-143.241,,,143.241,180
fock_sup_loss_ch_eta0p99_pn0p05_Nt20_ns5,fock_sup,loss_ch,0.99,0.05,20,5,120,143.981,20,true,-143.981,,,143.981,180
fock_sup_loss_ch_eta0p99_pn0p05_Nt25_ns1,fock_sup,loss_ch,0.99,0.05,25,1,135,129.799,25,true,-129.799,,,129.799,203
fock_sup_loss_ch_eta0p99_pn0p05_Nt25_ns2,fock_sup,loss_ch,0.99,0.05,25,2,135,151.624,25,true,-151.624,,,151.624,203
fock_sup_loss_ch_eta0p99_pn0p05_Nt25_ns3,fock_sup,loss_ch,0.99,0.05,25,3,135,152.989,25,true,-152.989,,,152.989,203
fock_sup_loss_ch_eta0p99_pn0p05_Nt25_ns4,fock_sup,loss_ch,0.99,0.05,25,4,135,153.216,25,true,-153.216,,,153.216,203
fock_sup_loss_ch_eta0p99_pn0p05_Nt25_ns5,fock_sup,loss_ch,0.99,0.05,25,5,135,153.473,25,true,-153.473,,,153.473,203
fock_sup_loss_ch_eta0p99_pn0p05_Nt30_ns1,fock_sup,loss_ch,0.99,0.05,30,1,150,143.661,30,true,-143.661,,,143.661,225
fock_sup_loss_ch_eta0p99_pn0p05_Nt30_ns2,fock_sup,loss_ch,0.99,0.05,30,2,150,160.508,30,true,-160.508,,,160.508,225
fock_sup_loss_ch_eta0p99_pn0p05_Nt30_ns3,fock_sup,loss_ch,0.99,0.05,30,3,150,161.012,30,true,-161.012,,,161.012,225
fock_sup_loss_ch_eta0p99_pn0p05_Nt30_ns4,fock_sup,loss_ch,0.99,0.05,30,4,150,161.607,30,true,-161.607,,,161.607,225
fock_sup_loss_ch_eta0p99_pn0p05_Nt30_ns5,fock_sup,loss_ch,0.99,0.05,30,5,150,161.819,30,true,-161.819,,,161.819,225
fock_sup_loss_ch_eta0p99_pn0p05_Nt40_ns1,fock_sup,loss_ch,0.99,0.05,40,1,180,164.966,40,true,-164.966,,,164.966,270
fock_sup_loss_ch_eta0p99_pn0p05_Nt40_ns2,fock_sup,loss_ch,0.99,0.05,40,2,180,172.837,39.2399,true,-172.837,,,172.837,270
fock_sup_loss_ch_eta0p99_pn0p05_Nt40_ns3,fock_sup,loss_ch,0.99,0.05,40,3,180,173.97,40,true,-173.97,,,173.97,270
fock_sup_loss_ch_eta0p99_pn0p05_Nt50_ns1,fock_sup,loss_ch,0.99,0.05,50,1,120,179.999,50,true,-179.999,,,179.999,180
fock_sup_loss_ch_eta0p99_pn0p05_Nt50_ns2,fock_sup,loss_ch,0.99,0.05,50,2,120,180.258,50,true,-180.258,,,180.258,180
fock_sup_loss_ch_eta0p99_pn0p05_Nt50_ns3,fock_sup,loss_ch,0.99,0.05,50,3,120,183.864,50,true,-183.864,,,183.864,180
fock_sup_loss_ch_eta0p99_pn0p1_Nt0p5_ns1,fock_sup,loss_ch,0.99,0.1,0.5,1,100,3.97996,0,true,-3.97996,,,3.97996,150
fock_sup_loss_ch_eta0p99_pn0p1_Nt0p5_ns2,fock_sup,loss_ch,0.99,0.1,0.5,2,100,12.4322,0.500005,true,-12.4322,,,12.4322,150
fock_sup_loss_ch_eta0p99_pn0p1_Nt0p5_ns3,fock_sup,loss_ch,0.99,0.1,0.5,3,100,12.4322,0.500005,true,-12.4322,,,12.4322,150
fock_sup_loss_ch_eta0p99_pn0p1_Nt0p5_ns4,fock_sup,loss_ch,0.99,0.1,0.5,4,100,13.7561,0.500007,true,-13.756,,,13.7561,150
fock_sup_loss_ch_eta0p99_pn0p1_Nt0p5_ns5,fock_sup,loss_ch,0.99,0.1,0.5,5,100,13.9749,0.500007,true,-13.9749,,,13.9749,150
fock_sup_loss_ch_eta0p99_pn0p1_Nt1_ns1,fock_sup,loss_ch,0.99,0.1,1,1,100,11.7027,1,true,-11.7027,,,11.7027,150
fock_sup_loss_ch_eta0p99_pn0p1_Nt1_ns2,fock_sup,loss_ch,0.99,0.1,1,2,100,16.8612,1,true,-16.8611,,,16.8612,150
fock_sup_loss_ch_eta0p99_pn0p1_Nt1_ns3,fock_sup,loss_ch,0.99,0.1,1,3,100,20.2443,1.00001,true,-20.2443,,,20.2443,150
fock_sup_loss_ch_eta0p99_pn0p1_Nt1_ns4,fock_sup,loss_ch,0.99,0.1,1,4,100,20.2443,1.00001,true,-20.2443,,,20.2443,150
fock_sup_loss_ch_eta0p99_pn0p1_Nt1_ns5,fock_sup,loss_ch,0.99,0.1,1,5,100,20.9698,1.00001,true,-20.9698,,,20.9698,150
fock_sup_loss_ch_eta0p99_pn0p1_Nt2_ns1,fock_sup,loss_ch,0.99,0.1,2,1,100,19.1211,2,true,-19.1211,,,19.1211,150
fock_sup_loss_ch_eta0p99_pn0p1_Nt2_ns2,fock_sup,loss_ch,0.99,0.1,2,2,100,27.6091,2,true,-27.6091,,,27.6091,150
fock_sup_loss_ch_eta0p99_pn0p1_Nt2_ns3,fock_sup,loss_ch,0.99,0.1,2,3,100,31.5601,2.00001,true,-31.56,,,31.5601,150
fock_sup_loss_ch_eta0p99_pn0p1_Nt2_ns4,fock_sup,loss_ch,0.99,0.1,2,4,100,32.2705,2.00001,true,-32.2705,,,32.2705,150
fock_sup_loss_ch_eta0p99_pn0p1_Nt2_ns5,fock_sup,loss_ch,0.99,0.1,2,5,100,32.2705,2.00001,true,-32.2705,,,32.2705,150
fock_sup_loss_ch_eta0p99_pn0p1_Nt3_ns1,fock_sup,loss_ch,0.99,0.1,3,1,69,26.2486,3,true,-26.2486,,,26.2486,104
fock_sup_loss_ch_eta0p99_pn0p1_Nt3_ns2,fock_sup,loss_ch,0.99,0.1,3,2,69,37.6205,3,true,-37.6205,,,37.6205,104
fock_sup_loss_ch_eta0p99_pn0p1_Nt3_ns3,fock_sup,loss_ch,0.99,0.1,3,3,69,42.0944,3,true,-42.0943,,,42.0944,104
fock_sup_loss_ch_eta0p99_pn0p1_Nt3_ns4,fock_sup,loss_ch,0.99,0.1,3,4,69,44.7883,3.00001,true,-44.7883,,,44.7883,104
fock_sup_loss_ch_eta0p99_pn0p1_Nt3_ns5,fock_sup,loss_ch,0.99,0.1,3,5,69,44.7883,3.00001,true,-44.7883,,,44.7883,104
fock_sup_loss_ch_eta0p99_pn0p1_Nt5_ns1,fock_sup,loss_ch,0.99,0.1,5,1,120,39.6812,5,true,-39.6812,,,39.6812,180
fock_sup_loss_ch_eta0p99_pn0p1_Nt5_ns2,fock_sup,loss_ch,0.99,0.1,5,2,120,55.7984,5.00003,true,-55.7983,,,55.7984,180
fock_sup_loss_ch_eta0p99_pn0p1_Nt5_ns3,fock_sup,loss_ch,0.99,0.1,5,3,120,61.9526,5.00004,true,-61.9524,,,61.9526,180
fock_sup_loss_ch_eta0p99_pn0p1_Nt5_ns4,fock_sup,loss_ch,0.99,0.1,5,4,120,64.9987,5.00001,true,-64.9987,,,64.9987,180
fock_sup_loss_ch_eta0p99_pn0p1_Nt5_ns5,fock_sup,loss_ch,0.99,0.1,5,5,120,66.3305,5,true,-66.3305,,,66.3305,180
fock_sup_loss_ch_eta0p99_pn0p1_Nt8_ns1,fock_sup,loss_ch,0.99,0.1,8,1,100,57.9472,8,true,-57.9472,,,57.9472,150
fock_sup_loss_ch_eta0p99_pn0p1_Nt8_ns2,fock_sup,loss_ch,0.99,0.1,8,2,100,79.07,8,true,-79.07,,,79.07,150
fock_sup_loss_ch_eta0p99_pn0p1_Nt8_ns3,fock_sup,loss_ch,0.99,0.1,8,3,100,86.5736,8,true,-86.5735,,,86.5736,150
fock_sup_loss_ch_eta0p99_pn0p1_Nt8_ns4,fock_sup,loss_ch,0.99,0.1,8,4,100,90.0786,8,true,-90.0786,,,90.0786,150
fock_sup_loss_ch_eta0p99_pn0p1_Nt8_ns5,fock_sup,loss_ch,0.99,0.1,8,5,100,90.0786,8,true,-90.0786,,,90.0786,150
fock_sup_loss_ch_eta0p99_pn0p1_Nt10_ns1,fock_sup,loss_ch,0.99,0.1,10,1,200,68.9911,10,true,-68.9911,,,68.9911,300
fock_sup_loss_ch_eta0p99_pn0p1_Nt10_ns2,fock_sup,loss_ch,0.99,0.1,10,2,200,92.2751,10,true,-92.2751,,,92.2751,300
fock_sup_loss_ch_eta0p99_pn0p1_Nt10_ns3,fock_sup,loss_ch,0.99,0.1,10,3,200,100.058,10,true,-100.058,,,100.058,300
fock_sup_loss_ch_eta0p99_pn0p1_Nt10_ns4,fock_sup,loss_ch,0.99,0.1,10,4,200,103.6,10,true,-103.6,,,103.6,300
fock_sup_loss_ch_eta0p99_pn0p1_Nt10_ns5,fock_sup,loss_ch,0.99,0.1,10,5,200,105.511,10,true,-105.511,,,105.511,300
fock_sup_loss_ch_eta0p99_pn0p1_Nt15_ns1,fock_sup,loss_ch,0.99,0.1,15,1,105,93.1608,15,true,-93.1608,,,93.1608,158
fock_sup_loss_ch_eta0p99_pn0p1_Nt15_ns2,fock_sup,loss_ch,0.99,0.1,15,2,105,118.613,15,true,-118.613,,,118.613,158
fock_sup_loss_ch_eta0p99_pn0p1_Nt15_ns3,fock_sup,loss_ch,0.99,0.1,15,3,105,122.067,14.555,true,-122.067,,,122.067,158
fock_sup_loss_ch_eta0p99_pn0p1_Nt15_ns4,fock_sup,loss_ch,0.99,0.1,15,4,105,128.172,15,true,-128.172,,,128.172,158
fock_sup_loss_ch_eta0p99_pn0p1_Nt15_ns5,fock_sup,loss_ch,0.99,0.1,15,5,105,128.172,15,true,-128.172,,,128.172,158
fock_sup_loss_ch_eta0p99_pn0p1_Nt20_ns1,fock_sup,loss_ch,0.99,0.1,20,1,120,113.172,20,true,-113.172,,,113.172,180
fock_sup_loss_ch_eta0p99_pn0p1_Nt20_ns2,fock_sup,loss_ch,0.99,0.1,20,2,120,137.339,20,true,-137.339,,,137.339,180
fock_sup_loss_ch_eta0p99_pn0p1_Nt20_ns3,fock_sup,loss_ch,0.99,0.1,20,3,120,141.6,20,true,-141.6,,,141.6,180
fock_sup_loss_ch_eta0p99_pn0p1_Nt20_ns4,fock_sup,loss_ch,0.99,0.1,20,4,120,142.661,20,true,-142.661,,,142.661,180
fock_sup_loss_ch_eta0p99_pn0p1_Nt20_ns5,fock_sup,loss_ch,0.99,0.1,20,5,120,143.496,20,true,-143.496,,,143.496,180
fock_sup_loss_ch_eta0p99_pn0p1_Nt25_ns1,fock_sup,loss_ch,0.99,0.1,25,1,135,129.799,25,true,-129.799,,,129.799,203
fock_sup_loss_ch_eta0p99_pn0p1_Nt25_ns2,fock_sup,loss_ch,0.99,0.1,25,2,135,150.347,25,true,-150.347,,,150.347,203
fock_sup_loss_ch_eta0p99_pn0p1_Nt25_ns3,fock_sup,loss_ch,0.99,0.1,25,3,135,152.458,25,true,-152.458,,,152.458,203
fock_sup_loss_ch_eta0p99_pn0p1_Nt25_ns4,fock_sup,loss_ch,0.99,0.1,25,4,135,152.714,25,true,-152.714,,,152.714,203
fock_sup_loss_ch_eta0p99_pn0p1_Nt30_ns1,fock_sup,loss_ch,0.99,0.1,30,1,120,143.661,30,true,-143.661,,,143.661,180
fock_sup_loss_ch_eta0p99_pn0p1_Nt30_ns2,fock_sup,loss_ch,0.99,0.1,30,2,120,159.243,29.6738,true,-159.243,,,159.243,180
fock_sup_loss_ch_eta0p99_pn0p1_Nt30_ns3,fock_sup,loss_ch,0.99,0.1,30,3,120,160.399,30,true,-160.399,,,160.399,180
fock_sup_loss_ch_eta0p99_pn0p1_Nt50_ns1,fock_sup,loss_ch,0.99,0.1,50,1,120,179.999,50,true,-179.999,,,179.999,180
fock_sup_loss_ch_eta0p99_pn0p1_Nt50_ns2,fock_sup,loss_ch,0.99,0.1,50,2,120,182.457,49.0695,true,-182.457,,,182.457,180
fock_sup_loss_ch_eta0p99_pn0p1_Nt50_ns3,fock_sup,loss_ch,0.99,0.1,50,3,120,183.301,50,true,-183.301,,,183.301,180
fock_sup_loss_ch_eta0p99_pn0p15_Nt1_ns1,fock_sup,loss_ch,0.99,0.15,1,1,40,11.7027,1,true,-11.7027,,,11.7027,60
fock_sup_loss_ch_eta0p99_pn0p15_Nt1_ns2,fock_sup,loss_ch,0.99,0.15,1,2,40,16.7236,1,true,-16.7236,,,16.7236,60
fock_sup_loss_ch_eta0p99_pn0p15_Nt1_ns3,fock_sup,loss_ch,0.99,0.15,1,3,40,19.9773,1.00001,true,-19.9772,,,19.9773,60
fock_sup_loss_ch_eta0p99_pn0p15_Nt1_ns4,fock_sup,loss_ch,0.99,0.15,1,4,40,19.9773,1.00001,true,-19.9772,,,19.9773,60
fock_sup_loss_ch_eta0p99_pn0p15_Nt1_ns5,fock_sup,loss_ch,0.99,0.15,1,5,40,20.6476,1.00001,true,-20.6476,,,20.6476,60
fock_sup_loss_ch_eta0p99_pn0p15_Nt5_ns1,fock_sup,loss_ch,0.99,0.15,5,1,120,39.6812,5,true,-39.6812,,,39.6812,180
fock_sup_loss_ch_eta0p99_pn0p15_Nt5_ns2,fock_sup,loss_ch,0.99,0.15,5,2,120,55.2852,5.00003,true,-55.2851,,,55.2852,180
fock_sup_loss_ch_eta0p99_pn0p15_Nt5_ns3,fock_sup,loss_ch,0.99,0.15,5,3,120,61.2986,5.00004,true,-61.2985,,,61.2986,180
fock_sup_loss_ch_eta0p99_pn0p15_Nt5_ns4,fock_sup,loss_ch,0.99,0.15,5,4,120,61.2984,5,true,-61.2983,,,61.2984,180
fock_sup_loss_ch_eta0p99_pn0p15_Nt5_ns5,fock_sup,loss_ch,0.99,0.15,5,5,120,64.2509,5.00001,true,-64.2509,,,64.2509,180
fock_sup_loss_ch_eta0p99_pn0p2_Nt0p5_ns1,fock_sup,loss_ch,0.99,0.2,0.5,1,62,3.97996,0,true,-3.97996,,,3.97996,93
fock_sup_loss_ch_eta0p99_pn0p2_Nt0p5_ns2,fock_sup,loss_ch,0.99,0.2,0.5,2,62,12.1462,0.500005,true,-12.1462,,,12.1462,93
fock_sup_loss_ch_eta0p99_pn0p2_Nt0p5_ns3,fock_sup,loss_ch,0.99,0.2,0.5,3,62,13.3549,0.500007,true,-13.3548,,,13.3549,93
fock_sup_loss_ch_eta0p99_pn0p2_Nt0p5_ns4,fock_sup,loss_ch,0.99,0.2,0.5,4,62,13.3549,0.500007,true,-13.3548,,,13.3549,93
fock_sup_loss_ch_eta0p99_pn0p2_Nt0p5_ns5,fock_sup,loss_ch,0.99,0.2,0.5,5,62,13.3549,0.500007,true,-13.3548,,,13.3549,93
fock_sup_loss_ch_eta0p99_pn0p2_Nt1_ns1,fock_sup,loss_ch,0.99,0.2,1,1,63,11.7027,1,true,-11.7027,,,11.7027,95
fock_sup_loss_ch_eta0p99_pn0p2_Nt1_ns2,fock_sup,loss_ch,0.99,0.2,1,2,63,16.539,1,true,-16.539,,,16.539,95
fock_sup_loss_ch_eta0p99_pn0p2_Nt1_ns3,fock_sup,loss_ch,0.99,0.2,1,3,63,19.6507,1.00001,true,-19.6507,,,19.6507,95
fock_sup_loss_ch_eta0p99_pn0p2_Nt1_ns4,fock_sup,loss_ch,0.99,0.2,1,4,63,19.6507,1.00001,true,-19.6507,,,19.6507,95
fock_sup_loss_ch_eta0p99_pn0p2_Nt1_ns5,fock_sup,loss_ch,0.99,0.2,1,5,63,20.2814,1.00001,true,-20.2814,,,20.2814,95
fock_sup_loss_ch_eta0p99_pn0p2_Nt2_ns1,fock_sup,loss_ch,0.99,0.2,2,1,66,19.1211,2,true,-19.1211,,,19.1211,99
fock_sup_loss_ch_eta0p99_pn0p2_Nt2_ns2,fock_sup,loss_ch,0.99,0.2,2,2,66,27.0775,2,true,-27.0774,,,27.0775,99
fock_sup_loss_ch_eta0p99_pn0p2_Nt2_ns3,fock_sup,loss_ch,0.99,0.2,2,3,66,30.7359,2.00001,true,-30.7359,,,30.7359,99
fock_sup_loss_ch_eta0p99_pn0p2_Nt2_ns4,fock_sup,loss_ch,0.99,0.2,2,4,66,32.2993,2.00001,true,-32.2993,,,32.2993,99
fock_sup_loss_ch_eta0p99_pn0p2_Nt2_ns5,fock_sup,loss_ch,0.99,0.2,2,5,66,31.3427,2.00001,true,-31.3427,,,31.3427,99
fock_sup_loss_ch_eta0p99_pn0p2_Nt3_ns1,fock_sup,loss_ch,0.99,0.2,3,1,69,26.2486,3,true,-26.2486,,,26.2486,104
fock_sup_loss_ch_eta0p99_pn0p2_Nt3_ns2,fock_sup,loss_ch,0.99,0.2,3,2,69,36.8747,3,true,-36.8747,,,36.8747,104
fock_sup_loss_ch_eta0p99_pn0p2_Nt3_ns3,fock_sup,loss_ch,0.99,0.2,3,3,69,41.0626,3,true,-41.0626,,,41.0626,104
fock_sup_loss_ch_eta0p99_pn0p2_Nt3_ns4,fock_sup,loss_ch,0.99,0.2,3,4,69,42.8628,3,true,-42.8627,,,42.8628,104
fock_sup_loss_ch_eta0p99_pn0p2_Nt3_ns5,fock_sup,loss_ch,0.99,0.2,3,5,69,43.4835,3.00001,true,-43.4834,,,43.4835,104
fock_sup_loss_ch_eta0p99_pn0p2_Nt5_ns1,fock_sup,loss_ch,0.99,0.2,5,1,120,39.6812,5,true,-39.6812,,,39.6812,180
fock_sup_loss_ch_eta0p99_pn0p2_Nt5_ns2,fock_sup,loss_ch,0.99,0.2,5,2,120,54.6176,5.00003,true,-54.6175,,,54.6176,180
fock_sup_loss_ch_eta0p99_pn0p2_Nt5_ns3,fock_sup,loss_ch,0.99,0.2,5,3,120,60.4218,5.00003,true,-60.4217,,,60.4218,180
fock_sup_loss_ch_eta0p99_pn0p2_Nt5_ns4,fock_sup,loss_ch,0.99,0.2,5,4,120,63.262,5.00001,true,-63.262,,,63.262,180
fock_sup_loss_ch_eta0p99_pn0p2_Nt5_ns5,fock_sup,loss_ch,0.99,0.2,5,5,120,63.8147,5.00001,true,-63.8147,,,63.8147,180
fock_sup_loss_ch_eta0p99_pn0p2_Nt8_ns1,fock_sup,loss_ch,0.99,0.2,8,1,84,57.9472,8,true,-57.9472,,,57.9472,126
fock_sup_loss_ch_eta0p99_pn0p2_Nt8_ns2,fock_sup,loss_ch,0.99,0.2,8,2,84,77.2613,8,true,-77.2613,,,77.2613,126
fock_sup_loss_ch_eta0p99_pn0p2_Nt10_ns1,fock_sup,loss_ch,0.99,0.2,10,1,60,68.9911,10,true,-68.9911,,,68.9911,90
fock_sup_loss_ch_eta0p99_pn0p2_Nt10_ns2,fock_sup,loss_ch,0.99,0.2,10,2,60,90.0773,10,true,-90.0773,,,90.0773,90
fock_sup_loss_ch_eta0p99_pn0p2_Nt10_ns3,fock_sup,loss_ch,0.99,0.2,10,3,60,97.3425,10,true,-97.3425,,,97.3425,90
fock_sup_loss_ch_eta0p99_pn0p2_Nt20_ns1,fock_sup,loss_ch,0.99,0.2,20,1,90,113.172,20,true,-113.172,,,113.172,135
fock_sup_loss_ch_eta0p99_pn0p2_Nt20_ns2,fock_sup,loss_ch,0.99,0.2,20,2,90,133.602,19.9199,true,-133.602,,,133.602,135
fock_sup_loss_ch_eta0p99_pn0p2_Nt20_ns3,fock_sup,loss_ch,0.99,0.2,20,3,90,137.158,20,true,-137.158,,,137.158,135
fock_sup_loss_ch_eta0p99_pn0p2_Nt30_ns1,fock_sup,loss_ch,0.99,0.2,30,1,120,143.661,30,true,-143.661,,,143.661,180
fock_sup_loss_ch_eta0p99_pn0p2_Nt30_ns2,fock_sup,loss_ch,0.99,0.2,30,2,120,156.043,29.4284,true,-156.043,,,156.043,180
fock_sup_loss_ch_eta0p99_pn0p2_Nt30_ns3,fock_sup,loss_ch,0.99,0.2,30,3,120,157.474,30,true,-157.474,,,157.474,180
fock_sup_loss_ch_eta0p99_pn0p2_Nt50_ns1,fock_sup,loss_ch,0.99,0.2,50,1,120,179.999,50,true,-179.999,,,179.999,180
fock_sup_loss_ch_eta0p99_pn0p2_Nt50_ns2,fock_sup,loss_ch,0.99,0.2,50,2,120,181.892,49.9733,true,-181.892,,,181.892,180
fock_sup_loss_ch_eta0p99_pn0p2_Nt50_ns3,fock_sup,loss_ch,0.99,0.2,50,3,120,182.644,50,true,-182.644,,,182.644,180
fock_sup_loss_ch_eta0p99_pn0p25_Nt5_ns1,fock_sup,loss_ch,0.99,0.25,5,1,80,39.6812,5,true,-39.6812,,,39.6812,120
fock_sup_loss_ch_eta0p99_pn0p25_Nt5_ns2,fock_sup,loss_ch,0.99,0.25,5,2,60,53.819,5.00003,true,-53.8189,,,53.819,60
fock_sup_loss_ch_eta0p99_pn0p25_Nt5_ns3,fock_sup,loss_ch,0.99,0.25,5,3,60,59.3505,5.00003,true,-59.3504,,,59.3505,60
fock_sup_loss_ch_eta0p99_pn0p25_Nt5_ns4,fock_sup,loss_ch,0.99,0.25,5,4,60,62.0583,5,true,-62.0583,,,62.0583,90
fock_sup_loss_ch_eta0p99_pn0p25_Nt5_ns5,fock_sup,loss_ch,0.99,0.25,5,5,60,62.0583,5,true,-62.0583,,,62.0583,90
fock_sup_loss_ch_eta0p99_pn0p3_Nt5_ns1,fock_sup,loss_ch,0.99,0.3,5,1,100,39.6812,5,true,-39.6812,,,39.6812,150
fock_sup_loss_ch_eta0p99_pn0p3_Nt5_ns2,fock_sup,loss_ch,0.99,0.3,5,2,100,52.9105,5.00002,true,-52.9104,,,52.9105,150
fock_sup_loss_ch_eta0p99_pn0p3_Nt5_ns3,fock_sup,loss_ch,0.99,0.3,5,3,100,58.1165,5.00003,true,-58.1164,,,58.1165,150
fock_sup_loss_ch_eta0p99_pn0p3_Nt5_ns4,fock_sup,loss_ch,0.99,0.3,5,4,100,58.1163,5,true,-58.1163,,,58.1163,150
fock_sup_loss_ch_eta0p99_pn0p3_Nt5_ns5,fock_sup,loss_ch,0.99,0.3,5,5,100,60.5152,5,true,-60.5152,,,60.5152,150
fock_sup_loss_ch_eta0p99_pn0p35_Nt5_ns1,fock_sup,loss_ch,0.99,0.35,5,1,100,39.6812,5,true,-39.6812,,,39.6812,150
fock_sup_loss_ch_eta0p99_pn0p35_Nt5_ns2,fock_sup,loss_ch,0.99,0.35,5,2,100,51.9136,5.00002,true,-51.9136,,,51.9136,150
fock_sup_loss_ch_eta0p99_pn0p35_Nt5_ns3,fock_sup,loss_ch,0.99,0.35,5,3,100,56.7523,5.00003,true,-56.7522,,,56.7523,150
fock_sup_loss_ch_eta0p99_pn0p35_Nt5_ns4,fock_sup,loss_ch,0.99,0.35,5,4,100,59.1336,5,true,-59.1336,,,59.1336,150
fock_sup_loss_ch_eta0p99_pn0p35_Nt5_ns5,fock_sup,loss_ch,0.99,0.35,5,5,100,59.1336,5,true,-59.1336,,,59.1336,150
fock_sup_loss_ch_eta0p99_pn0p4_Nt5_ns1,fock_sup,loss_ch,0.99,0.4,5,1,80,39.6812,5,true,-39.6812,,,39.6812,120
fock_sup_loss_ch_eta0p99_pn0p4_Nt5_ns2,fock_sup,loss_ch,0.99,0.4,5,2,80,50.8512,5.00002,true,-50.8511,,,50.8512,120
fock_sup_loss_ch_eta0p99_pn0p4_Nt5_ns3,fock_sup,loss_ch,0.99,0.4,5,3,80,55.2906,5.00003,true,-55.2905,,,55.2906,120
fock_sup_loss_ch_eta0p99_pn0p4_Nt5_ns4,fock_sup,loss_ch,0.99,0.4,5,4,80,57.3182,5,true,-57.3182,,,57.3182,120
fock_sup_loss_ch_eta0p99_pn0p4_Nt5_ns5,fock_sup,loss_ch,0.99,0.4,5,5,80,57.3182,5,true,-57.3182,,,57.3182,120
fock_sup_loss_ch_eta0p99_pn0p45_Nt5_ns1,fock_sup,loss_ch,0.99,0.45,5,1,100,39.6812,5,true,-39.6812,,,39.6812,150
fock_sup_loss_ch_eta0p99_pn0p45_Nt5_ns2,fock_sup,loss_ch,0.99,0.45,5,2,100,49.7465,5.00002,true,-49.7465,,,49.7465,150
fock_sup_loss_ch_eta0p99_pn0p45_Nt5_ns3,fock_sup,loss_ch,0.99,0.45,5,3,100,53.3871,5.00005,true,-53.3868,,,53.3871,150
fock_sup_loss_ch_eta0p99_pn0p45_Nt5_ns4,fock_sup,loss_ch,0.99,0.45,5,4,100,55.5917,5,true,-55.5916,,,55.5917,150
fock_sup_loss_ch_eta0p99_pn0p45_Nt5_ns5,fock_sup,loss_ch,0.99,0.45,5,5,100,56.1222,5,true,-56.1222,,,56.1222,150
fock_sup_loss_ch_eta0p99_pn0p5_Nt5_ns1,fock_sup,loss_ch,0.99,0.5,5,1,100,39.6812,5,true,-39.6812,,,39.6812,150
fock_sup_loss_ch_eta0p99_pn0p5_Nt5_ns2,fock_sup,loss_ch,0.99,0.5,5,2,100,48.623,5.00002,true,-48.623,,,48.623,150
fock_sup_loss_ch_eta0p99_pn0p5_Nt5_ns3,fock_sup,loss_ch,0.99,0.5,5,3,100,52.2067,5.00003,true,-52.2066,,,52.2067,150
fock_sup_loss_ch_eta0p99_pn0p5_Nt5_ns4,fock_sup,loss_ch,0.99,0.5,5,4,100,54.0036,5,true,-54.0035,,,54.0036,150
fock_sup_loss_ch_eta0p99_pn0p5_Nt5_ns5,fock_sup,loss_ch,0.99,0.5,5,5,100,54.0036,5,true,-54.0035,,,54.0036,150
fock_sup_loss_ch_eta0p9_pn0_Nt0p5_ns1,fock_sup,loss_ch,0.9,0,0.5,1,60,3.79561,0,true,-3.79561,,,3.79561,90
fock_sup_loss_ch_eta0p9_pn0_Nt0p5_ns2,fock_sup,loss_ch,0.9,0,0.5,2,60,9.84609,0.500029,true,-9.84601,,,9.84609,90
fock_sup_loss_ch_eta0p9_pn0_Nt0p5_ns3,fock_sup,loss_ch,0.9,0,0.5,3,60,9.84609,0.500029,true,-9.84601,,,9.84609,90
fock_sup_loss_ch_eta0p9_pn0_Nt0p5_ns4,fock_sup,loss_ch,0.9,0,0.5,4,40,10.7959,0.500039,true,-10.7957,,,10.7959,60
fock_sup_loss_ch_eta0p9_pn0_Nt0p5_ns5,fock_sup,loss_ch,0.9,0,0.5,5,40,10.7959,0.500039,true,-10.7957,,,10.7959,60
fock_sup_loss_ch_eta0p9_pn0_Nt1_ns1,fock_sup,loss_ch,0.9,0,1,1,60,9.26129,1,true,-9.26129,,,9.26129,90
fock_sup_loss_ch_eta0p9_pn0_Nt1_ns2,fock_sup,loss_ch,0.9,0,1,2,60,11.9104,1.00001,true,-11.9103,,,11.9104,90
fock_sup_loss_ch_eta0p9_pn0_Nt1_ns3,fock_sup,loss_ch,0.9,0,1,3,60,13.7477,1.00002,true,-13.7476,,,13.7477,90
fock_sup_loss_ch_eta0p9_pn0_Nt1_ns4,fock_sup,loss_ch,0.9,0,1,4,40,13.7476,1,true,-13.7476,,,13.7476,60
fock_sup_loss_ch_eta0p9_pn0_Nt1_ns5,fock_sup,loss_ch,0.9,0,1,5,40,13.7476,1,true,-13.7476,,,13.7476,60
fock_sup_loss_ch_eta0p9_pn0_Nt2_ns1,fock_sup,loss_ch,0.9,0,2,1,60,12.8441,2,true,-12.8441,,,12.8441,90
fock_sup_loss_ch_eta0p9_pn0_Nt2_ns2,fock_sup,loss_ch,0.9,0,2,2,60,14.8001,2,true,-14.8001,,,14.8001,90
fock_sup_loss_ch_eta0p9_pn0_Nt2_ns3,fock_sup,loss_ch,0.9,0,2,3,60,16.534,2.00001,true,-16.534,,,16.534,90
fock_sup_loss_ch_eta0p9_pn0_Nt2_ns4,fock_sup,loss_ch,0.9,0,2,4,40,17.9436,2,true,-17.9436,,,17.9436,60
fock_sup_loss_ch_eta0p9_pn0_Nt2_ns5,fock_sup,loss_ch,0.9,0,2,5,40,18.1025,2,true,-18.1025,,,18.1025,60
fock_sup_loss_ch_eta0p9_pn0_Nt3_ns1,fock_sup,loss_ch,0.9,0,3,1,60,15.2384,3,true,-15.2384,,,15.2384,90
fock_sup_loss_ch_eta0p9_pn0_Nt3_ns2,fock_sup,loss_ch,0.9,0,3,2,60,16.5647,3.00002,true,-16.5647,,,16.5647,90
fock_sup_loss_ch_eta0p9_pn0_Nt3_ns3,fock_sup,loss_ch,0.9,0,3,3,60,19.5843,3.00001,true,-19.5843,,,19.5843,90
fock_sup_loss_ch_eta0p9_pn0_Nt3_ns4,fock_sup,loss_ch,0.9,0,3,4,40,19.5843,3,true,-19.5843,,,19.5843,60
fock_sup_loss_ch_eta0p9_pn0_Nt3_ns5,fock_sup,loss_ch,0.9,0,3,5,40,20.2072,3,true,-20.2072,,,20.2072,60
fock_sup_loss_ch_eta0p9_pn0_Nt5_ns1,fock_sup,loss_ch,0.9,0,5,1,120,17.9796,5,true,-17.9796,,,17.9796,180
fock_sup_loss_ch_eta0p9_pn0_Nt5_ns2,fock_sup,loss_ch,0.9,0,5,2,120,20.7548,5.00001,true,-20.7549,,,20.7548,180
fock_sup_loss_ch_eta0p9_pn0_Nt5_ns3,fock_sup,loss_ch,0.9,0,5,3,120,23.2367,5.00001,true,-23.2368,,,23.2365,180
fock_sup_loss_ch_eta0p9_pn0_Nt5_ns4,fock_sup,loss_ch,0.9,0,5,4,120,23.815,5.00001,true,-23.8151,,,23.8149,180
fock_sup_loss_ch_eta0p9_pn0_Nt5_ns5,fock_sup,loss_ch,0.9,0,5,5,120,24.0333,5,true,-24.0334,,,24.0333,180
fock_sup_loss_ch_eta0p9_pn0_Nt8_ns1,fock_sup,loss_ch,0.9,0,8,1,60,19.6672,8,true,-19.6672,,,19.6672,90
fock_sup_loss_ch_eta0p9_pn0_Nt8_ns2,fock_sup,loss_ch,0.9,0,8,2,60,24.4594,8.00001,true,-24.4594,,,24.4593,90
fock_sup_loss_ch_eta0p9_pn0_Nt8_ns3,fock_sup,loss_ch,0.9,0,8,3,60,24.7862,7.99996,true,-24.7862,,,24.7862,90
fock_sup_loss_ch_eta0p9_pn0_Nt10_ns1,fock_sup,loss_ch,0.9,0,10,1,120,20.1081,10,true,-20.1081,,,20.1081,180
fock_sup_loss_ch_eta0p9_pn0_Nt10_ns2,fock_sup,loss_ch,0.9,0,10,2,60,25.9733,10,true,-25.9732,,,25.9732,90
fock_sup_loss_ch_eta0p9_pn0_Nt10_ns3,fock_sup,loss_ch,0.9,0,10,3,60,27.2963,9.99995,true,-27.2963,,,27.2962,90
fock_sup_loss_ch_eta0p9_pn0_Nt20_ns1,fock_sup,loss_ch,0.9,0,20,1,120,20.3973,15,true,-20.3973,,,20.3973,180
fock_sup_loss_ch_eta0p9_pn0_Nt20_ns2,fock_sup,loss_ch,0.9,0,20,2,120,29.0544,20,true,-29.0544,,,29.0544,180
fock_sup_loss_ch_eta0p9_pn0_Nt20_ns3,fock_sup,loss_ch,0.9,0,20,3,120,30.8146,20,true,-30.8146,,,30.8146,180
fock_sup_loss_ch_eta0p9_pn0_Nt30_ns1,fock_sup,loss_ch,0.9,0,30,1,120,20.0746,30,true,-20.0746,,,20.0746,180
fock_sup_loss_ch_eta0p9_pn0_Nt30_ns2,fock_sup,loss_ch,0.9,0,30,2,120,29.5165,29.642,true,-29.5165,,,29.5164,180
fock_sup_loss_ch_eta0p9_pn0_Nt30_ns3,fock_sup,loss_ch,0.9,0,30,3,120,32.302,30,true,-32.302,,,32.3021,180
fock_sup_loss_ch_eta0p9_pn0_Nt35_ns1,fock_sup,loss_ch,0.9,0,35,1,120,20.028,32,true,-20.028,,,20.028,180
fock_sup_loss_ch_eta0p9_pn0_Nt35_ns2,fock_sup,loss_ch,0.9,0,35,2,120,29.5165,29.642,true,-29.5165,,,29.5164,180
fock_sup_loss_ch_eta0p9_pn0_Nt35_ns3,fock_sup,loss_ch,0.9,0,35,3,120,32.6362,35,true,-32.6362,,,32.6361,180
fock_sup_loss_ch_eta0p9_pn0_Nt40_ns1,fock_sup,loss_ch,0.9,0,40,1,120,20.028,32,true,-20.028,,,20.028,180
fock_sup_loss_ch_eta0p9_pn0_Nt40_ns2,fock_sup,loss_ch,0.9,0,40,2,120,29.5165,29.642,true,-29.5165,,,29.5164,180
fock_sup_loss_ch_eta0p9_pn0_Nt40_ns3,fock_sup,loss_ch,0.9,0,40,3,120,32.8261,40,true,-32.8261,,,32.8261,180
fock_sup_loss_ch_eta0p9_pn0p05_Nt0p5_ns1,fock_sup,loss_ch,0.9,0.05,0.5,1,60,3.79561,0,true,-3.79561,,,3.79561,90
fock_sup_loss_ch_eta0p9_pn0p05_Nt0p5_ns2,fock_sup,loss_ch,0.9,0.05,0.5,2,60,9.81275,0.500029,true,-9.81266,,,9.81275,90
fock_sup_loss_ch_eta0p9_pn0p05_Nt0p5_ns3,fock_sup,loss_ch,0.9,0.05,0.5,3,60,9.81275,0.500029,true,-9.81266,,,9.81275,90
fock_sup_loss_ch_eta0p9_pn0p05_Nt1_ns1,fock_sup,loss_ch,0.9,0.05,1,1,60,9.26129,1,true,-9.26129,,,9.26129,90
fock_sup_loss_ch_eta0p9_pn0p05_Nt1_ns2,fock_sup,loss_ch,0.9,0.05,1,2,60,11.8828,1.00001,true,-11.8828,,,11.8828,90
fock_sup_loss_ch_eta0p9_pn0p05_Nt1_ns3,fock_sup,loss_ch,0.9,0.05,1,3,60,13.5975,1.00002,true,-13.5975,,,13.5975,90
fock_sup_loss_ch_eta0p9_pn0p05_Nt1_ns4,fock_sup,loss_ch,0.9,0.05,1,4,40,13.5974,1,true,-13.5974,,,13.5974,60
fock_sup_loss_ch_eta0p9_pn0p05_Nt1_ns5,fock_sup,loss_ch,0.9,0.05,1,5,40,14.1286,1,true,-14.1286,,,14.1286,60
fock_sup_loss_ch_eta0p9_pn0p05_Nt2_ns1,fock_sup,loss_ch,0.9,0.05,2,1,60,12.8441,2,true,-12.8441,,,12.8441,90
fock_sup_loss_ch_eta0p9_pn0p05_Nt2_ns2,fock_sup,loss_ch,0.9,0.05,2,2,60,14.772,2,true,-14.772,,,14.772,90
fock_sup_loss_ch_eta0p9_pn0p05_Nt2_ns3,fock_sup,loss_ch,0.9,0.05,2,3,60,16.0593,2.00001,true,-16.0593,,,16.0593,90
fock_sup_loss_ch_eta0p9_pn0p05_Nt3_ns1,fock_sup,loss_ch,0.9,0.05,3,1,60,15.2384,3,true,-15.2384,,,15.2384,90
fock_sup_loss_ch_eta0p9_pn0p05_Nt3_ns2,fock_sup,loss_ch,0.9,0.05,3,2,60,16.0751,3.00001,true,-16.0751,,,16.0751,90
fock_sup_loss_ch_eta0p9_pn0p05_Nt3_ns3,fock_sup,loss_ch,0.9,0.05,3,3,60,18.3876,3.00001,true,-18.3876,,,18.3876,90
fock_sup_loss_ch_eta0p9_pn0p05_Nt5_ns1,fock_sup,loss_ch,0.9,0.05,5,1,120,17.9796,5,true,-17.9796,,,17.9796,180
fock_sup_loss_ch_eta0p9_pn0p05_Nt5_ns2,fock_sup,loss_ch,0.9,0.05,5,2,120,19.5902,5.00001,true,-19.5902,,,19.5902,180
fock_sup_loss_ch_eta0p9_pn0p05_Nt5_ns3,fock_sup,loss_ch,0.9,0.05,5,3,120,20.9591,5,true,-20.9591,,,20.9591,180
fock_sup_loss_ch_eta0p9_pn0p05_Nt5_ns4,fock_sup,loss_ch,0.9,0.05,5,4,120,20.9591,5,true,-20.9591,,,20.9591,180
fock_sup_loss_ch_eta0p9_pn0p05_Nt5_ns5,fock_sup,loss_ch,0.9,0.05,5,5,120,21.2502,5,true,-21.2502,,,21.2502,180
fock_sup_loss_ch_eta0p9_pn0p05_Nt8_ns1,fock_sup,loss_ch,0.9,0.05,8,1,60,19.6672,8,true,-19.6672,,,19.6672,90
fock_sup_loss_ch_eta0p9_pn0p05_Nt8_ns2,fock_sup,loss_ch,0.9,0.05,8,2,60,22.0863,8,true,-22.0863,,,22.0863,90
fock_sup_loss_ch_eta0p9_pn0p05_Nt8_ns3,fock_sup,loss_ch,0.9,0.05,8,3,60,22.4978,8,true,-22.4978,,,22.4978,90
fock_sup_loss_ch_eta0p9_pn0p05_Nt10_ns1,fock_sup,loss_ch,0.9,0.05,10,1,200,20.1081,10,true,-20.1081,,,20.1081,300
fock_sup_loss_ch_eta0p9_pn0p05_Nt10_ns2,fock_sup,loss_ch,0.9,0.05,10,2,200,22.8023,9.99998,true,-22.8023,,,22.8023,300
fock_sup_loss_ch_eta0p9_pn0p05_Nt10_ns3,fock_sup,loss_ch,0.9,0.05,10,3,200,23.4106,10,true,-23.4106,,,23.4106,300
fock_sup_loss_ch_eta0p9_pn0p05_Nt10_ns4,fock_sup,loss_ch,0.9,0.05,10,4,200,23.5057,10,true,-23.5057,,,23.5057,300
fock_sup_loss_ch_eta0p9_pn0p05_Nt10_ns5,fock_sup,loss_ch,0.9,0.05,10,5,200,23.6504,10,true,-23.6504,,,23.6504,300
fock_sup_loss_ch_eta0p9_pn0p05_Nt30_ns1,fock_sup,loss_ch,0.9,0.05,30,1,120,20.3973,15,true,-20.3973,,,20.3973,180
fock_sup_loss_ch_eta0p9_pn0p05_Nt30_ns2,fock_sup,loss_ch,0.9,0.05,30,2,120,25.5011,29.3265,true,-25.5011,,,25.5011,180
fock_sup_loss_ch_eta0p9_pn0p05_Nt30_ns3,fock_sup,loss_ch,0.9,0.05,30,3,120,25.5787,30,true,-25.5787,,,25.5787,180
fock_sup_loss_ch_eta0p9_pn0p05_Nt35_ns1,fock_sup,loss_ch,0.9,0.05,35,1,120,20.3973,15,true,-20.3973,,,20.3973,180
fock_sup_loss_ch_eta0p9_pn0p05_Nt35_ns2,fock_sup,loss_ch,0.9,0.05,35,2,120,25.9634,34.2516,true,-25.9634,,,25.9634,180
fock_sup_loss_ch_eta0p9_pn0p05_Nt35_ns3,fock_sup,loss_ch,0.9,0.05,35,3,120,26.0194,35,true,-26.0194,,,26.0194,180
fock_sup_loss_ch_eta0p9_pn0p05_Nt40_ns1,fock_sup,loss_ch,0.9,0.05,40,1,120,20.3973,15,true,-20.3973,,,20.3973,180
fock_sup_loss_ch_eta0p9_pn0p05_Nt40_ns2,fock_sup,loss_ch,0.9,0.05,40,2,120,26.3181,39.1983,true,-26.3181,,,26.3181,180
fock_sup_loss_ch_eta0p9_pn0p05_Nt40_ns3,fock_sup,loss_ch,0.9,0.05,40,3,120,26.4509,40,true,-26.4509,,,26.4509,180
fock_sup_loss_ch_eta0p9_pn0p1_Nt0p5_ns1,fock_sup,loss_ch,0.9,0.1,0.5,1,150,3.79561,0,true,-3.79561,,,3.79561,225
fock_sup_loss_ch_eta0p9_pn0p1_Nt0p5_ns2,fock_sup,loss_ch,0.9,0.1,0.5,2,60,9.71842,0.500029,true,-9.71833,,,9.71842,90
fock_sup_loss_ch_eta0p9_pn0p1_Nt0p5_ns3,fock_sup,loss_ch,0.9,0.1,0.5,3,60,10.4424,0.500037,true,-10.4423,,,10.4424,90
fock_sup_loss_ch_eta0p9_pn0p1_Nt0p5_ns4,fock_sup,loss_ch,0.9,0.1,0.5,4,40,10.4422,0.500004,true,-10.4422,,,10.4422,60
fock_sup_loss_ch_eta0p9_pn0p1_Nt0p5_ns5,fock_sup,loss_ch,0.9,0.1,0.5,5,40,10.4422,0.500004,true,-10.4422,,,10.4422,60
fock_sup_loss_ch_eta0p9_pn0p1_Nt1_ns1,fock_sup,loss_ch,0.9,0.1,1,1,60,9.26129,1,true,-9.26129,,,9.26129,90
fock_sup_loss_ch_eta0p9_pn0p1_Nt1_ns2,fock_sup,loss_ch,0.9,0.1,1,2,150,11.802,1.00001,true,-11.8019,,,11.802,225
fock_sup_loss_ch_eta0p9_pn0p1_Nt1_ns3,fock_sup,loss_ch,0.9,0.1,1,3,60,13.2508,1.00002,true,-13.2508,,,13.2508,90
fock_sup_loss_ch_eta0p9_pn0p1_Nt1_ns4,fock_sup,loss_ch,0.9,0.1,1,4,40,13.2507,1,true,-13.2507,,,13.2507,60
fock_sup_loss_ch_eta0p9_pn0p1_Nt1_ns5,fock_sup,loss_ch,0.9,0.1,1,5,40,13.2507,1,true,-13.2507,,,13.2507,60
fock_sup_loss_ch_eta0p9_pn0p1_Nt2_ns1,fock_sup,loss_ch,0.9,0.1,2,1,150,12.8441,2,true,-12.8441,,,12.8441,225
fock_sup_loss_ch_eta0p9_pn0p1_Nt2_ns2,fock_sup,loss_ch,0.9,0.1,2,2,30,14.6889,2,true,-14.6889,,,14.6889,60
fock_sup_loss_ch_eta0p9_pn0p1_Nt2_ns3,fock_sup,loss_ch,0.9,0.1,2,3,150,15.7717,2.00001,true,-15.7717,,,15.7717,225
fock_sup_loss_ch_eta0p9_pn0p1_Nt2_ns4,fock_sup,loss_ch,0.9,0.1,2,4,40,15.7743,2,true,-15.7743,,,15.7743,60
fock_sup_loss_ch_eta0p9_pn0p1_Nt2_ns5,fock_sup,loss_ch,0.9,0.1,2,5,40,15.7717,2,true,-15.7717,,,15.7717,60
fock_sup_loss_ch_eta0p9_pn0p1_Nt3_ns1,fock_sup,loss_ch,0.9,0.1,3,1,60,15.2384,3,true,-15.2384,,,15.2384,90
fock_sup_loss_ch_eta0p9_pn0p1_Nt3_ns2,fock_sup,loss_ch,0.9,0.1,3,2,60,15.6949,2.6729,true,-15.6949,,,15.6949,90
fock_sup_loss_ch_eta0p9_pn0p1_Nt3_ns3,fock_sup,loss_ch,0.9,0.1,3,3,60,17.0492,3.00001,true,-17.0492,,,17.0492,90
fock_sup_loss_ch_eta0p9_pn0p1_Nt3_ns4,fock_sup,loss_ch,0.9,0.1,3,4,40,17.5109,3,true,-17.5109,,,17.5109,60
fock_sup_loss_ch_eta0p9_pn0p1_Nt3_ns5,fock_sup,loss_ch,0.9,0.1,3,5,40,17.3189,3,true,-17.3189,,,17.3189,60
fock_sup_loss_ch_eta0p9_pn0p1_Nt5_ns1,fock_sup,loss_ch,0.9,0.1,5,1,40,17.9796,5,true,-17.9796,,,17.9796,60
fock_sup_loss_ch_eta0p9_pn0p1_Nt5_ns2,fock_sup,loss_ch,0.9,0.1,5,2,40,18.6223,4.99999,true,-18.6223,,,18.6223,60
fock_sup_loss_ch_eta0p9_pn0p1_Nt5_ns3,fock_sup,loss_ch,0.9,0.1,5,3,60,19.0903,5,true,-19.0903,,,19.0903,90
fock_sup_loss_ch_eta0p9_pn0p1_Nt5_ns4,fock_sup,loss_ch,0.9,0.1,5,4,40,19.144,5,true,-19.144,,,19.1227,60
fock_sup_loss_ch_eta0p9_pn0p1_Nt5_ns5,fock_sup,loss_ch,0.9,0.1,5,5,40,19.3011,5,true,-19.3011,,,19.3011,60
fock_sup_loss_ch_eta0p9_pn0p1_Nt5_ns6,fock_sup,loss_ch,0.9,0.1,5,6,40,19.1358,5,true,-19.1358,,,19.1358,60
fock_sup_loss_ch_eta0p9_pn0p1_Nt5_ns7,fock_sup,loss_ch,0.9,0.1,5,7,40,19.1749,5,true,-19.1749,,,19.1749,60
fock_sup_loss_ch_eta0p9_pn0p1_Nt8_ns1,fock_sup,loss_ch,0.9,0.1,8,1,60,19.6672,8,true,-19.6672,,,19.6672,90
fock_sup_loss_ch_eta0p9_pn0p1_Nt8_ns2,fock_sup,loss_ch,0.9,0.1,8,2,60,20.6355,8,true,-20.6355,,,20.6355,90
fock_sup_loss_ch_eta0p9_pn0p1_Nt8_ns3,fock_sup,loss_ch,0.9,0.1,8,3,60,20.8285,8,true,-20.8285,,,20.8285,90
fock_sup_loss_ch_eta0p9_pn0p1_Nt8_ns4,fock_sup,loss_ch,0.9,0.1,8,4,70,20.8285,8,true,-20.8285,,,20.8285,105
fock_sup_loss_ch_eta0p9_pn0p1_Nt8_ns5,fock_sup,loss_ch,0.9,0.1,8,5,70,20.8341,8,true,-20.8341,,,20.8341,105
fock_sup_loss_ch_eta0p9_pn0p1_Nt10_ns1,fock_sup,loss_ch,0.9,0.1,10,1,60,20.1081,10,true,-20.1081,,,20.1081,90
fock_sup_loss_ch_eta0p9_pn0p1_Nt10_ns2,fock_sup,loss_ch,0.9,0.1,10,2,60,21.1396,10,true,-21.1396,,,21.1396,90
fock_sup_loss_ch_eta0p9_pn0p1_Nt10_ns3,fock_sup,loss_ch,0.9,0.1,10,3,60,21.4133,10,true,-21.4133,,,21.4133,90
fock_sup_loss_ch_eta0p9_pn0p1_Nt10_ns4,fock_sup,loss_ch,0.9,0.1,10,4,60,21.5702,10,true,-21.5702,,,21.5702,90
fock_sup_loss_ch_eta0p9_pn0p1_Nt10_ns5,fock_sup,loss_ch,0.9,0.1,10,5,60,21.5735,10,true,-21.5735,,,21.5735,90
fock_sup_loss_ch_eta0p9_pn0p1_Nt15_ns1,fock_sup,loss_ch,0.9,0.1,15,1,70,20.3973,15,true,-20.3973,,,20.3973,105
fock_sup_loss_ch_eta0p9_pn0p1_Nt15_ns2,fock_sup,loss_ch,0.9,0.1,15,2,70,22.8218,14.7278,true,-22.8218,,,22.8218,105
fock_sup_loss_ch_eta0p9_pn0p1_Nt15_ns3,fock_sup,loss_ch,0.9,0.1,15,3,70,22.9391,15,true,-22.9391,,,22.9391,105
fock_sup_loss_ch_eta0p9_pn0p1_Nt15_ns4,fock_sup,loss_ch,0.9,0.1,15,4,70,22.9078,15,true,-22.9078,,,22.9078,105
fock_sup_loss_ch_eta0p9_pn0p1_Nt15_ns5,fock_sup,loss_ch,0.9,0.1,15,5,70,22.982,15,true,-22.982,,,22.982,105
fock_sup_loss_ch_eta0p9_pn0p1_Nt20_ns1,fock_sup,loss_ch,0.9,0.1,20,1,200,20.3973,15,true,-20.3973,,,20.3973,300
fock_sup_loss_ch_eta0p9_pn0p1_Nt20_ns2,fock_sup,loss_ch,0.9,0.1,20,2,200,23.9302,19.5747,true,-23.9302,,,23.9302,300
fock_sup_loss_ch_eta0p9_pn0p1_Nt20_ns3,fock_sup,loss_ch,0.9,0.1,20,3,200,23.9669,20,true,-23.9669,,,23.9669,300
fock_sup_loss_ch_eta0p9_pn0p1_Nt20_ns4,fock_sup,loss_ch,0.9,0.1,20,4,200,23.9325,19.5745,true,-23.9325,,,23.9325,300
fock_sup_loss_ch_eta0p9_pn0p1_Nt20_ns5,fock_sup,loss_ch,0.9,0.1,20,5,200,24.013,20,true,-24.013,,,24.013,300
fock_sup_loss_ch_eta0p9_pn0p1_Nt25_ns1,fock_sup,loss_ch,0.9,0.1,25,1,100,20.3973,15,true,-20.3973,,,20.3973,150
fock_sup_loss_ch_eta0p9_pn0p1_Nt25_ns2,fock_sup,loss_ch,0.9,0.1,25,2,100,24.7364,24.4421,true,-24.7364,,,24.7364,150
fock_sup_loss_ch_eta0p9_pn0p1_Nt25_ns3,fock_sup,loss_ch,0.9,0.1,25,3,100,24.7364,24.4421,true,-24.7364,,,24.7364,150
fock_sup_loss_ch_eta0p9_pn0p1_Nt25_ns4,fock_sup,loss_ch,0.9,0.1,25,4,100,24.7692,25,true,-24.7692,,,24.7692,150
fock_sup_loss_ch_eta0p9_pn0p1_Nt25_ns5,fock_sup,loss_ch,0.9,0.1,25,5,100,24.7383,24.4847,true,-24.7383,,,24.7383,150
fock_sup_loss_ch_eta0p9_pn0p1_Nt30_ns1,fock_sup,loss_ch,0.9,0.1,30,1,120,20.3973,15,true,-20.3973,,,20.3973,180
fock_sup_loss_ch_eta0p9_pn0p1_Nt30_ns2,fock_sup,loss_ch,0.9,0.1,30,2,120,25.3405,29.3372,true,-25.3405,,,25.3405,180
fock_sup_loss_ch_eta0p9_pn0p1_Nt30_ns3,fock_sup,loss_ch,0.9,0.1,30,3,120,25.3707,30,true,-25.3707,,,25.3707,180
fock_sup_loss_ch_eta0p9_pn0p1_Nt30_ns4,fock_sup,loss_ch,0.9,0.1,30,4,250,25.8466,29.9935,true,-25.8466,,,25.3784,500
fock_sup_loss_ch_eta0p9_pn0p1_Nt30_ns5,fock_sup,loss_ch,0.9,0.1,30,5,250,25.4817,30,true,-25.4817,,,25.4817,375
fock_sup_loss_ch_eta0p9_pn0p1_Nt35_ns1,fock_sup,loss_ch,0.9,0.1,35,1,120,20.3973,15,true,-20.3973,,,20.3973,180
fock_sup_loss_ch_eta0p9_pn0p1_Nt35_ns2,fock_sup,loss_ch,0.9,0.1,35,2,120,25.8002,34.259,true,-25.8002,,,25.8002,180
fock_sup_loss_ch_eta0p9_pn0p1_Nt40_ns1,fock_sup,loss_ch,0.9,0.1,40,1,120,20.3973,15,true,-20.3973,,,20.3973,180
fock_sup_loss_ch_eta0p9_pn0p1_Nt40_ns2,fock_sup,loss_ch,0.9,0.1,40,2,120,26.1547,39.2028,true,-26.1547,,,26.1547,180
fock_sup_loss_ch_eta0p9_pn0p1_Nt40_ns3,fock_sup,loss_ch,0.9,0.1,40,3,250,26.1809,40,true,-26.1809,,,26.1809,375
fock_sup_loss_ch_eta0p9_pn0p1_Nt40_ns4,fock_sup,loss_ch,0.9,0.1,40,4,250,27.0369,39.0675,true,-27.0369,,,26.4066,500
fock_sup_loss_ch_eta0p9_pn0p1_Nt40_ns5,fock_sup,loss_ch,0.9,0.1,40,5,250,27.2342,39.9702,true,-27.2342,,,26.5348,500
fock_sup_loss_ch_eta0p9_pn0p1_Nt50_ns1,fock_sup,loss_ch,0.9,0.1,50,1,120,20.3973,15,true,-20.3973,,,20.3973,180
fock_sup_loss_ch_eta0p9_pn0p1_Nt50_ns2,fock_sup,loss_ch,0.9,0.1,50,2,150,26.6527,49.1347,true,-26.6527,,,26.6527,225
fock_sup_loss_ch_eta0p9_pn0p1_Nt50_ns3,fock_sup,loss_ch,0.9,0.1,50,3,150,26.6727,50,true,-26.6727,,,26.6727,225
fock_sup_loss_ch_eta0p9_pn0p15_Nt1_ns1,fock_sup,loss_ch,0.9,0.15,1,1,40,9.26129,1,true,-9.26129,,,9.26129,60
fock_sup_loss_ch_eta0p9_pn0p15_Nt1_ns2,fock_sup,loss_ch,0.9,0.15,1,2,40,11.673,1,true,-11.673,,,11.673,60
fock_sup_loss_ch_eta0p9_pn0p15_Nt1_ns3,fock_sup,loss_ch,0.9,0.15,1,3,40,12.8401,1,true,-12.8401,,,12.8401,60
fock_sup_loss_ch_eta0p9_pn0p15_Nt1_ns4,fock_sup,loss_ch,0.9,0.15,1,4,40,12.8401,1,true,-12.8401,,,12.8401,60
fock_sup_loss_ch_eta0p9_pn0p15_Nt1_ns5,fock_sup,loss_ch,0.9,0.15,1,5,40,12.8401,1,true,-12.8401,,,12.8401,60
fock_sup_loss_ch_eta0p9_pn0p15_Nt5_ns1,fock_sup,loss_ch,0.9,0.15,5,1,120,17.9796,5,true,-17.9796,,,17.9796,180
fock_sup_loss_ch_eta0p9_pn0p15_Nt5_ns2,fock_sup,loss_ch,0.9,0.15,5,2,120,18.0947,5,true,-18.0947,,,18.0947,180
fock_sup_loss_ch_eta0p9_pn0p15_Nt5_ns3,fock_sup,loss_ch,0.9,0.15,5,3,120,18.2579,5,true,-18.2579,,,18.2579,180
fock_sup_loss_ch_eta0p9_pn0p15_Nt5_ns4,fock_sup,loss_ch,0.9,0.15,5,4,120,18.4375,5,true,-18.4375,,,18.4375,180
fock_sup_loss_ch_eta0p9_pn0p15_Nt5_ns5,fock_sup,loss_ch,0.9,0.15,5,5,120,18.5052,5,true,-18.5052,,,18.5052,180
fock_sup_loss_ch_eta0p9_pn0p2_Nt0p5_ns1,fock_sup,loss_ch,0.9,0.2,0.5,1,60,3.79561,0,true,-3.79561,,,3.79561,90
fock_sup_loss_ch_eta0p9_pn0p2_Nt0p5_ns2,fock_sup,loss_ch,0.9,0.2,0.5,2,60,9.39752,0.500028,true,-9.39744,,,9.39752,90
fock_sup_loss_ch_eta0p9_pn0p2_Nt0p5_ns3,fock_sup,loss_ch,0.9,0.2,0.5,3,60,9.39752,0.500028,true,-9.39744,,,9.39752,90
fock_sup_loss_ch_eta0p9_pn0p2_Nt0p5_ns4,fock_sup,loss_ch,0.9,0.2,0.5,4,40,9.83344,0.500003,true,-9.83343,,,9.83344,60
fock_sup_loss_ch_eta0p9_pn0p2_Nt0p5_ns5,fock_sup,loss_ch,0.9,0.2,0.5,5,40,9.85309,0.500003,true,-9.85308,,,9.85309,60
fock_sup_loss_ch_eta0p9_pn0p2_Nt1_ns1,fock_sup,loss_ch,0.9,0.2,1,1,60,9.26129,1,true,-9.26129,,,9.26129,90
fock_sup_loss_ch_eta0p9_pn0p2_Nt1_ns2,fock_sup,loss_ch,0.9,0.2,1,2,60,11.5024,1.00002,true,-11.5024,,,11.5024,90
fock_sup_loss_ch_eta0p9_pn0p2_Nt1_ns3,fock_sup,loss_ch,0.9,0.2,1,3,60,12.4369,1.00002,true,-12.4368,,,12.4369,90
fock_sup_loss_ch_eta0p9_pn0p2_Nt1_ns4,fock_sup,loss_ch,0.9,0.2,1,4,40,12.4368,1,true,-12.4368,,,12.4368,60
fock_sup_loss_ch_eta0p9_pn0p2_Nt1_ns5,fock_sup,loss_ch,0.9,0.2,1,5,40,12.5014,1,true,-12.5014,,,12.5014,60
fock_sup_loss_ch_eta0p9_pn0p2_Nt2_ns1,fock_sup,loss_ch,0.9,0.2,2,1,60,12.8441,2,true,-12.8441,,,12.8441,90
fock_sup_loss_ch_eta0p9_pn0p2_Nt2_ns2,fock_sup,loss_ch,0.9,0.2,2,2,60,14.3713,2,true,-14.3713,,,14.3713,90
fock_sup_loss_ch_eta0p9_pn0p2_Nt2_ns3,fock_sup,loss_ch,0.9,0.2,2,3,60,14.9205,2.00001,true,-14.9205,,,14.9205,90
fock_sup_loss_ch_eta0p9_pn0p2_Nt2_ns4,fock_sup,loss_ch,0.9,0.2,2,4,40,14.9205,2,true,-14.9205,,,14.9205,60
fock_sup_loss_ch_eta0p9_pn0p2_Nt2_ns5,fock_sup,loss_ch,0.9,0.2,2,5,40,14.9205,2,true,-14.9205,,,14.9205,60
fock_sup_loss_ch_eta0p9_pn0p2_Nt3_ns1,fock_sup,loss_ch,0.9,0.2,3,1,60,15.2384,3,true,-15.2384,,,15.2384,90
fock_sup_loss_ch_eta0p9_pn0p2_Nt3_ns2,fock_sup,loss_ch,0.9,0.2,3,2,60,15.3717,2.57998,true,-15.3717,,,15.3717,90
fock_sup_loss_ch_eta0p9_pn0p2_Nt3_ns3,fock_sup,loss_ch,0.9,0.2,3,3,60,16.1621,3.00001,true,-16.1621,,,16.1621,90
fock_sup_loss_ch_eta0p9_pn0p2_Nt5_ns1,fock_sup,loss_ch,0.9,0.2,5,1,120,17.9796,5,true,-17.9796,,,17.9796,180
fock_sup_loss_ch_eta0p9_pn0p2_Nt5_ns2,fock_sup,loss_ch,0.9,0.2,5,2,120,17.9796,5,true,-17.9796,,,17.9796,180
fock_sup_loss_ch_eta0p9_pn0p2_Nt5_ns3,fock_sup,loss_ch,0.9,0.2,5,3,120,17.9796,5,true,-17.9796,,,17.9796,180
fock_sup_loss_ch_eta0p9_pn0p2_Nt5_ns4,fock_sup,loss_ch,0.9,0.2,5,4,120,18.2813,5.00001,true,-18.2813,,,18.2813,180
fock_sup_loss_ch_eta0p9_pn0p2_Nt5_ns5,fock_sup,loss_ch,0.9,0.2,5,5,120,18.0863,5,true,-18.0863,,,18.0863,180
fock_sup_loss_ch_eta0p9_pn0p2_Nt8_ns1,fock_sup,loss_ch,0.9,0.2,8,1,60,19.6672,8,true,-19.6672,,,19.6672,90
fock_sup_loss_ch_eta0p9_pn0p2_Nt8_ns2,fock_sup,loss_ch,0.9,0.2,8,2,60,19.6672,8,true,-19.6672,,,19.6672,90
fock_sup_loss_ch_eta0p9_pn0p2_Nt8_ns3,fock_sup,loss_ch,0.9,0.2,8,3,60,20.0931,8,true,-20.0931,,,20.0931,90
fock_sup_loss_ch_eta0p9_pn0p2_Nt10_ns1,fock_sup,loss_ch,0.9,0.2,10,1,120,20.1081,10,true,-20.1081,,,20.1081,180
fock_sup_loss_ch_eta0p9_pn0p2_Nt10_ns2,fock_sup,loss_ch,0.9,0.2,10,2,60,20.9659,9.90974,true,-20.9659,,,20.9659,90
fock_sup_loss_ch_eta0p9_pn0p2_Nt10_ns3,fock_sup,loss_ch,0.9,0.2,10,3,60,20.9659,9.90974,true,-20.9659,,,20.9659,90
fock_sup_loss_ch_eta0p9_pn0p2_Nt10_ns4,fock_sup,loss_ch,0.9,0.2,10,4,60,20.9744,10,true,-20.9744,,,20.9744,90
fock_sup_loss_ch_eta0p9_pn0p2_Nt10_ns5,fock_sup,loss_ch,0.9,0.2,10,5,60,20.9744,10,true,-20.9744,,,20.9744,90
fock_sup_loss_ch_eta0p9_pn0p2_Nt20_ns1,fock_sup,loss_ch,0.9,0.2,20,1,200,20.3973,15,true,-20.3973,,,20.3973,300
fock_sup_loss_ch_eta0p9_pn0p2_Nt20_ns2,fock_sup,loss_ch,0.9,0.2,20,2,200,23.4315,19.6305,true,-23.4315,,,23.4315,300
fock_sup_loss_ch_eta0p9_pn0p2_Nt20_ns3,fock_sup,loss_ch,0.9,0.2,20,3,200,23.6866,19.5882,true,-23.6866,,,23.4534,300
fock_sup_loss_ch_eta0p9_pn0p2_Nt20_ns4,fock_sup,loss_ch,0.9,0.2,20,4,200,23.4448,19.6365,true,-23.4448,,,23.4448,300
fock_sup_loss_ch_eta0p9_pn0p2_Nt20_ns5,fock_sup,loss_ch,0.9,0.2,20,5,200,6723.78,19.5791,true,-6723.78,,,23.0887,450
fock_sup_loss_ch_eta0p9_pn0p2_Nt30_ns1,fock_sup,loss_ch,0.9,0.2,30,1,120,20.3973,15,true,-20.3973,,,20.3973,180
fock_sup_loss_ch_eta0p9_pn0p2_Nt30_ns2,fock_sup,loss_ch,0.9,0.2,30,2,120,24.7394,29.3819,true,-24.7394,,,24.7394,180
fock_sup_loss_ch_eta0p9_pn0p2_Nt30_ns3,fock_sup,loss_ch,0.9,0.2,30,3,120,24.7394,29.3819,true,-24.7394,,,24.7394,180
fock_sup_loss_ch_eta0p9_pn0p2_Nt50_ns1,fock_sup,loss_ch,0.9,0.2,50,1,120,20.3973,15,true,-20.3973,,,20.3973,180
fock_sup_loss_ch_eta0p9_pn0p2_Nt50_ns2,fock_sup,loss_ch,0.9,0.2,50,2,120,26.0377,49.1461,true,-26.0377,,,26.0377,180
fock_sup_loss_ch_eta0p9_pn0p2_Nt50_ns3,fock_sup,loss_ch,0.9,0.2,50,3,120,26.5741,49.8271,true,-26.5741,,,26.5741,180
fock_sup_loss_ch_eta0p9_pn0p25_Nt5_ns1,fock_sup,loss_ch,0.9,0.25,5,1,40,17.9796,5,true,-17.9796,,,17.9796,60
fock_sup_loss_ch_eta0p9_pn0p25_Nt5_ns2,fock_sup,loss_ch,0.9,0.25,5,2,40,17.9796,5,true,-17.9796,,,17.9796,60
fock_sup_loss_ch_eta0p9_pn0p25_Nt5_ns3,fock_sup,loss_ch,0.9,0.25,5,3,40,17.9848,4.99937,true,-17.9848,,,17.9848,60
fock_sup_loss_ch_eta0p9_pn0p3_Nt1_ns1,fock_sup,loss_ch,0.9,0.3,1,1,40,9.26129,1,true,-9.26129,,,9.26129,60
fock_sup_loss_ch_eta0p9_pn0p3_Nt1_ns2,fock_sup,loss_ch,0.9,0.3,1,2,40,11.0627,1,true,-11.0627,,,11.0627,60
fock_sup_loss_ch_eta0p9_pn0p3_Nt1_ns3,fock_sup,loss_ch,0.9,0.3,1,3,40,11.0627,1,true,-11.0627,,,11.0627,60
fock_sup_loss_ch_eta0p9_pn0p3_Nt1_ns4,fock_sup,loss_ch,0.9,0.3,1,4,40,11.6836,1,true,-11.6836,,,11.6836,60
fock_sup_loss_ch_eta0p9_pn0p3_Nt1_ns5,fock_sup,loss_ch,0.9,0.3,1,5,40,11.6836,1,true,-11.6836,,,11.6836,60
fock_sup_loss_ch_eta0p9_pn0p3_Nt2_ns1,fock_sup,loss_ch,0.9,0.3,2,1,60,12.8441,2,true,-12.8441,,,12.8441,90
fock_sup_loss_ch_eta0p9_pn0p3_Nt2_ns2,fock_sup,loss_ch,0.9,0.3,2,2,60,13.8887,2,true,-13.8887,,,13.8887,90
fock_sup_loss_ch_eta0p9_pn0p3_Nt5_ns1,fock_sup,loss_ch,0.9,0.3,5,1,40,17.9796,5,true,-17.9796,,,17.9796,60
fock_sup_loss_ch_eta0p9_pn0p3_Nt5_ns2,fock_sup,loss_ch,0.9,0.3,5,2,40,17.9796,5,true,-17.9796,,,17.9796,60
fock_sup_loss_ch_eta0p9_pn0p3_Nt5_ns3,fock_sup,loss_ch,0.9,0.3,5,3,40,17.9796,5,true,-17.9796,,,17.9796,60
fock_sup_loss_ch_eta0p9_pn0p3_Nt5_ns4,fock_sup,loss_ch,0.9,0.3,5,4,40,17.9838,4.99954,true,-17.9838,,,17.9838,60
fock_sup_loss_ch_eta0p9_pn0p3_Nt5_ns5,fock_sup,loss_ch,0.9,0.3,5,5,40,18.1049,5,true,-18.1049,,,17.9838,60
fock_sup_loss_ch_eta0p9_pn0p35_Nt5_ns1,fock_sup,loss_ch,0.9,0.35,5,1,40,17.9796,5,true,-17.9796,,,17.9796,60
fock_sup_loss_ch_eta0p9_pn0p35_Nt5_ns2,fock_sup,loss_ch,0.9,0.35,5,2,40,17.9796,5,true,-17.9796,,,17.9796,60
fock_sup_loss_ch_eta0p9_pn0p35_Nt5_ns3,fock_sup,loss_ch,0.9,0.35,5,3,40,17.9796,5,true,-17.9796,,,17.9796,60
fock_sup_loss_ch_eta0p9_pn0p4_Nt1_ns1,fock_sup,loss_ch,0.9,0.4,1,1,120,9.26129,1,true,-9.26129,,,9.26129,180
fock_sup_loss_ch_eta0p9_pn0p4_Nt1_ns2,fock_sup,loss_ch,0.9,0.4,1,2,120,10.5348,1,true,-10.5348,,,10.5348,180
fock_sup_loss_ch_eta0p9_pn0p4_Nt1_ns3,fock_sup,loss_ch,0.9,0.4,1,3,120,10.9607,1,true,-10.9607,,,10.9607,180
fock_sup_loss_ch_eta0p9_pn0p4_Nt1_ns4,fock_sup,loss_ch,0.9,0.4,1,4,120,10.5348,1,true,-10.5348,,,10.5348,180
fock_sup_loss_ch_eta0p9_pn0p4_Nt1_ns5,fock_sup,loss_ch,0.9,0.4,1,5,40,10.9699,1,true,-10.9699,,,10.9699,60
fock_sup_loss_ch_eta0p9_pn0p4_Nt2_ns1,fock_sup,loss_ch,0.9,0.4,2,1,60,12.8441,2,true,-12.8441,,,12.8441,90
fock_sup_loss_ch_eta0p9_pn0p4_Nt2_ns2,fock_sup,loss_ch,0.9,0.4,2,2,60,13.2987,2,true,-13.2987,,,13.2987,90
fock_sup_loss_ch_eta0p9_pn0p4_Nt5_ns1,fock_sup,loss_ch,0.9,0.4,5,1,40,17.9796,5,true,-17.9796,,,17.9796,60
fock_sup_loss_ch_eta0p9_pn0p4_Nt5_ns2,fock_sup,loss_ch,0.9,0.4,5,2,40,17.9796,5,true,-17.9796,,,17.9796,60
fock_sup_loss_ch_eta0p9_pn0p4_Nt5_ns3,fock_sup,loss_ch,0.9,0.4,5,3,40,17.9796,5,true,-17.9796,,,17.9796,60
fock_sup_loss_ch_eta0p9_pn0p4_Nt5_ns4,fock_sup,loss_ch,0.9,0.4,5,4,40,18.0227,5,true,-18.0227,,,17.9995,60
fock_sup_loss_ch_eta0p9_pn0p4_Nt5_ns5,fock_sup,loss_ch,0.9,0.4,5,5,40,18.0408,5,true,-18.0408,,,17.9796,60
fock_sup_loss_ch_eta0p9_pn0p45_Nt5_ns1,fock_sup,loss_ch,0.9,0.45,5,1,40,17.9796,5,true,-17.9796,,,17.9796,60
fock_sup_loss_ch_eta0p9_pn0p45_Nt5_ns2,fock_sup,loss_ch,0.9,0.45,5,2,40,17.9796,5,true,-17.9796,,,17.9796,60
fock_sup_loss_ch_eta0p9_pn0p45_Nt5_ns3,fock_sup,loss_ch,0.9,0.45,5,3,40,17.9796,5,true,-17.9796,,,17.9796,60
fock_sup_loss_ch_eta0p9_pn0p5_Nt0p5_ns1,fock_sup,loss_ch,0.9,0.5,0.5,1,60,3.79561,0,true,-3.79561,,,3.79561,90
fock_sup_loss_ch_eta0p9_pn0p5_Nt0p5_ns2,fock_sup,loss_ch,0.9,0.5,0.5,2,60,7.9548,0.500024,true,-7.95474,,,7.9548,90
fock_sup_loss_ch_eta0p9_pn0p5_Nt0p5_ns3,fock_sup,loss_ch,0.9,0.5,0.5,3,60,7.9548,0.500024,true,-7.95474,,,7.9548,90
fock_sup_loss_ch_eta0p9_pn0p5_Nt1_ns1,fock_sup,loss_ch,0.9,0.5,1,1,60,9.26129,1,true,-9.26129,,,9.26129,90
fock_sup_loss_ch_eta0p9_pn0p5_Nt1_ns2,fock_sup,loss_ch,0.9,0.5,1,2,60,9.96897,1.00002,true,-9.96894,,,9.96897,90
fock_sup_loss_ch_eta0p9_pn0p5_Nt1_ns3,fock_sup,loss_ch,0.9,0.5,1,3,60,10.257,1.00002,true,-10.257,,,10.257,90
fock_sup_loss_ch_eta0p9_pn0p5_Nt1_ns4,fock_sup,loss_ch,0.9,0.5,1,4,60,9.99006,1,true,-9.99005,,,9.99006,90
fock_sup_loss_ch_eta0p9_pn0p5_Nt1_ns5,fock_sup,loss_ch,0.9,0.5,1,5,60,9.99006,1,true,-9.99005,,,9.99006,90
fock_sup_loss_ch_eta0p9_pn0p5_Nt2_ns1,fock_sup,loss_ch,0.9,0.5,2,1,60,12.8441,2,true,-12.8441,,,12.8441,90
fock_sup_loss_ch_eta0p9_pn0p5_Nt2_ns2,fock_sup,loss_ch,0.9,0.5,2,2,60,12.8441,2,true,-12.8441,,,12.8441,90
fock_sup_loss_ch_eta0p9_pn0p5_Nt2_ns3,fock_sup,loss_ch,0.9,0.5,2,3,60,13.2747,2.00003,true,-13.2746,,,13.2747,90
fock_sup_loss_ch_eta0p9_pn0p5_Nt3_ns1,fock_sup,loss_ch,0.9,0.5,3,1,60,15.2384,3,true,-15.2384,,,15.2384,90
fock_sup_loss_ch_eta0p9_pn0p5_Nt3_ns2,fock_sup,loss_ch,0.9,0.5,3,2,60,15.2384,3,true,-15.2384,,,15.2384,90
fock_sup_loss_ch_eta0p9_pn0p5_Nt3_ns3,fock_sup,loss_ch,0.9,0.5,3,3,60,15.2384,3,true,-15.2384,,,15.2384,90
fock_sup_loss_ch_eta0p9_pn0p5_Nt5_ns1,fock_sup,loss_ch,0.9,0.5,5,1,40,17.9796,5,true,-17.9796,,,17.9796,60
fock_sup_loss_ch_eta0p9_pn0p5_Nt5_ns2,fock_sup,loss_ch,0.9,0.5,5,2,40,17.9796,5,true,-17.9796,,,17.9796,60
fock_sup_loss_ch_eta0p9_pn0p5_Nt5_ns3,fock_sup,loss_ch,0.9,0.5,5,3,40,17.9796,5,true,-17.9796,,,17.9796,60
fock_sup_loss_ch_eta0p9_pn0p5_Nt5_ns4,fock_sup,loss_ch,0.9,0.5,5,4,40,17.9812,4.99988,true,-17.9812,,,17.9812,60
fock_sup_loss_ch_eta0p9_pn0p5_Nt5_ns5,fock_sup,loss_ch,0.9,0.5,5,5,40,18.0117,5,true,-18.0116,,,18.0117,60
fock_sup_loss_ch_eta0p9_pn0p5_Nt8_ns1,fock_sup,loss_ch,0.9,0.5,8,1,60,19.6672,8,true,-19.6672,,,19.6672,90
fock_sup_loss_ch_eta0p9_pn0p5_Nt8_ns2,fock_sup,loss_ch,0.9,0.5,8,2,60,19.6672,8,true,-19.6672,,,19.6672,90
fock_sup_loss_ch_eta0p9_pn0p5_Nt8_ns3,fock_sup,loss_ch,0.9,0.5,8,3,60,19.7848,7.99122,true,-19.7848,,,19.7848,90
fock_sup_loss_ch_eta0p9_pn0p5_Nt10_ns1,fock_sup,loss_ch,0.9,0.5,10,1,60,20.1081,10,true,-20.1081,,,20.1081,90
fock_sup_loss_ch_eta0p9_pn0p5_Nt10_ns2,fock_sup,loss_ch,0.9,0.5,10,2,60,20.3678,9.97995,true,-20.3678,,,20.3678,90
fock_sup_loss_ch_eta0p9_pn0p5_Nt10_ns3,fock_sup,loss_ch,0.9,0.5,10,3,60,20.3678,9.97995,true,-20.3678,,,20.3678,90
fock_sup_loss_ch_eta1_pn0_Nt1_ns1,fock_sup,loss_ch,1,0,1,1,40,12,1,true,-12,,,12,60
fock_sup_loss_ch_eta1_pn0_Nt1_ns2,fock_sup,loss_ch,1,0,1,2,40,17.6569,1,true,-17.6569,,,17.6569,60
fock_sup_loss_ch_eta1_pn0_Nt1_ns3,fock_sup,loss_ch,1,0,1,3,40,17.6569,1,true,-17.6569,,,17.6569,60
fock_sup_loss_ch_eta1_pn0_Nt1_ns4,fock_sup,loss_ch,1,0,1,4,40,21.6191,1.00001,true,-21.6191,,,21.6191,60
fock_sup_loss_ch_eta1_pn0_Nt1_ns5,fock_sup,loss_ch,1,0,1,5,40,21.6191,1.00001,true,-21.6191,,,21.6191,60
fock_sup_loss_ch_eta1_pn0_Nt2_ns1,fock_sup,loss_ch,1,0,2,1,60,20,2,true,-20,,,20,90
fock_sup_loss_ch_eta1_pn0_Nt2_ns2,fock_sup,loss_ch,1,0,2,2,60,29.798,2,true,-29.798,,,29.798,90
fock_sup_loss_ch_eta1_pn0_Nt5_ns1,fock_sup,loss_ch,1,0,5,1,120,44,5,true,-44,,,44,180
fock_sup_loss_ch_eta1_pn0_Nt5_ns2,fock_sup,loss_ch,1,0,5,2,100,65.9092,5.00004,true,-65.9091,,,65.9092,150
fock_sup_loss_ch_eta1_pn0_Nt5_ns3,fock_sup,loss_ch,1,0,5,3,100,74.98,5.00005,true,-74.9797,,,74.98,150
fock_sup_loss_ch_eta1_pn0_Nt5_ns4,fock_sup,loss_ch,1,0,5,4,100,79.4402,5.00001,true,-79.4402,,,79.4402,150
fock_sup_loss_ch_eta1_pn0_Nt5_ns5,fock_sup,loss_ch,1,0,5,5,100,81.9293,5.00001,true,-81.9292,,,81.9293,150
fock_sup_loss_ch_eta1_pn0_Nt10_ns1,fock_sup,loss_ch,1,0,10,1,200,84,10,true,-84,,,84,300
fock_sup_loss_ch_eta1_pn0_Nt10_ns2,fock_sup,loss_ch,1,0,10,2,200,125.952,10,true,-125.952,,,125.952,300
fock_sup_loss_ch_eta1_pn0_Nt10_ns3,fock_sup,loss_ch,1,0,10,3,200,143.329,10,true,-143.329,,,143.329,300
fock_sup_loss_ch_eta1_pn0_Nt10_ns4,fock_sup,loss_ch,1,0,10,4,200,146.658,10,true,-146.658,,,146.658,300
fock_sup_loss_ch_eta1_pn0_Nt10_ns5,fock_sup,loss_ch,1,0,10,5,200,156.44,10,true,-156.439,,,156.44,300
fock_sup_loss_ch_eta1_pn0_Nt30_ns1,fock_sup,loss_ch,1,0,30,1,120,244,30,true,-244,,,244,180
fock_sup_loss_ch_eta1_pn0_Nt30_ns2,fock_sup,loss_ch,1,0,30,2,120,365.984,30,true,-365.984,,,365.984,180
fock_sup_loss_ch_eta1_pn0_Nt30_ns3,fock_sup,loss_ch,1,0,30,3,120,416.511,30.0001,true,-416.511,,,416.511,180
fock_sup_loss_ch_eta1_pn0_Nt35_ns1,fock_sup,loss_ch,1,0,35,1,120,284,35,true,-284,,,284,180
fock_sup_loss_ch_eta1_pn0_Nt35_ns2,fock_sup,loss_ch,1,0,35,2,120,425.986,35,true,-425.986,,,425.986,180
fock_sup_loss_ch_eta1_pn0_Nt35_ns3,fock_sup,loss_ch,1,0,35,3,120,484.799,35.0001,true,-484.799,,,484.799,180
fock_sup_loss_ch_eta1_pn0_Nt40_ns1,fock_sup,loss_ch,1,0,40,1,120,324,40,true,-324,,,324,180
fock_sup_loss_ch_eta1_pn0_Nt40_ns2,fock_sup,loss_ch,1,0,40,2,120,485.988,40,false,-485.988,,,485.988,180
fock_sup_loss_ch_eta1_pn0_Nt40_ns3,fock_sup,loss_ch,1,0,40,3,120,553.086,40.0001,true,-553.085,,,553.086,180
fock_sup_loss_ch_eta1_pn0p05_Nt1_ns1,fock_sup,loss_ch,1,0.05,1,1,40,12,1,true,-12,,,12,60
fock_sup_loss_ch_eta1_pn0p05_Nt1_ns2,fock_sup,loss_ch,1,0.05,1,2,40,17.6287,1,true,-17.6287,,,17.6287,60
fock_sup_loss_ch_eta1_pn0p05_Nt1_ns3,fock_sup,loss_ch,1,0.05,1,3,40,21.5711,1.00001,true,-21.5711,,,21.5711,60
fock_sup_loss_ch_eta1_pn0p05_Nt1_ns4,fock_sup,loss_ch,1,0.05,1,4,40,21.5711,1.00001,true,-21.5711,,,21.5711,60
fock_sup_loss_ch_eta1_pn0p05_Nt1_ns5,fock_sup,loss_ch,1,0.05,1,5,40,22.6374,1.00001,true,-22.6374,,,22.6374,60
fock_sup_loss_ch_eta1_pn0p05_Nt5_ns1,fock_sup,loss_ch,1,0.05,5,1,120,44,5,true,-44,,,44,180
fock_sup_loss_ch_eta1_pn0p05_Nt5_ns2,fock_sup,loss_ch,1,0.05,5,2,120,65.8,5.00004,true,-65.7998,,,65.8,180
fock_sup_loss_ch_eta1_pn0p05_Nt5_ns3,fock_sup,loss_ch,1,0.05,5,3,120,74.8255,5.00005,true,-74.8252,,,74.8255,180
fock_sup_loss_ch_eta1_pn0p05_Nt5_ns4,fock_sup,loss_ch,1,0.05,5,4,120,74.825,5.00001,true,-74.8249,,,74.825,180
fock_sup_loss_ch_eta1_pn0p05_Nt5_ns5,fock_sup,loss_ch,1,0.05,5,5,120,79.2635,5.00001,true,-79.2634,,,79.2635,180
fock_sup_loss_ch_eta1_pn0p05_Nt10_ns1,fock_sup,loss_ch,1,0.05,10,1,200,84,10,true,-84,,,84,300
fock_sup_loss_ch_eta1_pn0p05_Nt10_ns2,fock_sup,loss_ch,1,0.05,10,2,200,125.743,10,true,-125.743,,,125.743,300
fock_sup_loss_ch_eta1_pn0p05_Nt10_ns3,fock_sup,loss_ch,1,0.05,10,3,200,143.033,10,true,-143.033,,,143.033,300
fock_sup_loss_ch_eta1_pn0p05_Nt10_ns4,fock_sup,loss_ch,1,0.05,10,4,200,143.061,10,true,-143.061,,,143.061,300
fock_sup_loss_ch_eta1_pn0p1_Nt1_ns1,fock_sup,loss_ch,1,0.1,1,1,40,12,1,true,-12,,,12,60
fock_sup_loss_ch_eta1_pn0p1_Nt1_ns2,fock_sup,loss_ch,1,0.1,1,2,40,17.5449,1,true,-17.5449,,,17.5449,60
fock_sup_loss_ch_eta1_pn0p1_Nt1_ns3,fock_sup,loss_ch,1,0.1,1,3,40,21.4286,1.00001,true,-21.4286,,,21.4286,60
fock_sup_loss_ch_eta1_pn0p1_Nt1_ns4,fock_sup,loss_ch,1,0.1,1,4,40,21.4286,1.00001,true,-21.4286,,,21.4286,60
fock_sup_loss_ch_eta1_pn0p1_Nt1_ns5,fock_sup,loss_ch,1,0.1,1,5,40,22.4791,1.00001,true,-22.479,,,22.4791,60
fock_sup_loss_ch_eta1_pn0p1_Nt2_ns1,fock_sup,loss_ch,1,0.1,2,1,60,20,2,true,-20,,,20,90
fock_sup_loss_ch_eta1_pn0p1_Nt2_ns2,fock_sup,loss_ch,1,0.1,2,2,60,29.604,2,true,-29.604,,,29.604,90
fock_sup_loss_ch_eta1_pn0p1_Nt5_ns1,fock_sup,loss_ch,1,0.1,5,1,120,44,5,true,-44,,,44,180
fock_sup_loss_ch_eta1_pn0p1_Nt5_ns2,fock_sup,loss_ch,1,0.1,5,2,100,65.4754,5.00004,true,-65.4752,,,65.4754,150
fock_sup_loss_ch_eta1_pn0p1_Nt5_ns3,fock_sup,loss_ch,1,0.1,5,3,100,74.3666,5.00005,true,-74.3663,,,74.3666,150
fock_sup_loss_ch_eta1_pn0p1_Nt5_ns4,fock_sup,loss_ch,1,0.1,5,4,100,78.9614,5.00001,true,-78.9614,,,78.9614,150
fock_sup_loss_ch_eta1_pn0p1_Nt5_ns5,fock_sup,loss_ch,1,0.1,5,5,120,81.179,5.00007,true,-81.1786,,,81.179,180
fock_sup_loss_ch_eta1_pn0p1_Nt30_ns1,fock_sup,loss_ch,1,0.1,30,1,120,244,30,true,-244,,,244,180
fock_sup_loss_ch_eta1_pn0p1_Nt30_ns2,fock_sup,loss_ch,1,0.1,30,2,120,363.568,30,true,-363.568,,,363.568,180
fock_sup_loss_ch_eta1_pn0p1_Nt30_ns3,fock_sup,loss_ch,1,0.1,30,3,120,413.095,30.0001,true,-413.095,,,413.095,180
fock_sup_loss_ch_eta1_pn0p1_Nt35_ns1,fock_sup,loss_ch,1,0.1,35,1,120,284,35,true,-284,,,284,180
fock_sup_loss_ch_eta1_pn0p1_Nt35_ns2,fock_sup,loss_ch,1,0.1,35,2,120,423.175,35,true,-423.175,,,423.175,180
fock_sup_loss_ch_eta1_pn0p1_Nt35_ns3,fock_sup,loss_ch,1,0.1,35,3,120,468.484,34.223,true,-468.484,,,468.484,180
fock_sup_loss_ch_eta1_pn0p1_Nt40_ns1,fock_sup,loss_ch,1,0.1,40,1,120,324,40,true,-324,,,324,180
fock_sup_loss_ch_eta1_pn0p1_Nt40_ns2,fock_sup,loss_ch,1,0.1,40,2,120,482.78,40,true,-482.78,,,482.78,180
fock_sup_loss_ch_eta1_pn0p1_Nt40_ns3,fock_sup,loss_ch,1,0.1,40,3,120,536.059,39.1952,true,-536.059,,,536.059,180
fock_sup_loss_ch_eta1_pn0p15_Nt1_ns1,fock_sup,loss_ch,1,0.15,1,1,40,12,1,true,-12,,,12,60
fock_sup_loss_ch_eta1_pn0p15_Nt1_ns2,fock_sup,loss_ch,1,0.15,1,2,40,17.408,1,true,-17.408,,,17.408,60
fock_sup_loss_ch_eta1_pn0p15_Nt1_ns3,fock_sup,loss_ch,1,0.15,1,3,40,17.408,1,true,-17.408,,,17.408,60
fock_sup_loss_ch_eta1_pn0p15_Nt1_ns4,fock_sup,loss_ch,1,0.15,1,4,40,22.2203,1.00001,true,-22.2203,,,22.2203,60
fock_sup_loss_ch_eta1_pn0p15_Nt1_ns5,fock_sup,loss_ch,1,0.15,1,5,40,22.5674,1.00001,true,-22.5673,,,22.5674,60
fock_sup_loss_ch_eta1_pn0p15_Nt5_ns1,fock_sup,loss_ch,1,0.15,5,1,120,44,5,true,-44,,,44,180
fock_sup_loss_ch_eta1_pn0p15_Nt5_ns2,fock_sup,loss_ch,1,0.15,5,2,120,64.9452,5.00004,true,-64.945,,,64.9452,180
fock_sup_loss_ch_eta1_pn0p15_Nt5_ns3,fock_sup,loss_ch,1,0.15,5,3,120,73.6168,5.00005,true,-73.6165,,,73.6168,180
fock_sup_loss_ch_eta1_pn0p15_Nt5_ns4,fock_sup,loss_ch,1,0.15,5,4,120,78.0982,5.00001,true,-78.0982,,,78.0982,180
fock_sup_loss_ch_eta1_pn0p15_Nt5_ns5,fock_sup,loss_ch,1,0.15,5,5,120,80.8933,5.00001,true,-80.8933,,,80.8933,180
fock_sup_loss_ch_eta1_pn0p2_Nt1_ns1,fock_sup,loss_ch,1,0.2,1,1,40,12,1,true,-12,,,12,60
fock_sup_loss_ch_eta1_pn0p2_Nt1_ns2,fock_sup,loss_ch,1,0.2,1,2,40,17.222,1,true,-17.222,,,17.222,60
fock_sup_loss_ch_eta1_pn0p2_Nt1_ns3,fock_sup,loss_ch,1,0.2,1,3,40,17.222,1,true,-17.222,,,17.222,60
fock_sup_loss_ch_eta1_pn0p2_Nt1_ns4,fock_sup,loss_ch,1,0.2,1,4,40,20.8796,1.00001,true,-20.8795,,,20.8796,60
fock_sup_loss_ch_eta1_pn0p2_Nt1_ns5,fock_sup,loss_ch,1,0.2,1,5,40,21.8688,1.00001,true,-21.8687,,,21.8688,60
fock_sup_loss_ch_eta1_pn0p2_Nt2_ns1,fock_sup,loss_ch,1,0.2,2,1,60,20,2,true,-20,,,20,90
fock_sup_loss_ch_eta1_pn0p2_Nt2_ns2,fock_sup,loss_ch,1,0.2,2,2,60,29.0447,2,true,-29.0447,,,29.0447,90
fock_sup_loss_ch_eta1_pn0p2_Nt5_ns1,fock_sup,loss_ch,1,0.2,5,1,120,44,5,true,-44,,,44,180
fock_sup_loss_ch_eta1_pn0p2_Nt5_ns2,fock_sup,loss_ch,1,0.2,5,2,100,64.2248,5.00004,true,-64.2246,,,64.2248,150
fock_sup_loss_ch_eta1_pn0p2_Nt5_ns3,fock_sup,loss_ch,1,0.2,5,3,120,71.1031,5.0001,true,-71.1022,,,71.1031,180
fock_sup_loss_ch_eta1_pn0p2_Nt5_ns4,fock_sup,loss_ch,1,0.2,5,4,120,76.7155,5.00001,true,-76.7154,,,76.7155,180
fock_sup_loss_ch_eta1_pn0p2_Nt5_ns5,fock_sup,loss_ch,1,0.2,5,5,120,76.7161,5.00006,true,-76.7157,,,76.7161,180
fock_sup_loss_ch_eta1_pn0p2_Nt30_ns1,fock_sup,loss_ch,1,0.2,30,1,120,244,30,true,-244,,,244,180
fock_sup_loss_ch_eta1_pn0p2_Nt30_ns2,fock_sup,loss_ch,1,0.2,30,2,120,356.605,30,true,-356.605,,,356.605,180
fock_sup_loss_ch_eta1_pn0p2_Nt30_ns3,fock_sup,loss_ch,1,0.2,30,3,120,356.605,30,true,-356.605,,,356.605,180
fock_sup_loss_ch_eta1_pn0p2_Nt35_ns1,fock_sup,loss_ch,1,0.2,35,1,120,284,35,true,-284,,,284,180
fock_sup_loss_ch_eta1_pn0p2_Nt35_ns2,fock_sup,loss_ch,1,0.2,35,2,120,415.07,35,true,-415.07,,,415.07,180
fock_sup_loss_ch_eta1_pn0p2_Nt35_ns3,fock_sup,loss_ch,1,0.2,35,3,120,469.361,35.0001,true,-469.361,,,469.361,180
fock_sup_loss_ch_eta1_pn0p2_Nt40_ns1,fock_sup,loss_ch,1,0.2,40,1,120,324,40,true,-324,,,324,180
fock_sup_loss_ch_eta1_pn0p2_Nt40_ns2,fock_sup,loss_ch,1,0.2,40,2,120,473.534,40,true,-473.534,,,473.534,180
fock_sup_loss_ch_eta1_pn0p2_Nt40_ns3,fock_sup,loss_ch,1,0.2,40,3,120,523.337,39.2041,true,-523.337,,,523.337,180
fock_sup_loss_ch_eta1_pn0p25_Nt5_ns1,fock_sup,loss_ch,1,0.25,5,1,40,44,5,true,-44,,,44,60
fock_sup_loss_ch_eta1_pn0p25_Nt5_ns2,fock_sup,loss_ch,1,0.25,5,2,40,63.3349,5.00004,true,-63.3347,,,63.3349,60
fock_sup_loss_ch_eta1_pn0p25_Nt5_ns3,fock_sup,loss_ch,1,0.25,5,3,40,71.3398,5.00005,true,-71.3395,,,71.3398,60
fock_sup_loss_ch_eta1_pn0p3_Nt1_ns1,fock_sup,loss_ch,1,0.3,1,1,40,12,1,true,-12,,,12,60
fock_sup_loss_ch_eta1_pn0p3_Nt1_ns2,fock_sup,loss_ch,1,0.3,1,2,40,16.725,1,true,-16.725,,,16.725,60
fock_sup_loss_ch_eta1_pn0p3_Nt1_ns3,fock_sup,loss_ch,1,0.3,1,3,40,20.0346,1.00001,true,-20.0345,,,20.0346,60
fock_sup_loss_ch_eta1_pn0p3_Nt1_ns4,fock_sup,loss_ch,1,0.3,1,4,40,20.9297,1.00001,true,-20.9296,,,20.9297,60
fock_sup_loss_ch_eta1_pn0p3_Nt1_ns5,fock_sup,loss_ch,1,0.3,1,5,40,20.0346,1.00001,true,-20.0345,,,20.0346,60
fock_sup_loss_ch_eta1_pn0p3_Nt2_ns1,fock_sup,loss_ch,1,0.3,2,1,60,20,2,true,-20,,,20,90
fock_sup_loss_ch_eta1_pn0p3_Nt2_ns2,fock_sup,loss_ch,1,0.3,2,2,60,28.184,2,true,-28.184,,,28.184,90
fock_sup_loss_ch_eta1_pn0p3_Nt5_ns1,fock_sup,loss_ch,1,0.3,5,1,100,44,5,true,-44,,,44,150
fock_sup_loss_ch_eta1_pn0p3_Nt5_ns2,fock_sup,loss_ch,1,0.3,5,2,100,62.3002,5.00004,true,-62.3,,,62.3002,150
fock_sup_loss_ch_eta1_pn0p3_Nt5_ns3,fock_sup,loss_ch,1,0.3,5,3,100,69.8767,5.00005,true,-69.8764,,,69.8767,150
fock_sup_loss_ch_eta1_pn0p3_Nt5_ns4,fock_sup,loss_ch,1,0.3,5,4,100,73.7922,5.00001,true,-73.7921,,,73.7922,150
fock_sup_loss_ch_eta1_pn0p3_Nt5_ns5,fock_sup,loss_ch,1,0.3,5,5,100,74.8118,5.00008,true,-74.8112,,,74.8118,150
fock_sup_loss_ch_eta1_pn0p35_Nt5_ns1,fock_sup,loss_ch,1,0.35,5,1,40,44,5,true,-44,,,44,60
fock_sup_loss_ch_eta1_pn0p35_Nt5_ns2,fock_sup,loss_ch,1,0.35,5,2,40,61.1485,5.00004,true,-61.1484,,,61.1485,60
fock_sup_loss_ch_eta1_pn0p35_Nt5_ns3,fock_sup,loss_ch,1,0.35,5,3,40,68.2482,5.00005,true,-68.248,,,68.2482,60
fock_sup_loss_ch_eta1_pn0p4_Nt1_ns1,fock_sup,loss_ch,1,0.4,1,1,40,12,1,true,-12,,,12,60
fock_sup_loss_ch_eta1_pn0p4_Nt1_ns2,fock_sup,loss_ch,1,0.4,1,2,40,16.1078,1,true,-16.1077,,,16.1078,60
fock_sup_loss_ch_eta1_pn0p4_Nt1_ns3,fock_sup,loss_ch,1,0.4,1,3,40,18.9849,1.00001,true,-18.9849,,,18.9849,60
fock_sup_loss_ch_eta1_pn0p4_Nt1_ns4,fock_sup,loss_ch,1,0.4,1,4,40,18.9849,1.00001,true,-18.9849,,,18.9849,60
fock_sup_loss_ch_eta1_pn0p4_Nt1_ns5,fock_sup,loss_ch,1,0.4,1,5,40,18.9849,1.00001,true,-18.9849,,,18.9849,60
fock_sup_loss_ch_eta1_pn0p4_Nt2_ns1,fock_sup,loss_ch,1,0.4,2,1,60,20,2,true,-20,,,20,90
fock_sup_loss_ch_eta1_pn0p4_Nt2_ns2,fock_sup,loss_ch,1,0.4,2,2,60,27.1148,2,true,-27.1148,,,27.1148,90
fock_sup_loss_ch_eta1_pn0p4_Nt5_ns1,fock_sup,loss_ch,1,0.4,5,1,40,44,5,true,-44,,,44,60
fock_sup_loss_ch_eta1_pn0p4_Nt5_ns2,fock_sup,loss_ch,1,0.4,5,2,40,59.9094,5.00004,true,-59.9093,,,59.9094,60
fock_sup_loss_ch_eta1_pn0p4_Nt5_ns3,fock_sup,loss_ch,1,0.4,5,3,40,66.4962,5.00005,true,-66.4959,,,66.4962,60
fock_sup_loss_ch_eta1_pn0p4_Nt5_ns4,fock_sup,loss_ch,1,0.4,5,4,40,69.7355,5.00006,true,-69.7351,,,69.7355,60
fock_sup_loss_ch_eta1_pn0p4_Nt5_ns5,fock_sup,loss_ch,1,0.4,5,5,40,69.9001,5.00001,true,-69.9,,,69.7355,60
fock_sup_loss_ch_eta1_pn0p45_Nt5_ns1,fock_sup,loss_ch,1,0.45,5,1,40,44,5,true,-44,,,44,60
fock_sup_loss_ch_eta1_pn0p45_Nt5_ns2,fock_sup,loss_ch,1,0.45,5,2,40,58.6131,5.00004,true,-58.6129,,,58.6131,60
fock_sup_loss_ch_eta1_pn0p45_Nt5_ns3,fock_sup,loss_ch,1,0.45,5,3,40,64.663,5.00005,true,-64.6628,,,64.663,60
fock_sup_loss_ch_eta1_pn0p5_Nt1_ns1,fock_sup,loss_ch,1,0.5,1,1,40,12,1,true,-12,,,12,60
fock_sup_loss_ch_eta1_pn0p5_Nt1_ns2,fock_sup,loss_ch,1,0.5,1,2,40,15.4311,1,true,-15.4311,,,15.4311,60
fock_sup_loss_ch_eta1_pn0p5_Nt1_ns3,fock_sup,loss_ch,1,0.5,1,3,40,15.4311,1,true,-15.4311,,,15.4311,60
fock_sup_loss_ch_eta1_pn0p5_Nt1_ns4,fock_sup,loss_ch,1,0.5,1,4,40,17.8343,1.00001,true,-17.8343,,,17.8343,60
fock_sup_loss_ch_eta1_pn0p5_Nt1_ns5,fock_sup,loss_ch,1,0.5,1,5,40,18.4843,1.00001,true,-18.4842,,,18.4843,60
fock_sup_loss_ch_eta1_pn0p5_Nt2_ns1,fock_sup,loss_ch,1,0.5,2,1,60,20,2,true,-20,,,20,90
fock_sup_loss_ch_eta1_pn0p5_Nt2_ns2,fock_sup,loss_ch,1,0.5,2,2,60,25.9428,2,true,-25.9428,,,25.9428,90
fock_sup_loss_ch_eta1_pn0p5_Nt5_ns1,fock_sup,loss_ch,1,0.5,5,1,40,44,5,true,-44,,,44,60
fock_sup_loss_ch_eta1_pn0p5_Nt5_ns2,fock_sup,loss_ch,1,0.5,5,2,40,57.2887,5.00004,true,-57.2886,,,57.2887,60
fock_sup_loss_ch_eta1_pn0p5_Nt5_ns3,fock_sup,loss_ch,1,0.5,5,3,40,62.7904,5.00005,true,-62.7902,,,62.7904,60
fock_sup_loss_ch_eta1_pn0p5_Nt5_ns4,fock_sup,loss_ch,1,0.5,5,4,40,65.6336,5.00001,true,-65.6335,,,62.7904,60
fock_sup_loss_ch_eta1_pn0p5_Nt5_ns5,fock_sup,loss_ch,1,0.5,5,5,40,67.0053,5.00001,true,-67.0052,,,66.374,60
fock_sup_loss_in_eta0p55_pn0_Nt5_ns1,fock_sup,loss_in,0.55,0,5,1,40,4.49956,3,true,-4.49956,,,4.49956,60
fock_sup_loss_in_eta0p55_pn0_Nt5_ns2,fock_sup,loss_in,0.55,0,5,2,40,6.59377,4.34381,true,-6.59377,,,6.59377,60
fock_sup_loss_in_eta0p55_pn0p05_Nt5_ns1,fock_sup,loss_in,0.55,0.05,5,1,40,4.49956,3,true,-4.49956,,,4.49956,60
fock_sup_loss_in_eta0p55_pn0p05_Nt5_ns2,fock_sup,loss_in,0.55,0.05,5,2,40,6.57087,4.34789,true,-6.57087,,,6.57087,60
fock_sup_loss_in_eta0p55_pn0p2_Nt5_ns1,fock_sup,loss_in,0.55,0.2,5,1,40,4.49956,3,true,-4.49956,,,4.49956,60
fock_sup_loss_in_eta0p55_pn0p2_Nt5_ns2,fock_sup,loss_in,0.55,0.2,5,2,40,6.26826,4.39603,true,-6.26826,,,6.26826,60
fock_sup_loss_in_eta0p5_pn0_Nt5_ns1,fock_sup,loss_in,0.5,0,5,1,40,4,1,true,-4,,,4,60
fock_sup_loss_in_eta0p5_pn0_Nt5_ns2,fock_sup,loss_in,0.5,0,5,2,40,6.05353,4.30629,true,-6.05353,,,6.05353,60
fock_sup_loss_in_eta0p5_pn0p05_Nt5_ns1,fock_sup,loss_in,0.5,0.05,5,1,40,4,1,true,-4,,,4,60
fock_sup_loss_in_eta0p5_pn0p05_Nt5_ns2,fock_sup,loss_in,0.5,0.05,5,2,40,6.03215,4.30977,true,-6.03215,,,6.03215,60
fock_sup_loss_in_eta0p5_pn0p2_Nt5_ns1,fock_sup,loss_in,0.5,0.2,5,1,40,4,1,true,-4,,,4,60
fock_sup_loss_in_eta0p5_pn0p2_Nt5_ns2,fock_sup,loss_in,0.5,0.2,5,2,40,5.74833,4.35078,true,-5.74833,,,5.74833,60
fock_sup_loss_in_eta0p65_pn0_Nt5_ns1,fock_sup,loss_in,0.65,0,5,1,40,5.9078,5,true,-5.9078,,,5.9078,60
fock_sup_loss_in_eta0p65_pn0_Nt5_ns2,fock_sup,loss_in,0.65,0,5,2,40,8.31954,5,true,-8.31954,,,8.31955,60
fock_sup_loss_in_eta0p65_pn0p05_Nt5_ns1,fock_sup,loss_in,0.65,0.05,5,1,40,5.9078,5,true,-5.9078,,,5.9078,60
fock_sup_loss_in_eta0p65_pn0p05_Nt5_ns2,fock_sup,loss_in,0.65,0.05,5,2,40,7.86473,4.60815,true,-7.86473,,,7.86474,60
fock_sup_loss_in_eta0p65_pn0p2_Nt5_ns1,fock_sup,loss_in,0.65,0.2,5,1,40,5.9078,5,true,-5.9078,,,5.9078,60
fock_sup_loss_in_eta0p65_pn0p2_Nt5_ns2,fock_sup,loss_in,0.65,0.2,5,2,40,7.60969,4.52302,true,-7.60969,,,7.60969,60
fock_sup_loss_in_eta0p6_pn0_Nt5_ns1,fock_sup,loss_in,0.6,0,5,1,40,5.12058,3,true,-5.12058,,,5.12058,60
fock_sup_loss_in_eta0p6_pn0_Nt5_ns2,fock_sup,loss_in,0.6,0,5,2,40,7.21971,4.39059,true,-7.21971,,,7.21971,60
fock_sup_loss_in_eta0p6_pn0p05_Nt5_ns1,fock_sup,loss_in,0.6,0.05,5,1,40,5.12058,3,true,-5.12058,,,5.12058,60
fock_sup_loss_in_eta0p6_pn0p05_Nt5_ns2,fock_sup,loss_in,0.6,0.05,5,2,40,7.19559,4.39518,true,-7.19559,,,7.19558,60
fock_sup_loss_in_eta0p6_pn0p2_Nt5_ns1,fock_sup,loss_in,0.6,0.2,5,1,40,5.12058,3,true,-5.12058,,,5.12058,60
fock_sup_loss_in_eta0p6_pn0p2_Nt5_ns2,fock_sup,loss_in,0.6,0.2,5,2,40,6.87668,4.45137,true,-6.87668,,,6.87668,60
fock_sup_loss_in_eta0p75_pn0_Nt5_ns1,fock_sup,loss_in,0.75,0,5,1,40,8.42927,5,true,-8.42927,,,8.42927,60
fock_sup_loss_in_eta0p75_pn0_Nt5_ns2,fock_sup,loss_in,0.75,0,5,2,40,11.7797,5.00001,true,-11.7797,,,11.7797,60
fock_sup_loss_in_eta0p75_pn0_Nt5_ns3,fock_sup,loss_in,0.75,0,5,3,40,12.3925,4.99909,true,-12.3925,,,12.3925,60
fock_sup_loss_in_eta0p75_pn0p05_Nt5_ns1,fock_sup,loss_in,0.75,0.05,5,1,40,8.42927,5,true,-8.42927,,,8.42927,60
fock_sup_loss_in_eta0p75_pn0p05_Nt5_ns2,fock_sup,loss_in,0.75,0.05,5,2,40,11.1598,5,true,-11.1598,,,11.1598,60
fock_sup_loss_in_eta0p75_pn0p05_Nt5_ns3,fock_sup,loss_in,0.75,0.05,5,3,40,11.6145,5,true,-11.6145,,,11.6145,60
fock_sup_loss_in_eta0p75_pn0p1_Nt5_ns1,fock_sup,loss_in,0.75,0.1,5,1,40,8.42927,5,true,-8.42927,,,8.42927,60
fock_sup_loss_in_eta0p75_pn0p1_Nt5_ns2,fock_sup,loss_in,0.75,0.1,5,2,40,10.0629,5.00001,true,-10.0629,,,10.0629,60
fock_sup_loss_in_eta0p75_pn0p1_Nt5_ns3,fock_sup,loss_in,0.75,0.1,5,3,40,10.2401,5.00001,true,-10.2401,,,10.2401,60
fock_sup_loss_in_eta0p75_pn0p15_Nt5_ns1,fock_sup,loss_in,0.75,0.15,5,1,40,8.42927,5,true,-8.42927,,,8.42927,60
fock_sup_loss_in_eta0p75_pn0p15_Nt5_ns2,fock_sup,loss_in,0.75,0.15,5,2,40,9.89937,4.69552,true,-9.89937,,,9.89937,60
fock_sup_loss_in_eta0p75_pn0p15_Nt5_ns3,fock_sup,loss_in,0.75,0.15,5,3,40,9.89937,4.69552,true,-9.89937,,,9.89937,60
fock_sup_loss_in_eta0p75_pn0p2_Nt5_ns1,fock_sup,loss_in,0.75,0.2,5,1,40,8.42927,5,true,-8.42927,,,8.42927,60
fock_sup_loss_in_eta0p75_pn0p2_Nt5_ns2,fock_sup,loss_in,0.75,0.2,5,2,40,9.76605,4.72331,true,-9.76605,,,9.76605,60
fock_sup_loss_in_eta0p75_pn0p2_Nt5_ns3,fock_sup,loss_in,0.75,0.2,5,3,40,9.80353,4.63641,true,-9.80353,,,9.80353,60
fock_sup_loss_in_eta0p75_pn0p25_Nt5_ns1,fock_sup,loss_in,0.75,0.25,5,1,40,8.42927,5,true,-8.42927,,,8.42927,60
fock_sup_loss_in_eta0p75_pn0p25_Nt5_ns2,fock_sup,loss_in,0.75,0.25,5,2,40,9.61435,4.75526,true,-9.61435,,,9.61435,60
fock_sup_loss_in_eta0p75_pn0p25_Nt5_ns3,fock_sup,loss_in,0.75,0.25,5,3,40,9.61435,4.75526,true,-9.61435,,,9.61435,60
fock_sup_loss_in_eta0p75_pn0p3_Nt5_ns1,fock_sup,loss_in,0.75,0.3,5,1,40,8.42927,5,true,-8.42927,,,8.42927,60
fock_sup_loss_in_eta0p75_pn0p3_Nt5_ns2,fock_sup,loss_in,0.75,0.3,5,2,40,9.45442,4.7895,true,-9.45442,,,9.45442,60
fock_sup_loss_in_eta0p75_pn0p3_Nt5_ns3,fock_sup,loss_in,0.75,0.3,5,3,40,9.45442,4.7895,true,-9.45442,,,9.45442,60
fock_sup_loss_in_eta0p75_pn0p35_Nt5_ns1,fock_sup,loss_in,0.75,0.35,5,1,40,8.42927,5,true,-8.42927,,,8.42927,60
fock_sup_loss_in_eta0p75_pn0p35_Nt5_ns2,fock_sup,loss_in,0.75,0.35,5,2,40,9.29557,4.82404,true,-9.29557,,,9.29557,60
fock_sup_loss_in_eta0p75_pn0p35_Nt5_ns3,fock_sup,loss_in,0.75,0.35,5,3,40,9.29557,4.82404,true,-9.29557,,,9.29557,60
fock_sup_loss_in_eta0p75_pn0p4_Nt5_ns1,fock_sup,loss_in,0.75,0.4,5,1,40,8.42927,5,true,-8.42927,,,8.42927,60
fock_sup_loss_in_eta0p75_pn0p4_Nt5_ns2,fock_sup,loss_in,0.75,0.4,5,2,40,9.1454,4.85694,true,-9.1454,,,9.1454,60
fock_sup_loss_in_eta0p75_pn0p4_Nt5_ns3,fock_sup,loss_in,0.75,0.4,5,3,40,9.1454,4.85694,true,-9.1454,,,9.1454,60
fock_sup_loss_in_eta0p75_pn0p45_Nt5_ns1,fock_sup,loss_in,0.75,0.45,5,1,40,8.42927,5,true,-8.42927,,,8.42927,60
fock_sup_loss_in_eta0p75_pn0p45_Nt5_ns2,fock_sup,loss_in,0.75,0.45,5,2,40,9.00932,4.88664,true,-9.00932,,,9.00932,60
fock_sup_loss_in_eta0p75_pn0p45_Nt5_ns3,fock_sup,loss_in,0.75,0.45,5,3,40,9.00932,4.88664,true,-9.00932,,,9.00932,60
fock_sup_loss_in_eta0p75_pn0p5_Nt5_ns1,fock_sup,loss_in,0.75,0.5,5,1,40,8.42927,5,true,-8.42927,,,8.42927,60
fock_sup_loss_in_eta0p75_pn0p5_Nt5_ns2,fock_sup,loss_in,0.75,0.5,5,2,40,8.89036,4.91218,true,-8.89036,,,8.89036,60
fock_sup_loss_in_eta0p75_pn0p5_Nt5_ns3,fock_sup,loss_in,0.75,0.5,5,3,40,8.89036,4.91218,true,-8.89036,,,8.89036,60
fock_sup_loss_in_eta0p7_pn0_Nt5_ns1,fock_sup,loss_in,0.7,0,5,1,40,6.96607,5,true,-6.96607,,,6.96607,60
fock_sup_loss_in_eta0p7_pn0_Nt5_ns2,fock_sup,loss_in,0.7,0,5,2,40,9.92351,5,true,-9.92351,,,9.92352,60
fock_sup_loss_in_eta0p7_pn0_Nt5_ns3,fock_sup,loss_in,0.7,0,5,3,40,10.6043,5,true,-10.6043,,,10.6043,60
fock_sup_loss_in_eta0p7_pn0p05_Nt5_ns1,fock_sup,loss_in,0.7,0.05,5,1,40,6.96607,5,true,-6.96607,,,6.96607,60
fock_sup_loss_in_eta0p7_pn0p05_Nt5_ns2,fock_sup,loss_in,0.7,0.05,5,2,40,9.40004,4.99999,true,-9.40004,,,9.40004,60
fock_sup_loss_in_eta0p7_pn0p05_Nt5_ns3,fock_sup,loss_in,0.7,0.05,5,3,40,9.84001,5,true,-9.84001,,,9.84001,60
fock_sup_loss_in_eta0p7_pn0p1_Nt5_ns1,fock_sup,loss_in,0.7,0.1,5,1,40,6.96607,5,true,-6.96607,,,6.96607,60
fock_sup_loss_in_eta0p7_pn0p1_Nt5_ns2,fock_sup,loss_in,0.7,0.1,5,2,40,8.78828,4.56198,true,-8.78828,,,8.78828,60
fock_sup_loss_in_eta0p7_pn0p1_Nt5_ns3,fock_sup,loss_in,0.7,0.1,5,3,40,8.78828,4.56198,true,-8.78828,,,8.78828,60
fock_sup_loss_in_eta0p7_pn0p15_Nt5_ns1,fock_sup,loss_in,0.7,0.15,5,1,40,6.96607,5,true,-6.96607,,,6.96607,60
fock_sup_loss_in_eta0p7_pn0p15_Nt5_ns2,fock_sup,loss_in,0.7,0.15,5,2,40,8.67633,4.58557,true,-8.67633,,,8.67633,60
fock_sup_loss_in_eta0p7_pn0p15_Nt5_ns3,fock_sup,loss_in,0.7,0.15,5,3,40,8.67633,4.58557,true,-8.67633,,,8.67633,60
fock_sup_loss_in_eta0p7_pn0p2_Nt5_ns1,fock_sup,loss_in,0.7,0.2,5,1,40,6.96607,5,true,-6.96607,,,6.96607,60
fock_sup_loss_in_eta0p7_pn0p2_Nt5_ns2,fock_sup,loss_in,0.7,0.2,5,2,40,8.53309,4.61589,true,-8.53309,,,8.53309,60
fock_sup_loss_in_eta0p7_pn0p2_Nt5_ns3,fock_sup,loss_in,0.7,0.2,5,3,40,8.53309,4.61589,true,-8.53309,,,8.53309,60
fock_sup_loss_in_eta0p7_pn0p25_Nt5_ns1,fock_sup,loss_in,0.7,0.25,5,1,40,6.96607,5,true,-6.96607,,,6.96607,60
fock_sup_loss_in_eta0p7_pn0p25_Nt5_ns2,fock_sup,loss_in,0.7,0.25,5,2,40,8.36837,4.65174,true,-8.36837,,,8.36837,60
fock_sup_loss_in_eta0p7_pn0p25_Nt5_ns3,fock_sup,loss_in,0.7,0.25,5,3,40,8.38176,4.65662,true,-8.38176,,,8.38176,60
fock_sup_loss_in_eta0p7_pn0p3_Nt5_ns1,fock_sup,loss_in,0.7,0.3,5,1,40,6.96607,5,true,-6.96607,,,6.96607,60
fock_sup_loss_in_eta0p7_pn0p3_Nt5_ns2,fock_sup,loss_in,0.7,0.3,5,2,40,8.19207,4.69184,true,-8.19207,,,8.19207,60
fock_sup_loss_in_eta0p7_pn0p3_Nt5_ns3,fock_sup,loss_in,0.7,0.3,5,3,40,8.19939,4.69365,true,-8.19939,,,8.19938,60
fock_sup_loss_in_eta0p7_pn0p35_Nt5_ns1,fock_sup,loss_in,0.7,0.35,5,1,40,6.96607,5,true,-6.96607,,,6.96607,60
fock_sup_loss_in_eta0p7_pn0p35_Nt5_ns2,fock_sup,loss_in,0.7,0.35,5,2,40,8.0136,4.73453,true,-8.0136,,,8.0136,60
fock_sup_loss_in_eta0p7_pn0p35_Nt5_ns3,fock_sup,loss_in,0.7,0.35,5,3,40,8.0136,4.73453,true,-8.0136,,,8.0136,60
fock_sup_loss_in_eta0p7_pn0p4_Nt5_ns1,fock_sup,loss_in,0.7,0.4,5,1,40,6.96607,5,true,-6.96607,,,6.96607,60
fock_sup_loss_in_eta0p7_pn0p4_Nt5_ns2,fock_sup,loss_in,0.7,0.4,5,2,40,7.84127,4.77772,true,-7.84127,,,7.84127,60
fock_sup_loss_in_eta0p7_pn0p4_Nt5_ns3,fock_sup,loss_in,0.7,0.4,5,3,40,7.84127,4.77772,true,-7.84127,,,7.84127,60
fock_sup_loss_in_eta0p7_pn0p45_Nt5_ns1,fock_sup,loss_in,0.7,0.45,5,1,40,6.96607,5,true,-6.96607,,,6.96607,60
fock_sup_loss_in_eta0p7_pn0p45_Nt5_ns2,fock_sup,loss_in,0.7,0.45,5,2,40,7.68173,4.81911,true,-7.68173,,,7.68173,60
fock_sup_loss_in_eta0p7_pn0p45_Nt5_ns3,fock_sup,loss_in,0.7,0.45,5,3,40,7.68173,4.81911,true,-7.68173,,,7.68173,60
fock_sup_loss_in_eta0p7_pn0p5_Nt5_ns1,fock_sup,loss_in,0.7,0.5,5,1,40,6.96607,5,true,-6.96607,,,6.96607,60
fock_sup_loss_in_eta0p7_pn0p5_Nt5_ns2,fock_sup,loss_in,0.7,0.5,5,2,40,7.53948,4.85671,true,-7.53948,,,7.53948,60
fock_sup_loss_in_eta0p7_pn0p5_Nt5_ns3,fock_sup,loss_in,0.7,0.5,5,3,40,7.53948,4.85671,true,-7.53948,,,7.53948,60
fock_sup_loss_in_eta0p85_pn0_Nt5_ns1,fock_sup,loss_in,0.85,0,5,1,40,13.7653,5,true,-13.7653,,,13.7653,60
fock_sup_loss_in_eta0p85_pn0_Nt5_ns2,fock_sup,loss_in,0.85,0,5,2,40,17.2821,5,true,-17.2821,,,17.2821,60
fock_sup_loss_in_eta0p85_pn0_Nt5_ns3,fock_sup,loss_in,0.85,0,5,3,40,18.634,5,true,-18.634,,,18.634,60
fock_sup_loss_in_eta0p85_pn0p05_Nt5_ns1,fock_sup,loss_in,0.85,0.05,5,1,40,13.7653,5,true,-13.7653,,,13.7653,60
fock_sup_loss_in_eta0p85_pn0p05_Nt5_ns2,fock_sup,loss_in,0.85,0.05,5,2,40,16.2647,5,true,-16.2647,,,16.2647,60
fock_sup_loss_in_eta0p85_pn0p05_Nt5_ns3,fock_sup,loss_in,0.85,0.05,5,3,40,16.5694,5,true,-16.5694,,,16.5694,60
fock_sup_loss_in_eta0p85_pn0p1_Nt5_ns1,fock_sup,loss_in,0.85,0.1,5,1,40,13.7653,5,true,-13.7653,,,13.7653,60
fock_sup_loss_in_eta0p85_pn0p1_Nt5_ns2,fock_sup,loss_in,0.85,0.1,5,2,40,15.0931,5,true,-15.0931,,,15.0931,60
fock_sup_loss_in_eta0p85_pn0p1_Nt5_ns3,fock_sup,loss_in,0.85,0.1,5,3,40,15.2491,5,true,-15.2491,,,15.2491,60
fock_sup_loss_in_eta0p85_pn0p15_Nt5_ns1,fock_sup,loss_in,0.85,0.15,5,1,40,13.7653,5,true,-13.7653,,,13.7653,60
fock_sup_loss_in_eta0p85_pn0p15_Nt5_ns2,fock_sup,loss_in,0.85,0.15,5,2,40,14.284,4.92165,true,-14.284,,,14.284,60
fock_sup_loss_in_eta0p85_pn0p15_Nt5_ns3,fock_sup,loss_in,0.85,0.15,5,3,40,14.2652,5,true,-14.2652,,,14.2652,60
fock_sup_loss_in_eta0p85_pn0p2_Nt5_ns1,fock_sup,loss_in,0.85,0.2,5,1,40,13.7653,5,true,-13.7653,,,13.7653,60
fock_sup_loss_in_eta0p85_pn0p2_Nt5_ns2,fock_sup,loss_in,0.85,0.2,5,2,40,13.7653,5,true,-13.7653,,,13.7653,60
fock_sup_loss_in_eta0p85_pn0p2_Nt5_ns3,fock_sup,loss_in,0.85,0.2,5,3,40,14.2295,5,true,-14.2295,,,14.2295,60
fock_sup_loss_in_eta0p85_pn0p25_Nt5_ns1,fock_sup,loss_in,0.85,0.25,5,1,40,13.7653,5,true,-13.7653,,,13.7653,60
fock_sup_loss_in_eta0p85_pn0p25_Nt5_ns2,fock_sup,loss_in,0.85,0.25,5,2,40,14.1549,4.94628,true,-14.1549,,,14.1549,60
fock_sup_loss_in_eta0p85_pn0p25_Nt5_ns3,fock_sup,loss_in,0.85,0.25,5,3,40,14.1549,4.94628,true,-14.1549,,,14.1549,60
fock_sup_loss_in_eta0p85_pn0p3_Nt5_ns1,fock_sup,loss_in,0.85,0.3,5,1,40,13.7653,5,true,-13.7653,,,13.7653,60
fock_sup_loss_in_eta0p85_pn0p3_Nt5_ns2,fock_sup,loss_in,0.85,0.3,5,2,40,13.7653,5,true,-13.7653,,,13.7653,60
fock_sup_loss_in_eta0p85_pn0p3_Nt5_ns3,fock_sup,loss_in,0.85,0.3,5,3,40,14.09,4.9577,true,-14.09,,,14.09,60
fock_sup_loss_in_eta0p85_pn0p35_Nt5_ns1,fock_sup,loss_in,0.85,0.35,5,1,40,13.7653,5,true,-13.7653,,,13.7653,60
fock_sup_loss_in_eta0p85_pn0p35_Nt5_ns2,fock_sup,loss_in,0.85,0.35,5,2,40,14.0305,4.96747,true,-14.0305,,,14.0305,60
fock_sup_loss_in_eta0p85_pn0p35_Nt5_ns3,fock_sup,loss_in,0.85,0.35,5,3,40,14.0305,4.96747,true,-14.0305,,,14.0305,60
fock_sup_loss_in_eta0p85_pn0p4_Nt5_ns1,fock_sup,loss_in,0.85,0.4,5,1,40,13.7653,5,true,-13.7653,,,13.7653,60
fock_sup_loss_in_eta0p85_pn0p4_Nt5_ns2,fock_sup,loss_in,0.85,0.4,5,2,40,13.7653,5,true,-13.7653,,,13.7653,60
fock_sup_loss_in_eta0p85_pn0p4_Nt5_ns3,fock_sup,loss_in,0.85,0.4,5,3,40,13.9782,4.97541,true,-13.9782,,,13.9782,60
fock_sup_loss_in_eta0p85_pn0p45_Nt5_ns1,fock_sup,loss_in,0.85,0.45,5,1,40,13.7653,5,true,-13.7653,,,13.7653,60
fock_sup_loss_in_eta0p85_pn0p45_Nt5_ns2,fock_sup,loss_in,0.85,0.45,5,2,40,13.7653,5,true,-13.7653,,,13.7653,60
fock_sup_loss_in_eta0p85_pn0p45_Nt5_ns3,fock_sup,loss_in,0.85,0.45,5,3,40,13.9338,4.98163,true,-13.9338,,,13.9338,60
fock_sup_loss_in_eta0p85_pn0p5_Nt5_ns1,fock_sup,loss_in,0.85,0.5,5,1,40,13.7653,5,true,-13.7653,,,13.7653,60
fock_sup_loss_in_eta0p85_pn0p5_Nt5_ns2,fock_sup,loss_in,0.85,0.5,5,2,40,13.7653,5,true,-13.7653,,,13.7653,60
fock_sup_loss_in_eta0p85_pn0p5_Nt5_ns3,fock_sup,loss_in,0.85,0.5,5,3,40,13.8969,4.98639,true,-13.8969,,,13.8969,60
fock_sup_loss_in_eta0p8_pn0_Nt5_ns1,fock_sup,loss_in,0.8,0,5,1,40,10.5453,5,true,-10.5453,,,10.5453,60
fock_sup_loss_in_eta0p8_pn0_Nt5_ns2,fock_sup,loss_in,0.8,0,5,2,40,14.1176,4.99999,true,-14.1176,,,14.1176,60
fock_sup_loss_in_eta0p8_pn0_Nt5_ns3,fock_sup,loss_in,0.8,0,5,3,40,14.7952,5,true,-14.7952,,,14.7953,60
fock_sup_loss_in_eta0p8_pn0p05_Nt5_ns1,fock_sup,loss_in,0.8,0.05,5,1,40,10.5453,5,true,-10.5453,,,10.5453,60
fock_sup_loss_in_eta0p8_pn0p05_Nt5_ns2,fock_sup,loss_in,0.8,0.05,5,2,40,13.3337,5,true,-13.3337,,,13.3337,60
fock_sup_loss_in_eta0p8_pn0p05_Nt5_ns3,fock_sup,loss_in,0.8,0.05,5,3,40,13.748,5,true,-13.748,,,13.748,60
fock_sup_loss_in_eta0p8_pn0p1_Nt5_ns1,fock_sup,loss_in,0.8,0.1,5,1,40,10.5453,5,true,-10.5453,,,10.5453,60
fock_sup_loss_in_eta0p8_pn0p1_Nt5_ns2,fock_sup,loss_in,0.8,0.1,5,2,40,12.1366,5,true,-12.1366,,,12.1366,60
fock_sup_loss_in_eta0p8_pn0p1_Nt5_ns3,fock_sup,loss_in,0.8,0.1,5,3,40,12.3731,4.9999,true,-12.3731,,,12.3731,60
fock_sup_loss_in_eta0p8_pn0p15_Nt5_ns1,fock_sup,loss_in,0.8,0.15,5,1,40,10.5453,5,true,-10.5453,,,10.5453,60
fock_sup_loss_in_eta0p8_pn0p15_Nt5_ns2,fock_sup,loss_in,0.8,0.15,5,2,40,11.6293,4.81037,true,-11.6293,,,11.6293,60
fock_sup_loss_in_eta0p8_pn0p15_Nt5_ns3,fock_sup,loss_in,0.8,0.15,5,3,40,11.6293,4.81037,true,-11.6293,,,11.6293,60
fock_sup_loss_in_eta0p8_pn0p2_Nt5_ns1,fock_sup,loss_in,0.8,0.2,5,1,40,10.5453,5,true,-10.5453,,,10.5453,60
fock_sup_loss_in_eta0p8_pn0p2_Nt5_ns2,fock_sup,loss_in,0.8,0.2,5,2,40,11.5191,4.83214,true,-11.5191,,,11.5191,60
fock_sup_loss_in_eta0p8_pn0p2_Nt5_ns3,fock_sup,loss_in,0.8,0.2,5,3,40,11.5328,5,true,-11.5328,,,11.5328,60
fock_sup_loss_in_eta0p8_pn0p25_Nt5_ns1,fock_sup,loss_in,0.8,0.25,5,1,40,10.5453,5,true,-10.5453,,,10.5453,60
fock_sup_loss_in_eta0p8_pn0p25_Nt5_ns2,fock_sup,loss_in,0.8,0.25,5,2,40,11.3963,4.85625,true,-11.3963,,,11.3963,60
fock_sup_loss_in_eta0p8_pn0p25_Nt5_ns3,fock_sup,loss_in,0.8,0.25,5,3,40,11.3963,4.85625,true,-11.3963,,,11.3963,60
fock_sup_loss_in_eta0p8_pn0p3_Nt5_ns1,fock_sup,loss_in,0.8,0.3,5,1,40,10.5453,5,true,-10.5453,,,10.5453,60
fock_sup_loss_in_eta0p8_pn0p3_Nt5_ns2,fock_sup,loss_in,0.8,0.3,5,2,40,11.2704,4.88071,true,-11.2704,,,11.2704,60
fock_sup_loss_in_eta0p8_pn0p3_Nt5_ns3,fock_sup,loss_in,0.8,0.3,5,3,40,11.2704,4.88071,true,-11.2704,,,11.2704,60
fock_sup_loss_in_eta0p8_pn0p35_Nt5_ns1,fock_sup,loss_in,0.8,0.35,5,1,40,10.5453,5,true,-10.5453,,,10.5453,60
fock_sup_loss_in_eta0p8_pn0p35_Nt5_ns2,fock_sup,loss_in,0.8,0.35,5,2,40,11.1491,4.90383,true,-11.1491,,,11.1491,60
fock_sup_loss_in_eta0p8_pn0p35_Nt5_ns3,fock_sup,loss_in,0.8,0.35,5,3,40,11.1491,4.90383,true,-11.1491,,,11.1491,60
fock_sup_loss_in_eta0p8_pn0p4_Nt5_ns1,fock_sup,loss_in,0.8,0.4,5,1,40,10.5453,5,true,-10.5453,,,10.5453,60
fock_sup_loss_in_eta0p8_pn0p4_Nt5_ns2,fock_sup,loss_in,0.8,0.4,5,2,40,11.0379,4.92438,true,-11.0379,,,11.0379,60
fock_sup_loss_in_eta0p8_pn0p4_Nt5_ns3,fock_sup,loss_in,0.8,0.4,5,3,40,11.0379,4.92438,true,-11.0379,,,11.0379,60
fock_sup_loss_in_eta0p8_pn0p45_Nt5_ns1,fock_sup,loss_in,0.8,0.45,5,1,40,10.5453,5,true,-10.5453,,,10.5453,60
fock_sup_loss_in_eta0p8_pn0p45_Nt5_ns2,fock_sup,loss_in,0.8,0.45,5,2,40,10.9399,4.94175,true,-10.9399,,,10.9399,60
fock_sup_loss_in_eta0p8_pn0p45_Nt5_ns3,fock_sup,loss_in,0.8,0.45,5,3,40,10.9399,4.94175,true,-10.9399,,,10.9399,60
fock_sup_loss_in_eta0p8_pn0p5_Nt5_ns1,fock_sup,loss_in,0.8,0.5,5,1,40,10.5453,5,true,-10.5453,,,10.5453,60
fock_sup_loss_in_eta0p8_pn0p5_Nt5_ns2,fock_sup,loss_in,0.8,0.5,5,2,40,10.8563,4.95587,true,-10.8563,,,10.8563,60
fock_sup_loss_in_eta0p8_pn0p5_Nt5_ns3,fock_sup,loss_in,0.8,0.5,5,3,40,10.8563,4.95587,true,-10.8563,,,10.8563,60
fock_sup_loss_in_eta0p95_pn0_Nt5_ns1,fock_sup,loss_in,0.95,0,5,1,40,27.8101,5,true,-27.8101,,,27.8101,60
fock_sup_loss_in_eta0p95_pn0_Nt5_ns2,fock_sup,loss_in,0.95,0,5,2,40,31.4707,5,true,-31.4707,,,31.4707,60
fock_sup_loss_in_eta0p95_pn0_Nt5_ns3,fock_sup,loss_in,0.95,0,5,3,40,36.1954,5.00002,true,-36.1953,,,36.1954,60
fock_sup_loss_in_eta0p95_pn0p05_Nt5_ns1,fock_sup,loss_in,0.95,0.05,5,1,40,27.8101,5,true,-27.8101,,,27.8101,60
fock_sup_loss_in_eta0p95_pn0p05_Nt5_ns2,fock_sup,loss_in,0.95,0.05,5,2,40,31.3914,5,true,-31.3914,,,31.3914,60
fock_sup_loss_in_eta0p95_pn0p05_Nt5_ns3,fock_sup,loss_in,0.95,0.05,5,3,40,33.0238,5.00001,true,-33.0238,,,33.0238,60
fock_sup_loss_in_eta0p95_pn0p1_Nt5_ns1,fock_sup,loss_in,0.95,0.1,5,1,40,27.8101,5,true,-27.8101,,,27.8101,60
fock_sup_loss_in_eta0p95_pn0p1_Nt5_ns2,fock_sup,loss_in,0.95,0.1,5,2,40,31.1698,5,true,-31.1698,,,31.1698,60
fock_sup_loss_in_eta0p95_pn0p1_Nt5_ns3,fock_sup,loss_in,0.95,0.1,5,3,40,31.7843,5.00001,true,-31.7843,,,31.7843,60
fock_sup_loss_in_eta0p95_pn0p15_Nt5_ns1,fock_sup,loss_in,0.95,0.15,5,1,40,27.8101,5,true,-27.8101,,,27.8101,60
fock_sup_loss_in_eta0p95_pn0p15_Nt5_ns2,fock_sup,loss_in,0.95,0.15,5,2,40,30.8285,5,true,-30.8285,,,30.8285,60
fock_sup_loss_in_eta0p95_pn0p15_Nt5_ns3,fock_sup,loss_in,0.95,0.15,5,3,40,30.9064,5,true,-30.9064,,,30.9064,60
fock_sup_loss_in_eta0p95_pn0p2_Nt5_ns1,fock_sup,loss_in,0.95,0.2,5,1,40,27.8101,5,true,-27.8101,,,27.8101,60
fock_sup_loss_in_eta0p95_pn0p2_Nt5_ns2,fock_sup,loss_in,0.95,0.2,5,2,40,30.3909,5,true,-30.3909,,,30.3909,60
fock_sup_loss_in_eta0p95_pn0p2_Nt5_ns3,fock_sup,loss_in,0.95,0.2,5,3,40,31.1809,5.00001,true,-31.1809,,,31.1809,60
fock_sup_loss_in_eta0p95_pn0p25_Nt5_ns1,fock_sup,loss_in,0.95,0.25,5,1,40,27.8101,5,true,-27.8101,,,27.8101,60
fock_sup_loss_in_eta0p95_pn0p25_Nt5_ns2,fock_sup,loss_in,0.95,0.25,5,2,40,29.8779,5,true,-29.8779,,,29.8779,60
fock_sup_loss_in_eta0p95_pn0p25_Nt5_ns3,fock_sup,loss_in,0.95,0.25,5,3,40,30.5424,5.00002,true,-30.5424,,,30.5424,60
fock_sup_loss_in_eta0p95_pn0p3_Nt5_ns1,fock_sup,loss_in,0.95,0.3,5,1,40,27.8101,5,true,-27.8101,,,27.8101,60
fock_sup_loss_in_eta0p95_pn0p3_Nt5_ns2,fock_sup,loss_in,0.95,0.3,5,2,40,29.3087,5,true,-29.3087,,,29.3087,60
fock_sup_loss_in_eta0p95_pn0p3_Nt5_ns3,fock_sup,loss_in,0.95,0.3,5,3,40,29.9441,5.00001,true,-29.9441,,,29.9441,60
fock_sup_loss_in_eta0p95_pn0p35_Nt5_ns1,fock_sup,loss_in,0.95,0.35,5,1,40,27.8101,5,true,-27.8101,,,27.8101,60
fock_sup_loss_in_eta0p95_pn0p35_Nt5_ns2,fock_sup,loss_in,0.95,0.35,5,2,40,28.7436,4.67683,true,-28.7436,,,28.7436,60
fock_sup_loss_in_eta0p95_pn0p35_Nt5_ns3,fock_sup,loss_in,0.95,0.35,5,3,40,29.4745,5.00001,true,-29.4745,,,29.4745,60
fock_sup_loss_in_eta0p95_pn0p4_Nt5_ns1,fock_sup,loss_in,0.95,0.4,5,1,40,27.8101,5,true,-27.8101,,,27.8101,60
fock_sup_loss_in_eta0p95_pn0p4_Nt5_ns2,fock_sup,loss_in,0.95,0.4,5,2,40,28.2721,4.966,true,-28.2721,,,28.2721,60
fock_sup_loss_in_eta0p95_pn0p4_Nt5_ns3,fock_sup,loss_in,0.95,0.4,5,3,40,29.5336,5.00003,true,-29.5335,,,29.5336,60
fock_sup_loss_in_eta0p95_pn0p45_Nt5_ns1,fock_sup,loss_in,0.95,0.45,5,1,40,27.8101,5,true,-27.8101,,,27.8101,60
fock_sup_loss_in_eta0p95_pn0p45_Nt5_ns2,fock_sup,loss_in,0.95,0.45,5,2,40,27.8101,5,true,-27.8101,,,27.8101,60
fock_sup_loss_in_eta0p95_pn0p45_Nt5_ns3,fock_sup,loss_in,0.95,0.45,5,3,40,29.0497,5.00002,true,-29.0497,,,29.0497,60
fock_sup_loss_in_eta0p95_pn0p5_Nt5_ns1,fock_sup,loss_in,0.95,0.5,5,1,40,27.8101,5,true,-27.8101,,,27.8101,60
fock_sup_loss_in_eta0p95_pn0p5_Nt5_ns2,fock_sup,loss_in,0.95,0.5,5,2,40,27.8101,5,true,-27.8101,,,27.8101,60
fock_sup_loss_in_eta0p95_pn0p5_Nt5_ns3,fock_sup,loss_in,0.95,0.5,5,3,40,27.8101,5,true,-27.8101,,,27.8101,60
fock_sup_loss_in_eta0p999_pn0_Nt5_ns1,fock_sup,loss_in,0.999,0,5,1,40,43.5629,5,true,-43.5629,,,43.5629,60
fock_sup_loss_in_eta0p999_pn0_Nt5_ns2,fock_sup,loss_in,0.999,0,5,2,40,64.8978,5.00004,true,-64.8976,,,64.8978,60
fock_sup_loss_in_eta0p999_pn0_Nt5_ns3,fock_sup,loss_in,0.999,0,5,3,40,73.6615,5.00005,true,-73.6612,,,73.6615,60
fock_sup_loss_in_eta0p999_pn0p05_Nt5_ns1,fock_sup,loss_in,0.999,0.05,5,1,40,43.5629,5,true,-43.5629,,,43.5629,60
fock_sup_loss_in_eta0p999_pn0p05_Nt5_ns2,fock_sup,loss_in,0.999,0.05,5,2,40,64.7742,5.00004,true,-64.774,,,64.7742,60
fock_sup_loss_in_eta0p999_pn0p05_Nt5_ns3,fock_sup,loss_in,0.999,0.05,5,3,40,73.5041,5.00005,true,-73.5038,,,73.5041,60
fock_sup_loss_in_eta0p999_pn0p1_Nt5_ns1,fock_sup,loss_in,0.999,0.1,5,1,40,43.5629,5,true,-43.5629,,,43.5629,60
fock_sup_loss_in_eta0p999_pn0p1_Nt5_ns2,fock_sup,loss_in,0.999,0.1,5,2,40,64.439,5.00004,true,-64.4388,,,64.439,60
fock_sup_loss_in_eta0p999_pn0p1_Nt5_ns3,fock_sup,loss_in,0.999,0.1,5,3,40,73.0487,5.00005,true,-73.0485,,,73.0487,60
fock_sup_loss_in_eta0p999_pn0p15_Nt5_ns1,fock_sup,loss_in,0.999,0.15,5,1,40,43.5629,5,true,-43.5629,,,43.5629,60
fock_sup_loss_in_eta0p999_pn0p15_Nt5_ns2,fock_sup,loss_in,0.999,0.15,5,2,40,63.9104,5.00004,true,-63.9103,,,63.9104,60
fock_sup_loss_in_eta0p999_pn0p15_Nt5_ns3,fock_sup,loss_in,0.999,0.15,5,3,40,72.309,5.00005,true,-72.3087,,,72.309,60
fock_sup_loss_in_eta0p999_pn0p2_Nt5_ns1,fock_sup,loss_in,0.999,0.2,5,1,40,43.5629,5,true,-43.5629,,,43.5629,60
fock_sup_loss_in_eta0p999_pn0p2_Nt5_ns2,fock_sup,loss_in,0.999,0.2,5,2,40,63.1987,5.00004,true,-63.1986,,,63.1987,60
fock_sup_loss_in_eta0p999_pn0p2_Nt5_ns3,fock_sup,loss_in,0.999,0.2,5,3,40,71.3056,5.00005,true,-71.3054,,,71.3056,60
fock_sup_loss_in_eta0p999_pn0p25_Nt5_ns1,fock_sup,loss_in,0.999,0.25,5,1,40,43.5629,5,true,-43.5629,,,43.5629,60
fock_sup_loss_in_eta0p999_pn0p25_Nt5_ns2,fock_sup,loss_in,0.999,0.25,5,2,40,62.322,5.00004,true,-62.3219,,,62.322,60
fock_sup_loss_in_eta0p999_pn0p25_Nt5_ns3,fock_sup,loss_in,0.999,0.25,5,3,40,70.0678,5.00005,true,-70.0676,,,70.0678,60
fock_sup_loss_in_eta0p999_pn0p3_Nt5_ns1,fock_sup,loss_in,0.999,0.3,5,1,40,43.5629,5,true,-43.5629,,,43.5629,60
fock_sup_loss_in_eta0p999_pn0p3_Nt5_ns2,fock_sup,loss_in,0.999,0.3,5,2,40,61.3038,5.00004,true,-61.3036,,,61.3038,60
fock_sup_loss_in_eta0p999_pn0p3_Nt5_ns3,fock_sup,loss_in,0.999,0.3,5,3,40,68.6298,5.00005,true,-68.6296,,,68.6298,60
fock_sup_loss_in_eta0p999_pn0p35_Nt5_ns1,fock_sup,loss_in,0.999,0.35,5,1,40,43.5629,5,true,-43.5629,,,43.5629,60
fock_sup_loss_in_eta0p999_pn0p35_Nt5_ns2,fock_sup,loss_in,0.999,0.35,5,2,40,60.1709,5.00004,true,-60.1708,,,60.1709,60
fock_sup_loss_in_eta0p999_pn0p35_Nt5_ns3,fock_sup,loss_in,0.999,0.35,5,3,40,67.0298,5.00005,true,-67.0295,,,67.0298,60
fock_sup_loss_in_eta0p999_pn0p4_Nt5_ns1,fock_sup,loss_in,0.999,0.4,5,1,40,43.5629,5,true,-43.5629,,,43.5629,60
fock_sup_loss_in_eta0p999_pn0p4_Nt5_ns2,fock_sup,loss_in,0.999,0.4,5,2,40,58.9523,5.00004,true,-58.9522,,,58.9523,60
fock_sup_loss_in_eta0p999_pn0p4_Nt5_ns3,fock_sup,loss_in,0.999,0.4,5,3,40,65.3085,5.00005,true,-65.3082,,,65.3085,60
fock_sup_loss_in_eta0p999_pn0p45_Nt5_ns1,fock_sup,loss_in,0.999,0.45,5,1,40,43.5629,5,true,-43.5629,,,43.5629,60
fock_sup_loss_in_eta0p999_pn0p45_Nt5_ns2,fock_sup,loss_in,0.999,0.45,5,2,40,57.6775,5.00004,true,-57.6774,,,57.6775,60
fock_sup_loss_in_eta0p999_pn0p45_Nt5_ns3,fock_sup,loss_in,0.999,0.45,5,3,40,62.5074,5.00008,true,-62.5068,,,62.5074,60
fock_sup_loss_in_eta0p999_pn0p5_Nt5_ns1,fock_sup,loss_in,0.999,0.5,5,1,40,43.5629,5,true,-43.5629,,,43.5629,60
fock_sup_loss_in_eta0p999_pn0p5_Nt5_ns2,fock_sup,loss_in,0.999,0.5,5,2,40,56.3753,5.00004,true,-56.3752,,,56.3753,60
fock_sup_loss_in_eta0p999_pn0p5_Nt5_ns3,fock_sup,loss_in,0.999,0.5,5,3,40,61.6679,5.00005,true,-61.6677,,,61.6679,60
fock_sup_loss_in_eta0p99_pn0_Nt5_ns1,fock_sup,loss_in,0.99,0,5,1,40,39.881,5,true,-39.881,,,39.881,60
fock_sup_loss_in_eta0p99_pn0_Nt5_ns2,fock_sup,loss_in,0.99,0,5,2,40,56.5282,5.00003,true,-56.5281,,,56.5282,60
fock_sup_loss_in_eta0p99_pn0_Nt5_ns3,fock_sup,loss_in,0.99,0,5,3,40,61.755,5.00007,true,-61.7545,,,61.755,60
fock_sup_loss_in_eta0p99_pn0p05_Nt5_ns1,fock_sup,loss_in,0.99,0.05,5,1,40,39.881,5,true,-39.881,,,39.881,60
fock_sup_loss_in_eta0p99_pn0p05_Nt5_ns2,fock_sup,loss_in,0.99,0.05,5,2,40,56.4115,5.00003,true,-56.4114,,,56.4115,60
fock_sup_loss_in_eta0p99_pn0p05_Nt5_ns3,fock_sup,loss_in,0.99,0.05,5,3,40,62.6739,5.00004,true,-62.6737,,,62.6739,60
fock_sup_loss_in_eta0p99_pn0p1_Nt5_ns1,fock_sup,loss_in,0.99,0.1,5,1,40,39.881,5,true,-39.881,,,39.881,60
fock_sup_loss_in_eta0p99_pn0p1_Nt5_ns2,fock_sup,loss_in,0.99,0.1,5,2,40,56.0794,5.00003,true,-56.0793,,,56.0794,60
fock_sup_loss_in_eta0p99_pn0p1_Nt5_ns3,fock_sup,loss_in,0.99,0.1,5,3,40,62.2645,5.00004,true,-62.2644,,,62.2645,60
fock_sup_loss_in_eta0p99_pn0p15_Nt5_ns1,fock_sup,loss_in,0.99,0.15,5,1,40,39.881,5,true,-39.881,,,39.881,60
fock_sup_loss_in_eta0p99_pn0p15_Nt5_ns2,fock_sup,loss_in,0.99,0.15,5,2,40,55.5636,5.00003,true,-55.5635,,,55.5636,60
fock_sup_loss_in_eta0p99_pn0p15_Nt5_ns3,fock_sup,loss_in,0.99,0.15,5,3,40,61.6073,5.00004,true,-61.6071,,,61.6073,60
fock_sup_loss_in_eta0p99_pn0p2_Nt5_ns1,fock_sup,loss_in,0.99,0.2,5,1,40,39.881,5,true,-39.881,,,39.881,60
fock_sup_loss_in_eta0p99_pn0p2_Nt5_ns2,fock_sup,loss_in,0.99,0.2,5,2,40,54.8926,5.00003,true,-54.8926,,,54.8926,60
fock_sup_loss_in_eta0p99_pn0p2_Nt5_ns3,fock_sup,loss_in,0.99,0.2,5,3,40,60.7261,5.00004,true,-60.7259,,,60.7261,60
fock_sup_loss_in_eta0p99_pn0p25_Nt5_ns1,fock_sup,loss_in,0.99,0.25,5,1,40,39.881,5,true,-39.881,,,39.881,60
fock_sup_loss_in_eta0p99_pn0p25_Nt5_ns2,fock_sup,loss_in,0.99,0.25,5,2,40,54.09,5.00003,true,-54.0899,,,54.09,60
fock_sup_loss_in_eta0p99_pn0p25_Nt5_ns3,fock_sup,loss_in,0.99,0.25,5,3,40,59.6494,5.00003,true,-59.6493,,,59.6494,60
fock_sup_loss_in_eta0p99_pn0p3_Nt5_ns1,fock_sup,loss_in,0.99,0.3,5,1,40,39.881,5,true,-39.881,,,39.881,60
fock_sup_loss_in_eta0p99_pn0p3_Nt5_ns2,fock_sup,loss_in,0.99,0.3,5,2,40,53.1769,5.00002,true,-53.1769,,,53.1769,60
fock_sup_loss_in_eta0p99_pn0p3_Nt5_ns3,fock_sup,loss_in,0.99,0.3,5,3,40,58.4091,5.00003,true,-58.409,,,58.4091,60
fock_sup_loss_in_eta0p99_pn0p35_Nt5_ns1,fock_sup,loss_in,0.99,0.35,5,1,40,39.881,5,true,-39.881,,,39.881,60
fock_sup_loss_in_eta0p99_pn0p35_Nt5_ns2,fock_sup,loss_in,0.99,0.35,5,2,40,52.1751,5.00002,true,-52.175,,,52.1751,60
fock_sup_loss_in_eta0p99_pn0p35_Nt5_ns3,fock_sup,loss_in,0.99,0.35,5,3,40,57.0381,5.00003,true,-57.038,,,57.0381,60
fock_sup_loss_in_eta0p99_pn0p4_Nt5_ns1,fock_sup,loss_in,0.99,0.4,5,1,40,39.881,5,true,-39.881,,,39.881,60
fock_sup_loss_in_eta0p99_pn0p4_Nt5_ns2,fock_sup,loss_in,0.99,0.4,5,2,40,51.1072,5.00002,true,-51.1072,,,51.1072,60
fock_sup_loss_in_eta0p99_pn0p4_Nt5_ns3,fock_sup,loss_in,0.99,0.4,5,3,40,55.569,5.00003,true,-55.5689,,,55.569,60
fock_sup_loss_in_eta0p99_pn0p45_Nt5_ns1,fock_sup,loss_in,0.99,0.45,5,1,40,39.881,5,true,-39.881,,,39.881,60
fock_sup_loss_in_eta0p99_pn0p45_Nt5_ns2,fock_sup,loss_in,0.99,0.45,5,2,40,49.997,5.00002,true,-49.997,,,49.997,60
fock_sup_loss_in_eta0p99_pn0p45_Nt5_ns3,fock_sup,loss_in,0.99,0.45,5,3,40,54.0351,5.00003,true,-54.035,,,54.0351,60
fock_sup_loss_in_eta0p99_pn0p5_Nt5_ns1,fock_sup,loss_in,0.99,0.5,5,1,40,39.881,5,true,-39.881,,,39.881,60
fock_sup_loss_in_eta0p99_pn0p5_Nt5_ns2,fock_sup,loss_in,0.99,0.5,5,2,40,48.8679,5.00002,true,-48.8678,,,48.8679,60
fock_sup_loss_in_eta0p99_pn0p5_Nt5_ns3,fock_sup,loss_in,0.99,0.5,5,3,40,49.5559,5.00001,true,-49.5558,,,49.5559,60
fock_sup_loss_in_eta0p9_pn0_Nt5_ns1,fock_sup,loss_in,0.9,0,5,1,40,18.9478,5,true,-18.9478,,,18.9478,60
fock_sup_loss_in_eta0p9_pn0_Nt5_ns2,fock_sup,loss_in,0.9,0,5,2,40,21.8726,5.00001,true,-21.8726,,,21.8726,60
fock_sup_loss_in_eta0p9_pn0_Nt5_ns3,fock_sup,loss_in,0.9,0,5,3,40,24.369,5.00001,true,-24.369,,,24.369,60
fock_sup_loss_in_eta0p9_pn0p05_Nt5_ns1,fock_sup,loss_in,0.9,0.05,5,1,40,18.9478,5,true,-18.9478,,,18.9478,60
fock_sup_loss_in_eta0p9_pn0p05_Nt5_ns2,fock_sup,loss_in,0.9,0.05,5,2,40,20.6451,5.00001,true,-20.6451,,,20.6451,60
fock_sup_loss_in_eta0p9_pn0p05_Nt5_ns3,fock_sup,loss_in,0.9,0.05,5,3,40,22.0877,5,true,-22.0877,,,22.0877,60
fock_sup_loss_in_eta0p9_pn0p1_Nt5_ns1,fock_sup,loss_in,0.9,0.1,5,1,40,18.9478,5,true,-18.9478,,,18.9478,60
fock_sup_loss_in_eta0p9_pn0p1_Nt5_ns2,fock_sup,loss_in,0.9,0.1,5,2,40,19.6251,5,true,-19.6251,,,19.6251,60
fock_sup_loss_in_eta0p9_pn0p1_Nt5_ns3,fock_sup,loss_in,0.9,0.1,5,3,40,20.1255,5,true,-20.1255,,,20.1255,60
fock_sup_loss_in_eta0p9_pn0p15_Nt5_ns1,fock_sup,loss_in,0.9,0.15,5,1,40,18.9478,5,true,-18.9478,,,18.9478,60
fock_sup_loss_in_eta0p9_pn0p15_Nt5_ns2,fock_sup,loss_in,0.9,0.15,5,2,40,19.0661,5,true,-19.0661,,,19.0661,60
fock_sup_loss_in_eta0p9_pn0p15_Nt5_ns3,fock_sup,loss_in,0.9,0.15,5,3,40,19.0661,5.00001,true,-19.0661,,,19.0661,60
fock_sup_loss_in_eta0p9_pn0p2_Nt5_ns1,fock_sup,loss_in,0.9,0.2,5,1,40,18.9478,5,true,-18.9478,,,18.9478,60
fock_sup_loss_in_eta0p9_pn0p2_Nt5_ns2,fock_sup,loss_in,0.9,0.2,5,2,40,18.9478,5,true,-18.9478,,,18.9478,60
fock_sup_loss_in_eta0p9_pn0p2_Nt5_ns3,fock_sup,loss_in,0.9,0.2,5,3,40,18.9544,4.99916,true,-18.9544,,,18.9544,60
fock_sup_loss_in_eta0p9_pn0p25_Nt5_ns1,fock_sup,loss_in,0.9,0.25,5,1,40,18.9478,5,true,-18.9478,,,18.9478,60
fock_sup_loss_in_eta0p9_pn0p25_Nt5_ns2,fock_sup,loss_in,0.9,0.25,5,2,40,18.9478,5,true,-18.9478,,,18.9478,60
fock_sup_loss_in_eta0p9_pn0p25_Nt5_ns3,fock_sup,loss_in,0.9,0.25,5,3,40,18.9478,5,true,-18.9478,,,18.9478,60
fock_sup_loss_in_eta0p9_pn0p3_Nt5_ns1,fock_sup,loss_in,0.9,0.3,5,1,40,18.9478,5,true,-18.9478,,,18.9478,60
fock_sup_loss_in_eta0p9_pn0p3_Nt5_ns2,fock_sup,loss_in,0.9,0.3,5,2,40,18.9478,5,true,-18.9478,,,18.9478,60
fock_sup_loss_in_eta0p9_pn0p3_Nt5_ns3,fock_sup,loss_in,0.9,0.3,5,3,40,18.9478,5,true,-18.9478,,,18.9478,60
fock_sup_loss_in_eta0p9_pn0p35_Nt5_ns1,fock_sup,loss_in,0.9,0.35,5,1,40,18.9478,5,true,-18.9478,,,18.9478,60
fock_sup_loss_in_eta0p9_pn0p35_Nt5_ns2,fock_sup,loss_in,0.9,0.35,5,2,40,18.9478,5,true,-18.9478,,,18.9478,60
fock_sup_loss_in_eta0p9_pn0p35_Nt5_ns3,fock_sup,loss_in,0.9,0.35,5,3,40,18.9478,5,true,-18.9478,,,18.9478,60
fock_sup_loss_in_eta0p9_pn0p4_Nt5_ns1,fock_sup,loss_in,0.9,0.4,5,1,40,18.9478,5,true,-18.9478,,,18.9478,60
fock_sup_loss_in_eta0p9_pn0p4_Nt5_ns2,fock_sup,loss_in,0.9,0.4,5,2,40,18.9478,5,true,-18.9478,,,18.9478,60
fock_sup_loss_in_eta0p9_pn0p4_Nt5_ns3,fock_sup,loss_in,0.9,0.4,5,3,40,18.9478,5,true,-18.9478,,,18.9478,60
fock_sup_loss_in_eta0p9_pn0p45_Nt5_ns1,fock_sup,loss_in,0.9,0.45,5,1,40,18.9478,5,true,-18.9478,,,18.9478,60
fock_sup_loss_in_eta0p9_pn0p45_Nt5_ns2,fock_sup,loss_in,0.9,0.45,5,2,40,18.9478,5,true,-18.9478,,,18.9478,60
fock_sup_loss_in_eta0p9_pn0p45_Nt5_ns3,fock_sup,loss_in,0.9,0.45,5,3,40,18.9478,5,true,-18.9478,,,18.9478,60
fock_sup_loss_in_eta0p9_pn0p5_Nt5_ns1,fock_sup,loss_in,0.9,0.5,5,1,40,18.9478,5,true,-18.9478,,,18.9478,60
fock_sup_loss_in_eta0p9_pn0p5_Nt5_ns2,fock_sup,loss_in,0.9,0.5,5,2,40,18.9478,5,true,-18.9478,,,18.9478,60
fock_sup_loss_in_eta0p9_pn0p5_Nt5_ns3,fock_sup,loss_in,0.9,0.5,5,3,40,18.9478,5,true,-18.9478,,,18.9478,60
fock_sup_loss_in_eta1_pn0_Nt5_ns1,fock_sup,loss_in,1,0,5,1,40,44,5,true,-44,,,44,60
fock_sup_loss_in_eta1_pn0_Nt5_ns2,fock_sup,loss_in,1,0,5,2,40,65.9092,5.00004,true,-65.9091,,,65.9092,60
fock_sup_loss_in_eta1_pn0_Nt5_ns3,fock_sup,loss_in,1,0,5,3,40,74.98,5.00005,true,-74.9797,,,74.98,60
fock_sup_loss_in_eta1_pn0p05_Nt5_ns1,fock_sup,loss_in,1,0.05,5,1,40,44,5,true,-44,,,44,60
fock_sup_loss_in_eta1_pn0p05_Nt5_ns2,fock_sup,loss_in,1,0.05,5,2,40,65.8,5.00004,true,-65.7998,,,65.8,60
fock_sup_loss_in_eta1_pn0p05_Nt5_ns3,fock_sup,loss_in,1,0.05,5,3,40,74.8255,5.00005,true,-74.8252,,,74.8255,60
fock_sup_loss_in_eta1_pn0p1_Nt5_ns1,fock_sup,loss_in,1,0.1,5,1,40,44,5,true,-44,,,44,60
fock_sup_loss_in_eta1_pn0p1_Nt5_ns2,fock_sup,loss_in,1,0.1,5,2,40,65.4754,5.00004,true,-65.4752,,,65.4754,60
fock_sup_loss_in_eta1_pn0p1_Nt5_ns3,fock_sup,loss_in,1,0.1,5,3,40,74.3666,5.00005,true,-74.3663,,,74.3666,60
fock_sup_loss_in_eta1_pn0p15_Nt5_ns1,fock_sup,loss_in,1,0.15,5,1,40,44,5,true,-44,,,44,60
fock_sup_loss_in_eta1_pn0p15_Nt5_ns2,fock_sup,loss_in,1,0.15,5,2,40,64.9452,5.00004,true,-64.945,,,64.9452,60
fock_sup_loss_in_eta1_pn0p15_Nt5_ns3,fock_sup,loss_in,1,0.15,5,3,40,73.6168,5.00005,true,-73.6165,,,73.6168,60
fock_sup_loss_in_eta1_pn0p2_Nt5_ns1,fock_sup,loss_in,1,0.2,5,1,40,44,5,true,-44,,,44,60
fock_sup_loss_in_eta1_pn0p2_Nt5_ns2,fock_sup,loss_in,1,0.2,5,2,40,64.2248,5.00004,true,-64.2246,,,64.2248,60
fock_sup_loss_in_eta1_pn0p2_Nt5_ns3,fock_sup,loss_in,1,0.2,5,3,40,71.1031,5.0001,true,-71.1022,,,71.1031,60
fock_sup_loss_in_eta1_pn0p25_Nt5_ns1,fock_sup,loss_in,1,0.25,5,1,40,44,5,true,-44,,,44,60
fock_sup_loss_in_eta1_pn0p25_Nt5_ns2,fock_sup,loss_in,1,0.25,5,2,40,63.3349,5.00004,true,-63.3347,,,63.3349,60
fock_sup_loss_in_eta1_pn0p25_Nt5_ns3,fock_sup,loss_in,1,0.25,5,3,40,71.3398,5.00005,true,-71.3395,,,71.3398,60
fock_sup_loss_in_eta1_pn0p3_Nt5_ns1,fock_sup,loss_in,1,0.3,5,1,40,44,5,true,-44,,,44,60
fock_sup_loss_in_eta1_pn0p3_Nt5_ns2,fock_sup,loss_in,1,0.3,5,2,40,62.3002,5.00004,true,-62.3,,,62.3002,60
fock_sup_loss_in_eta1_pn0p3_Nt5_ns3,fock_sup,loss_in,1,0.3,5,3,40,69.8767,5.00005,true,-69.8764,,,69.8767,60
fock_sup_loss_in_eta1_pn0p35_Nt5_ns1,fock_sup,loss_in,1,0.35,5,1,40,44,5,true,-44,,,44,60
fock_sup_loss_in_eta1_pn0p35_Nt5_ns2,fock_sup,loss_in,1,0.35,5,2,40,61.1485,5.00004,true,-61.1484,,,61.1485,60
fock_sup_loss_in_eta1_pn0p35_Nt5_ns3,fock_sup,loss_in,1,0.35,5,3,40,66.9806,5.00009,true,-66.9798,,,66.9806,60
fock_sup_loss_in_eta1_pn0p4_Nt5_ns1,fock_sup,loss_in,1,0.4,5,1,40,44,5,true,-44,,,44,60
fock_sup_loss_in_eta1_pn0p4_Nt5_ns2,fock_sup,loss_in,1,0.4,5,2,40,59.9094,5.00004,true,-59.9093,,,59.9094,60
fock_sup_loss_in_eta1_pn0p4_Nt5_ns3,fock_sup,loss_in,1,0.4,5,3,40,66.4962,5.00005,true,-66.4959,,,66.4962,60
fock_sup_loss_in_eta1_pn0p45_Nt5_ns1,fock_sup,loss_in,1,0.45,5,1,40,44,5,true,-44,,,44,60
fock_sup_loss_in_eta1_pn0p45_Nt5_ns2,fock_sup,loss_in,1,0.45,5,2,40,58.6131,5.00004,true,-58.6129,,,58.6131,60
fock_sup_loss_in_eta1_pn0p45_Nt5_ns3,fock_sup,loss_in,1,0.45,5,3,40,64.663,5.00005,true,-64.6628,,,64.663,60
fock_sup_loss_in_eta1_pn0p5_Nt5_ns1,fock_sup,loss_in,1,0.5,5,1,40,44,5,true,-44,,,44,60
fock_sup_loss_in_eta1_pn0p5_Nt5_ns2,fock_sup,loss_in,1,0.5,5,2,40,57.2887,5.00004,true,-57.2886,,,57.2887,60
fock_sup_loss_in_eta1_pn0p5_Nt5_ns3,fock_sup,loss_in,1,0.5,5,3,40,62.7904,5.00005,true,-62.7902,,,62.7904,60
fock_sup_loss_out_eta0p55_pn0_Nt5_ns1,fock_sup,loss_out,0.55,0,5,1,40,2.47476,3,true,-2.47476,,,2.47476,60
fock_sup_loss_out_eta0p55_pn0_Nt5_ns2,fock_sup,loss_out,0.55,0,5,2,40,3.62657,4.34381,true,-3.62657,,,3.62657,60
fock_sup_loss_out_eta0p55_pn0p05_Nt5_ns1,fock_sup,loss_out,0.55,0.05,5,1,40,2.47476,3,true,-2.47476,,,2.47476,60
fock_sup_loss_out_eta0p55_pn0p05_Nt5_ns2,fock_sup,loss_out,0.55,0.05,5,2,40,3.61398,4.34789,true,-3.61398,,,3.61398,60
fock_sup_loss_out_eta0p55_pn0p2_Nt5_ns1,fock_sup,loss_out,0.55,0.2,5,1,40,2.47476,3,true,-2.47476,,,2.47476,60
fock_sup_loss_out_eta0p55_pn0p2_Nt5_ns2,fock_sup,loss_out,0.55,0.2,5,2,40,3.44754,4.39603,true,-3.44754,,,3.44754,60
fock_sup_loss_out_eta0p5_pn0_Nt5_ns1,fock_sup,loss_out,0.5,0,5,1,40,2.00001,1,true,-2.00001,,,2.00001,60
fock_sup_loss_out_eta0p5_pn0_Nt5_ns2,fock_sup,loss_out,0.5,0,5,2,40,3.02676,4.30629,true,-3.02676,,,3.02676,60
fock_sup_loss_out_eta0p5_pn0p05_Nt5_ns1,fock_sup,loss_out,0.5,0.05,5,1,40,2.00001,1,true,-2.00001,,,2.00001,60
fock_sup_loss_out_eta0p5_pn0p05_Nt5_ns2,fock_sup,loss_out,0.5,0.05,5,2,40,3.01607,4.30976,true,-3.01607,,,3.01607,60
fock_sup_loss_out_eta0p5_pn0p2_Nt5_ns1,fock_sup,loss_out,0.5,0.2,5,1,40,2.00001,1,true,-2.00001,,,2.00001,60
fock_sup_loss_out_eta0p5_pn0p2_Nt5_ns2,fock_sup,loss_out,0.5,0.2,5,2,40,2.87417,4.35078,true,-2.87417,,,2.87416,60
fock_sup_loss_out_eta0p65_pn0_Nt5_ns1,fock_sup,loss_out,0.65,0,5,1,40,3.84007,5,true,-3.84007,,,3.84007,60
fock_sup_loss_out_eta0p65_pn0_Nt5_ns2,fock_sup,loss_out,0.65,0,5,2,40,5.4077,4.99992,true,-5.4077,,,5.4077,60
fock_sup_loss_out_eta0p65_pn0p05_Nt5_ns1,fock_sup,loss_out,0.65,0.05,5,1,40,3.84007,5,true,-3.84007,,,3.84007,60
fock_sup_loss_out_eta0p65_pn0p05_Nt5_ns2,fock_sup,loss_out,0.65,0.05,5,2,40,5.16021,4.45835,true,-5.16021,,,5.16021,60
fock_sup_loss_out_eta0p65_pn0p2_Nt5_ns1,fock_sup,loss_out,0.65,0.2,5,1,40,3.84007,5,true,-3.84007,,,3.84007,60
fock_sup_loss_out_eta0p65_pn0p2_Nt5_ns2,fock_sup,loss_out,0.65,0.2,5,2,40,4.9463,4.52302,true,-4.9463,,,4.9463,60
fock_sup_loss_out_eta0p6_pn0_Nt5_ns1,fock_sup,loss_out,0.6,0,5,1,40,3.07235,3,true,-3.07235,,,3.07235,60
fock_sup_loss_out_eta0p6_pn0_Nt5_ns2,fock_sup,loss_out,0.6,0,5,2,40,4.33183,4.39059,true,-4.33183,,,4.33183,60
fock_sup_loss_out_eta0p6_pn0p05_Nt5_ns1,fock_sup,loss_out,0.6,0.05,5,1,40,3.07235,3,true,-3.07235,,,3.07235,60
fock_sup_loss_out_eta0p6_pn0p05_Nt5_ns2,fock_sup,loss_out,0.6,0.05,5,2,40,4.31735,4.39518,true,-4.31735,,,4.31735,60
fock_sup_loss_out_eta0p6_pn0p2_Nt5_ns1,fock_sup,loss_out,0.6,0.2,5,1,40,3.07235,3,true,-3.07235,,,3.07235,60
fock_sup_loss_out_eta0p6_pn0p2_Nt5_ns2,fock_sup,loss_out,0.6,0.2,5,2,40,4.12601,4.45137,true,-4.12601,,,4.12601,60
fock_sup_loss_out_eta0p75_pn0_Nt5_ns1,fock_sup,loss_out,0.75,0,5,1,40,6.32195,5,true,-6.32195,,,6.32195,60
fock_sup_loss_out_eta0p75_pn0_Nt5_ns2,fock_sup,loss_out,0.75,0,5,2,40,8.83479,5,true,-8.83478,,,8.83479,60
fock_sup_loss_out_eta0p75_pn0_Nt5_ns3,fock_sup,loss_out,0.75,0,5,3,40,9.29473,5,true,-9.29473,,,9.29473,60
fock_sup_loss_out_eta0p75_pn0p05_Nt5_ns1,fock_sup,loss_out,0.75,0.05,5,1,40,6.32195,5,true,-6.32195,,,6.32195,60
fock_sup_loss_out_eta0p75_pn0p05_Nt5_ns2,fock_sup,loss_out,0.75,0.05,5,2,40,8.36986,4.99995,true,-8.36986,,,8.36986,60
fock_sup_loss_out_eta0p75_pn0p05_Nt5_ns3,fock_sup,loss_out,0.75,0.05,5,3,40,8.71088,5,true,-8.71088,,,8.71088,60
fock_sup_loss_out_eta0p75_pn0p1_Nt5_ns1,fock_sup,loss_out,0.75,0.1,5,1,40,6.32195,5,true,-6.32195,,,6.32195,60
fock_sup_loss_out_eta0p75_pn0p1_Nt5_ns2,fock_sup,loss_out,0.75,0.1,5,2,40,7.54717,5,true,-7.54717,,,7.54717,60
fock_sup_loss_out_eta0p75_pn0p1_Nt5_ns3,fock_sup,loss_out,0.75,0.1,5,3,40,7.73679,4.43462,true,-7.73679,,,7.73679,60
fock_sup_loss_out_eta0p75_pn0p15_Nt5_ns1,fock_sup,loss_out,0.75,0.15,5,1,40,6.32195,5,true,-6.32195,,,6.32195,60
fock_sup_loss_out_eta0p75_pn0p15_Nt5_ns2,fock_sup,loss_out,0.75,0.15,5,2,40,7.42453,4.69552,true,-7.42453,,,7.42453,60
fock_sup_loss_out_eta0p75_pn0p15_Nt5_ns3,fock_sup,loss_out,0.75,0.15,5,3,40,7.42453,4.69552,true,-7.42453,,,7.42453,60
fock_sup_loss_out_eta0p75_pn0p2_Nt5_ns1,fock_sup,loss_out,0.75,0.2,5,1,40,6.32195,5,true,-6.32195,,,6.32195,60
fock_sup_loss_out_eta0p75_pn0p2_Nt5_ns2,fock_sup,loss_out,0.75,0.2,5,2,40,7.32454,4.72331,true,-7.32454,,,7.32454,60
fock_sup_loss_out_eta0p75_pn0p2_Nt5_ns3,fock_sup,loss_out,0.75,0.2,5,3,40,7.32454,4.72331,true,-7.32454,,,7.32454,60
fock_sup_loss_out_eta0p75_pn0p25_Nt5_ns1,fock_sup,loss_out,0.75,0.25,5,1,40,6.32195,5,true,-6.32195,,,6.32195,60
fock_sup_loss_out_eta0p75_pn0p25_Nt5_ns2,fock_sup,loss_out,0.75,0.25,5,2,40,7.21076,4.75526,true,-7.21076,,,7.21076,60
fock_sup_loss_out_eta0p75_pn0p25_Nt5_ns3,fock_sup,loss_out,0.75,0.25,5,3,40,7.21076,4.75526,true,-7.21076,,,7.21076,60
fock_sup_loss_out_eta0p75_pn0p3_Nt5_ns1,fock_sup,loss_out,0.75,0.3,5,1,40,6.32195,5,true,-6.32195,,,6.32195,60
fock_sup_loss_out_eta0p75_pn0p3_Nt5_ns2,fock_sup,loss_out,0.75,0.3,5,2,40,7.09082,4.7895,true,-7.09082,,,7.09082,60
fock_sup_loss_out_eta0p75_pn0p3_Nt5_ns3,fock_sup,loss_out,0.75,0.3,5,3,40,7.09082,4.7895,true,-7.09082,,,7.09082,60
fock_sup_loss_out_eta0p75_pn0p35_Nt5_ns1,fock_sup,loss_out,0.75,0.35,5,1,40,6.32195,5,true,-6.32195,,,6.32195,60
fock_sup_loss_out_eta0p75_pn0p35_Nt5_ns2,fock_sup,loss_out,0.75,0.35,5,2,40,6.97168,4.82404,true,-6.97168,,,6.97168,60
fock_sup_loss_out_eta0p75_pn0p35_Nt5_ns3,fock_sup,loss_out,0.75,0.35,5,3,40,6.97168,4.82404,true,-6.97168,,,6.97168,60
fock_sup_loss_out_eta0p75_pn0p4_Nt5_ns1,fock_sup,loss_out,0.75,0.4,5,1,40,6.32195,5,true,-6.32195,,,6.32195,60
fock_sup_loss_out_eta0p75_pn0p4_Nt5_ns2,fock_sup,loss_out,0.75,0.4,5,2,40,6.85905,4.85694,true,-6.85905,,,6.85905,60
fock_sup_loss_out_eta0p75_pn0p4_Nt5_ns3,fock_sup,loss_out,0.75,0.4,5,3,40,6.88134,4.88665,true,-6.88134,,,6.88134,60
fock_sup_loss_out_eta0p75_pn0p45_Nt5_ns1,fock_sup,loss_out,0.75,0.45,5,1,40,6.32195,5,true,-6.32195,,,6.32195,60
fock_sup_loss_out_eta0p75_pn0p45_Nt5_ns2,fock_sup,loss_out,0.75,0.45,5,2,40,6.75699,4.88664,true,-6.75699,,,6.75699,60
fock_sup_loss_out_eta0p75_pn0p45_Nt5_ns3,fock_sup,loss_out,0.75,0.45,5,3,40,6.75699,4.88664,true,-6.75699,,,6.75699,60
fock_sup_loss_out_eta0p75_pn0p5_Nt5_ns1,fock_sup,loss_out,0.75,0.5,5,1,40,6.32195,5,true,-6.32195,,,6.32195,60
fock_sup_loss_out_eta0p75_pn0p5_Nt5_ns2,fock_sup,loss_out,0.75,0.5,5,2,40,6.66777,4.91218,true,-6.66777,,,6.66777,60
fock_sup_loss_out_eta0p75_pn0p5_Nt5_ns3,fock_sup,loss_out,0.75,0.5,5,3,40,13.0527,5.00001,true,-13.0526,,,5.33882,90
fock_sup_loss_out_eta0p7_pn0_Nt5_ns1,fock_sup,loss_out,0.7,0,5,1,40,4.87625,5,true,-4.87625,,,4.87625,60
fock_sup_loss_out_eta0p7_pn0_Nt5_ns2,fock_sup,loss_out,0.7,0,5,2,40,6.94646,4.99999,true,-6.94646,,,6.94647,60
fock_sup_loss_out_eta0p7_pn0_Nt5_ns3,fock_sup,loss_out,0.7,0,5,3,40,12.6028,5.00001,true,-12.6027,,,3.57597,90
fock_sup_loss_out_eta0p7_pn0p05_Nt5_ns1,fock_sup,loss_out,0.7,0.05,5,1,40,4.87625,5,true,-4.87625,,,4.87625,60
fock_sup_loss_out_eta0p7_pn0p05_Nt5_ns2,fock_sup,loss_out,0.7,0.05,5,2,40,6.58003,5,true,-6.58003,,,6.58003,60
fock_sup_loss_out_eta0p7_pn0p05_Nt5_ns3,fock_sup,loss_out,0.7,0.05,5,3,40,13.7337,5.00001,true,-13.7337,,,4.6946,90
fock_sup_loss_out_eta0p7_pn0p1_Nt5_ns1,fock_sup,loss_out,0.7,0.1,5,1,40,4.87625,5,true,-4.87625,,,4.87625,60
fock_sup_loss_out_eta0p7_pn0p1_Nt5_ns2,fock_sup,loss_out,0.7,0.1,5,2,40,5.88687,4.07603,true,-5.88687,,,5.88687,60
fock_sup_loss_out_eta0p7_pn0p1_Nt5_ns3,fock_sup,loss_out,0.7,0.1,5,3,40,6.26877,5,true,-6.26877,,,6.26877,60
fock_sup_loss_out_eta0p7_pn0p15_Nt5_ns1,fock_sup,loss_out,0.7,0.15,5,1,40,4.87625,5,true,-4.87625,,,4.87625,60
fock_sup_loss_out_eta0p7_pn0p15_Nt5_ns2,fock_sup,loss_out,0.7,0.15,5,2,40,6.07343,4.58557,true,-6.07343,,,6.07343,60
fock_sup_loss_out_eta0p7_pn0p15_Nt5_ns3,fock_sup,loss_out,0.7,0.15,5,3,40,6.14551,4.42115,true,-6.14551,,,6.14551,60
fock_sup_loss_out_eta0p7_pn0p2_Nt5_ns1,fock_sup,loss_out,0.7,0.2,5,1,40,4.87625,5,true,-4.87625,,,4.87625,60
fock_sup_loss_out_eta0p7_pn0p2_Nt5_ns2,fock_sup,loss_out,0.7,0.2,5,2,40,5.97316,4.61589,true,-5.97316,,,5.97316,60
fock_sup_loss_out_eta0p7_pn0p2_Nt5_ns3,fock_sup,loss_out,0.7,0.2,5,3,40,5.97316,4.61589,true,-5.97316,,,5.97316,60
fock_sup_loss_out_eta0p7_pn0p25_Nt5_ns1,fock_sup,loss_out,0.7,0.25,5,1,40,4.87625,5,true,-4.87625,,,4.87625,60
fock_sup_loss_out_eta0p7_pn0p25_Nt5_ns2,fock_sup,loss_out,0.7,0.25,5,2,40,5.85786,4.65174,true,-5.85786,,,5.85786,60
fock_sup_loss_out_eta0p7_pn0p25_Nt5_ns3,fock_sup,loss_out,0.7,0.25,5,3,40,12.8276,5.00001,true,-12.8276,,,3.97694,90
fock_sup_loss_out_eta0p7_pn0p3_Nt5_ns1,fock_sup,loss_out,0.7,0.3,5,1,40,4.87625,5,true,-4.87625,,,4.87625,60
fock_sup_loss_out_eta0p7_pn0p3_Nt5_ns2,fock_sup,loss_out,0.7,0.3,5,2,40,5.73445,4.69184,true,-5.73445,,,5.73445,60
fock_sup_loss_out_eta0p7_pn0p3_Nt5_ns3,fock_sup,loss_out,0.7,0.3,5,3,40,12.7856,5.00001,true,-12.7856,,,3.91403,90
fock_sup_loss_out_eta0p7_pn0p35_Nt5_ns1,fock_sup,loss_out,0.7,0.35,5,1,40,4.87625,5,true,-4.87625,,,4.87625,60
fock_sup_loss_out_eta0p7_pn0p35_Nt5_ns2,fock_sup,loss_out,0.7,0.35,5,2,40,5.60952,4.73453,true,-5.60952,,,5.60952,60
fock_sup_loss_out_eta0p7_pn0p35_Nt5_ns3,fock_sup,loss_out,0.7,0.35,5,3,40,13.2599,5.00001,true,-13.2599,,,4.08282,90
fock_sup_loss_out_eta0p7_pn0p4_Nt5_ns1,fock_sup,loss_out,0.7,0.4,5,1,40,4.87625,5,true,-4.87625,,,4.87625,60
fock_sup_loss_out_eta0p7_pn0p4_Nt5_ns2,fock_sup,loss_out,0.7,0.4,5,2,40,12.5666,5.00001,true,-12.5666,,,3.04604,90
fock_sup_loss_out_eta0p7_pn0p4_Nt5_ns3,fock_sup,loss_out,0.7,0.4,5,3,40,5.48889,4.77772,true,-5.48889,,,5.48889,60
fock_sup_loss_out_eta0p7_pn0p45_Nt5_ns1,fock_sup,loss_out,0.7,0.45,5,1,40,4.87625,5,true,-4.87625,,,4.87625,60
fock_sup_loss_out_eta0p7_pn0p45_Nt5_ns2,fock_sup,loss_out,0.7,0.45,5,2,40,5.37721,4.81911,true,-5.37721,,,5.37721,60
fock_sup_loss_out_eta0p7_pn0p45_Nt5_ns3,fock_sup,loss_out,0.7,0.45,5,3,40,5.37721,4.81911,true,-5.37721,,,5.37721,60
fock_sup_loss_out_eta0p7_pn0p5_Nt5_ns1,fock_sup,loss_out,0.7,0.5,5,1,40,4.87625,5,true,-4.87625,,,4.87625,60
fock_sup_loss_out_eta0p7_pn0p5_Nt5_ns2,fock_sup,loss_out,0.7,0.5,5,2,40,5.27764,4.85671,true,-5.27764,,,5.27764,60
fock_sup_loss_out_eta0p7_pn0p5_Nt5_ns3,fock_sup,loss_out,0.7,0.5,5,3,40,5.27764,4.85671,true,-5.27764,,,5.27764,60
fock_sup_loss_out_eta0p85_pn0_Nt5_ns1,fock_sup,loss_out,0.85,0,5,1,40,11.7005,5,true,-11.7005,,,11.7005,60
fock_sup_loss_out_eta0p85_pn0_Nt5_ns2,fock_sup,loss_out,0.85,0,5,2,40,14.6898,5.00001,true,-14.6898,,,14.6898,60
fock_sup_loss_out_eta0p85_pn0_Nt5_ns3,fock_sup,loss_out,0.85,0,5,3,40,15.8389,5,true,-15.8389,,,15.8389,60
fock_sup_loss_out_eta0p85_pn0p05_Nt5_ns1,fock_sup,loss_out,0.85,0.05,5,1,40,11.7005,5,true,-11.7005,,,11.7005,60
fock_sup_loss_out_eta0p85_pn0p05_Nt5_ns2,fock_sup,loss_out,0.85,0.05,5,2,40,13.825,5,true,-13.825,,,13.825,60
fock_sup_loss_out_eta0p85_pn0p05_Nt5_ns3,fock_sup,loss_out,0.85,0.05,5,3,40,14.279,5,true,-14.279,,,14.279,60
fock_sup_loss_out_eta0p85_pn0p1_Nt5_ns1,fock_sup,loss_out,0.85,0.1,5,1,40,11.7005,5,true,-11.7005,,,11.7005,60
fock_sup_loss_out_eta0p85_pn0p1_Nt5_ns2,fock_sup,loss_out,0.85,0.1,5,2,40,12.8291,5,true,-12.8291,,,12.8291,60
fock_sup_loss_out_eta0p85_pn0p1_Nt5_ns3,fock_sup,loss_out,0.85,0.1,5,3,40,12.9617,5,true,-12.9617,,,12.9617,60
fock_sup_loss_out_eta0p85_pn0p15_Nt5_ns1,fock_sup,loss_out,0.85,0.15,5,1,40,11.7005,5,true,-11.7005,,,11.7005,60
fock_sup_loss_out_eta0p85_pn0p15_Nt5_ns2,fock_sup,loss_out,0.85,0.15,5,2,40,12.1414,4.92165,true,-12.1414,,,12.1414,60
fock_sup_loss_out_eta0p85_pn0p15_Nt5_ns3,fock_sup,loss_out,0.85,0.15,5,3,40,15.3345,5.00001,true,-15.3345,,,9.7253,90
fock_sup_loss_out_eta0p85_pn0p2_Nt5_ns1,fock_sup,loss_out,0.85,0.2,5,1,40,11.7005,5,true,-11.7005,,,11.7005,60
fock_sup_loss_out_eta0p85_pn0p2_Nt5_ns2,fock_sup,loss_out,0.85,0.2,5,2,40,12.0882,4.93387,true,-12.0882,,,12.0882,60
fock_sup_loss_out_eta0p85_pn0p2_Nt5_ns3,fock_sup,loss_out,0.85,0.2,5,3,40,12.0882,4.93387,true,-12.0882,,,12.0882,60
fock_sup_loss_out_eta0p85_pn0p25_Nt5_ns1,fock_sup,loss_out,0.85,0.25,5,1,40,11.7005,5,true,-11.7005,,,11.7005,60
fock_sup_loss_out_eta0p85_pn0p25_Nt5_ns2,fock_sup,loss_out,0.85,0.25,5,2,40,12.0316,4.94628,true,-12.0316,,,12.0316,60
fock_sup_loss_out_eta0p85_pn0p25_Nt5_ns3,fock_sup,loss_out,0.85,0.25,5,3,40,12.0316,4.94628,true,-12.0316,,,12.0316,60
fock_sup_loss_out_eta0p85_pn0p3_Nt5_ns1,fock_sup,loss_out,0.85,0.3,5,1,40,11.7005,5,true,-11.7005,,,11.7005,60
fock_sup_loss_out_eta0p85_pn0p3_Nt5_ns2,fock_sup,loss_out,0.85,0.3,5,2,40,11.9765,4.9577,true,-11.9765,,,11.9765,60
fock_sup_loss_out_eta0p85_pn0p3_Nt5_ns3,fock_sup,loss_out,0.85,0.3,5,3,40,11.9765,4.9577,true,-11.9765,,,11.9765,60
fock_sup_loss_out_eta0p85_pn0p35_Nt5_ns1,fock_sup,loss_out,0.85,0.35,5,1,40,11.7005,5,true,-11.7005,,,11.7005,60
fock_sup_loss_out_eta0p85_pn0p35_Nt5_ns2,fock_sup,loss_out,0.85,0.35,5,2,40,11.9259,4.96747,true,-11.9259,,,11.9259,60
fock_sup_loss_out_eta0p85_pn0p35_Nt5_ns3,fock_sup,loss_out,0.85,0.35,5,3,40,11.9259,4.96747,true,-11.9259,,,11.9259,60
fock_sup_loss_out_eta0p85_pn0p4_Nt5_ns1,fock_sup,loss_out,0.85,0.4,5,1,40,11.7005,5,true,-11.7005,,,11.7005,60
fock_sup_loss_out_eta0p85_pn0p4_Nt5_ns2,fock_sup,loss_out,0.85,0.4,5,2,40,11.7005,5,true,-11.7005,,,11.7005,60
fock_sup_loss_out_eta0p85_pn0p4_Nt5_ns3,fock_sup,loss_out,0.85,0.4,5,3,40,11.8815,4.97541,true,-11.8815,,,11.8815,60
fock_sup_loss_out_eta0p85_pn0p45_Nt5_ns1,fock_sup,loss_out,0.85,0.45,5,1,40,11.7005,5,true,-11.7005,,,11.7005,60
fock_sup_loss_out_eta0p85_pn0p45_Nt5_ns2,fock_sup,loss_out,0.85,0.45,5,2,40,15.3345,5.00001,true,-15.3345,,,9.7253,90
fock_sup_loss_out_eta0p85_pn0p45_Nt5_ns3,fock_sup,loss_out,0.85,0.45,5,3,40,11.8437,4.98163,true,-11.8437,,,11.8437,60
fock_sup_loss_out_eta0p85_pn0p5_Nt5_ns1,fock_sup,loss_out,0.85,0.5,5,1,40,11.7005,5,true,-11.7005,,,11.7005,60
fock_sup_loss_out_eta0p85_pn0p5_Nt5_ns2,fock_sup,loss_out,0.85,0.5,5,2,40,11.7005,5,true,-11.7005,,,11.7005,60
fock_sup_loss_out_eta0p85_pn0p5_Nt5_ns3,fock_sup,loss_out,0.85,0.5,5,3,40,11.7005,5,true,-11.7005,,,11.7005,60
fock_sup_loss_out_eta0p8_pn0_Nt5_ns1,fock_sup,loss_out,0.8,0,5,1,40,8.43625,5,true,-8.43625,,,8.43625,60
fock_sup_loss_out_eta0p8_pn0_Nt5_ns2,fock_sup,loss_out,0.8,0,5,2,40,11.2941,5.00001,true,-11.2941,,,11.2941,60
fock_sup_loss_out_eta0p8_pn0_Nt5_ns3,fock_sup,loss_out,0.8,0,5,3,40,11.8361,5,true,-11.8361,,,11.8363,60
fock_sup_loss_out_eta0p8_pn0p05_Nt5_ns1,fock_sup,loss_out,0.8,0.05,5,1,40,8.43625,5,true,-8.43625,,,8.43625,60
fock_sup_loss_out_eta0p8_pn0p05_Nt5_ns2,fock_sup,loss_out,0.8,0.05,5,2,40,10.667,5,true,-10.667,,,10.667,60
fock_sup_loss_out_eta0p8_pn0p05_Nt5_ns3,fock_sup,loss_out,0.8,0.05,5,3,40,10.9984,5,true,-10.9984,,,10.9984,60
fock_sup_loss_out_eta0p8_pn0p1_Nt5_ns1,fock_sup,loss_out,0.8,0.1,5,1,40,8.43625,5,true,-8.43625,,,8.43625,60
fock_sup_loss_out_eta0p8_pn0p1_Nt5_ns2,fock_sup,loss_out,0.8,0.1,5,2,40,9.70924,5,true,-9.70924,,,9.70924,60
fock_sup_loss_out_eta0p8_pn0p1_Nt5_ns3,fock_sup,loss_out,0.8,0.1,5,3,40,9.89851,5,true,-9.89851,,,9.89851,60
fock_sup_loss_out_eta0p8_pn0p15_Nt5_ns1,fock_sup,loss_out,0.8,0.15,5,1,40,8.43625,5,true,-8.43625,,,8.43625,60
fock_sup_loss_out_eta0p8_pn0p15_Nt5_ns2,fock_sup,loss_out,0.8,0.15,5,2,40,9.30346,4.81037,true,-9.30346,,,9.30346,60
fock_sup_loss_out_eta0p8_pn0p15_Nt5_ns3,fock_sup,loss_out,0.8,0.15,5,3,40,9.45062,4.65098,true,-9.45062,,,9.45062,60
fock_sup_loss_out_eta0p8_pn0p2_Nt5_ns1,fock_sup,loss_out,0.8,0.2,5,1,40,8.43625,5,true,-8.43625,,,8.43625,60
fock_sup_loss_out_eta0p8_pn0p2_Nt5_ns2,fock_sup,loss_out,0.8,0.2,5,2,40,9.21526,4.83214,true,-9.21526,,,9.21526,60
fock_sup_loss_out_eta0p8_pn0p2_Nt5_ns3,fock_sup,loss_out,0.8,0.2,5,3,40,9.25596,4.7622,true,-9.25596,,,9.25596,60
fock_sup_loss_out_eta0p8_pn0p25_Nt5_ns1,fock_sup,loss_out,0.8,0.25,5,1,40,8.43625,5,true,-8.43625,,,8.43625,60
fock_sup_loss_out_eta0p8_pn0p25_Nt5_ns2,fock_sup,loss_out,0.8,0.25,5,2,40,8.43625,5,true,-8.43625,,,8.43625,60
fock_sup_loss_out_eta0p8_pn0p25_Nt5_ns3,fock_sup,loss_out,0.8,0.25,5,3,40,14.8676,5.00002,true,-14.8675,,,6.49805,90
fock_sup_loss_out_eta0p8_pn0p3_Nt5_ns1,fock_sup,loss_out,0.8,0.3,5,1,40,8.43625,5,true,-8.43625,,,8.43625,60
fock_sup_loss_out_eta0p8_pn0p3_Nt5_ns2,fock_sup,loss_out,0.8,0.3,5,2,40,9.01634,4.88071,true,-9.01634,,,9.01634,60
fock_sup_loss_out_eta0p8_pn0p3_Nt5_ns3,fock_sup,loss_out,0.8,0.3,5,3,40,9.01634,4.88071,true,-9.01634,,,9.01634,60
fock_sup_loss_out_eta0p8_pn0p35_Nt5_ns1,fock_sup,loss_out,0.8,0.35,5,1,40,8.43625,5,true,-8.43625,,,8.43625,60
fock_sup_loss_out_eta0p8_pn0p35_Nt5_ns2,fock_sup,loss_out,0.8,0.35,5,2,40,8.9193,4.90383,true,-8.9193,,,8.9193,60
fock_sup_loss_out_eta0p8_pn0p35_Nt5_ns3,fock_sup,loss_out,0.8,0.35,5,3,40,8.9193,4.90383,true,-8.9193,,,8.9193,60
fock_sup_loss_out_eta0p8_pn0p4_Nt5_ns1,fock_sup,loss_out,0.8,0.4,5,1,40,8.43625,5,true,-8.43625,,,8.43625,60
fock_sup_loss_out_eta0p8_pn0p4_Nt5_ns2,fock_sup,loss_out,0.8,0.4,5,2,40,8.83033,4.92438,true,-8.83033,,,8.83033,60
fock_sup_loss_out_eta0p8_pn0p4_Nt5_ns3,fock_sup,loss_out,0.8,0.4,5,3,40,8.83033,4.92438,true,-8.83033,,,8.83033,60
fock_sup_loss_out_eta0p8_pn0p45_Nt5_ns1,fock_sup,loss_out,0.8,0.45,5,1,40,8.43625,5,true,-8.43625,,,8.43625,60
fock_sup_loss_out_eta0p8_pn0p45_Nt5_ns2,fock_sup,loss_out,0.8,0.45,5,2,40,8.43625,5,true,-8.43625,,,8.43625,60
fock_sup_loss_out_eta0p8_pn0p45_Nt5_ns3,fock_sup,loss_out,0.8,0.45,5,3,40,8.75195,4.94175,true,-8.75195,,,8.75195,60
fock_sup_loss_out_eta0p8_pn0p5_Nt5_ns1,fock_sup,loss_out,0.8,0.5,5,1,40,8.43625,5,true,-8.43625,,,8.43625,60
fock_sup_loss_out_eta0p8_pn0p5_Nt5_ns2,fock_sup,loss_out,0.8,0.5,5,2,40,8.68506,4.95587,true,-8.68506,,,8.68506,60
fock_sup_loss_out_eta0p8_pn0p5_Nt5_ns3,fock_sup,loss_out,0.8,0.5,5,3,40,8.68506,4.95587,true,-8.68506,,,8.68506,60
fock_sup_loss_out_eta0p95_pn0_Nt5_ns1,fock_sup,loss_out,0.95,0,5,1,40,26.4196,5,true,-26.4196,,,26.4196,60
fock_sup_loss_out_eta0p95_pn0_Nt5_ns2,fock_sup,loss_out,0.95,0,5,2,40,29.8972,5,true,-29.8972,,,29.8972,60
fock_sup_loss_out_eta0p95_pn0_Nt5_ns3,fock_sup,loss_out,0.95,0,5,3,40,34.3856,5.00002,true,-34.3856,,,34.3856,60
fock_sup_loss_out_eta0p95_pn0p05_Nt5_ns1,fock_sup,loss_out,0.95,0.05,5,1,40,26.4196,5,true,-26.4196,,,26.4196,60
fock_sup_loss_out_eta0p95_pn0p05_Nt5_ns2,fock_sup,loss_out,0.95,0.05,5,2,40,29.8219,5,true,-29.8219,,,29.8219,60
fock_sup_loss_out_eta0p95_pn0p05_Nt5_ns3,fock_sup,loss_out,0.95,0.05,5,3,40,31.3726,5.00001,true,-31.3726,,,31.3726,60
fock_sup_loss_out_eta0p95_pn0p1_Nt5_ns1,fock_sup,loss_out,0.95,0.1,5,1,40,26.4196,5,true,-26.4196,,,26.4196,60
fock_sup_loss_out_eta0p95_pn0p1_Nt5_ns2,fock_sup,loss_out,0.95,0.1,5,2,40,29.6113,5,true,-29.6113,,,29.6113,60
fock_sup_loss_out_eta0p95_pn0p1_Nt5_ns3,fock_sup,loss_out,0.95,0.1,5,3,40,30.453,5.00001,true,-30.453,,,30.453,60
fock_sup_loss_out_eta0p95_pn0p15_Nt5_ns1,fock_sup,loss_out,0.95,0.15,5,1,40,26.4196,5,true,-26.4196,,,26.4196,60
fock_sup_loss_out_eta0p95_pn0p15_Nt5_ns2,fock_sup,loss_out,0.95,0.15,5,2,40,29.287,5,true,-29.287,,,29.287,60
fock_sup_loss_out_eta0p95_pn0p15_Nt5_ns3,fock_sup,loss_out,0.95,0.15,5,3,40,29.8089,5.00001,true,-29.8089,,,29.8089,60
fock_sup_loss_out_eta0p95_pn0p2_Nt5_ns1,fock_sup,loss_out,0.95,0.2,5,1,40,26.4196,5,true,-26.4196,,,26.4196,60
fock_sup_loss_out_eta0p95_pn0p2_Nt5_ns2,fock_sup,loss_out,0.95,0.2,5,2,40,28.8713,5,true,-28.8713,,,28.8713,60
fock_sup_loss_out_eta0p95_pn0p2_Nt5_ns3,fock_sup,loss_out,0.95,0.2,5,3,40,29.6218,5.00001,true,-29.6218,,,29.6218,60
fock_sup_loss_out_eta0p95_pn0p25_Nt5_ns1,fock_sup,loss_out,0.95,0.25,5,1,40,26.4196,5,true,-26.4196,,,26.4196,60
fock_sup_loss_out_eta0p95_pn0p25_Nt5_ns2,fock_sup,loss_out,0.95,0.25,5,2,40,28.384,5,true,-28.384,,,28.384,60
fock_sup_loss_out_eta0p95_pn0p25_Nt5_ns3,fock_sup,loss_out,0.95,0.25,5,3,40,29.069,5.00001,true,-29.069,,,29.069,60
fock_sup_loss_out_eta0p95_pn0p3_Nt5_ns1,fock_sup,loss_out,0.95,0.3,5,1,40,26.4196,5,true,-26.4196,,,26.4196,60
fock_sup_loss_out_eta0p95_pn0p3_Nt5_ns2,fock_sup,loss_out,0.95,0.3,5,2,40,27.8433,5,true,-27.8433,,,27.8433,60
fock_sup_loss_out_eta0p95_pn0p3_Nt5_ns3,fock_sup,loss_out,0.95,0.3,5,3,40,28.4469,5.00001,true,-28.4469,,,28.4469,60
fock_sup_loss_out_eta0p95_pn0p35_Nt5_ns1,fock_sup,loss_out,0.95,0.35,5,1,40,26.4196,5,true,-26.4196,,,26.4196,60
fock_sup_loss_out_eta0p95_pn0p35_Nt5_ns2,fock_sup,loss_out,0.95,0.35,5,2,40,27.3064,4.67683,true,-27.3064,,,27.3064,60
fock_sup_loss_out_eta0p95_pn0p35_Nt5_ns3,fock_sup,loss_out,0.95,0.35,5,3,40,28.0007,5.00001,true,-28.0007,,,28.0007,60
fock_sup_loss_out_eta0p95_pn0p4_Nt5_ns1,fock_sup,loss_out,0.95,0.4,5,1,40,26.4196,5,true,-26.4196,,,26.4196,60
fock_sup_loss_out_eta0p95_pn0p4_Nt5_ns2,fock_sup,loss_out,0.95,0.4,5,2,40,26.8585,4.966,true,-26.8585,,,26.8585,60
fock_sup_loss_out_eta0p95_pn0p4_Nt5_ns3,fock_sup,loss_out,0.95,0.4,5,3,40,28.0569,5.00003,true,-28.0568,,,28.0569,60
fock_sup_loss_out_eta0p95_pn0p45_Nt5_ns1,fock_sup,loss_out,0.95,0.45,5,1,40,26.4196,5,true,-26.4196,,,26.4196,60
fock_sup_loss_out_eta0p95_pn0p45_Nt5_ns2,fock_sup,loss_out,0.95,0.45,5,2,40,26.4196,5,true,-26.4196,,,26.4196,60
fock_sup_loss_out_eta0p95_pn0p45_Nt5_ns3,fock_sup,loss_out,0.95,0.45,5,3,40,27.223,5.00001,true,-27.223,,,27.223,60
fock_sup_loss_out_eta0p95_pn0p5_Nt5_ns1,fock_sup,loss_out,0.95,0.5,5,1,40,26.4196,5,true,-26.4196,,,26.4196,60
fock_sup_loss_out_eta0p95_pn0p5_Nt5_ns2,fock_sup,loss_out,0.95,0.5,5,2,40,26.6713,4.98474,true,-26.6713,,,26.6713,60
fock_sup_loss_out_eta0p95_pn0p5_Nt5_ns3,fock_sup,loss_out,0.95,0.5,5,3,40,26.6713,4.98474,true,-26.6713,,,26.6713,60
fock_sup_loss_out_eta0p999_pn0_Nt5_ns1,fock_sup,loss_out,0.999,0,5,1,40,43.5194,5,true,-43.5194,,,43.5194,60
fock_sup_loss_out_eta0p999_pn0_Nt5_ns2,fock_sup,loss_out,0.999,0,5,2,40,64.8329,5.00004,true,-64.8327,,,64.8329,60
fock_sup_loss_out_eta0p999_pn0_Nt5_ns3,fock_sup,loss_out,0.999,0,5,3,40,73.5878,5.00005,true,-73.5875,,,73.5878,60
fock_sup_loss_out_eta0p999_pn0p05_Nt5_ns1,fock_sup,loss_out,0.999,0.05,5,1,40,43.5194,5,true,-43.5194,,,43.5194,60
fock_sup_loss_out_eta0p999_pn0p05_Nt5_ns2,fock_sup,loss_out,0.999,0.05,5,2,40,64.7094,5.00004,true,-64.7093,,,64.7094,60
fock_sup_loss_out_eta0p999_pn0p05_Nt5_ns3,fock_sup,loss_out,0.999,0.05,5,3,40,73.4306,5.00005,true,-73.4303,,,73.4306,60
fock_sup_loss_out_eta0p999_pn0p1_Nt5_ns1,fock_sup,loss_out,0.999,0.1,5,1,40,43.5194,5,true,-43.5194,,,43.5194,60
fock_sup_loss_out_eta0p999_pn0p1_Nt5_ns2,fock_sup,loss_out,0.999,0.1,5,2,40,64.3746,5.00004,true,-64.3744,,,64.3746,60
fock_sup_loss_out_eta0p999_pn0p1_Nt5_ns3,fock_sup,loss_out,0.999,0.1,5,3,40,71.4569,5.0001,true,-71.456,,,71.4569,60
fock_sup_loss_out_eta0p999_pn0p15_Nt5_ns1,fock_sup,loss_out,0.999,0.15,5,1,40,43.5194,5,true,-43.5194,,,43.5194,60
fock_sup_loss_out_eta0p999_pn0p15_Nt5_ns2,fock_sup,loss_out,0.999,0.15,5,2,40,63.8465,5.00004,true,-63.8463,,,63.8465,60
fock_sup_loss_out_eta0p999_pn0p15_Nt5_ns3,fock_sup,loss_out,0.999,0.15,5,3,40,72.2366,5.00005,true,-72.2364,,,72.2366,60
fock_sup_loss_out_eta0p999_pn0p2_Nt5_ns1,fock_sup,loss_out,0.999,0.2,5,1,40,43.5194,5,true,-43.5194,,,43.5194,60
fock_sup_loss_out_eta0p999_pn0p2_Nt5_ns2,fock_sup,loss_out,0.999,0.2,5,2,40,63.1355,5.00004,true,-63.1354,,,63.1355,60
fock_sup_loss_out_eta0p999_pn0p2_Nt5_ns3,fock_sup,loss_out,0.999,0.2,5,3,40,71.2343,5.00005,true,-71.2341,,,71.2343,60
fock_sup_loss_out_eta0p999_pn0p25_Nt5_ns1,fock_sup,loss_out,0.999,0.25,5,1,40,43.5194,5,true,-43.5194,,,43.5194,60
fock_sup_loss_out_eta0p999_pn0p25_Nt5_ns2,fock_sup,loss_out,0.999,0.25,5,2,40,62.2597,5.00004,true,-62.2596,,,62.2597,60
fock_sup_loss_out_eta0p999_pn0p25_Nt5_ns3,fock_sup,loss_out,0.999,0.25,5,3,40,68.644,5.00009,true,-68.6432,,,68.644,60
fock_sup_loss_out_eta0p999_pn0p3_Nt5_ns1,fock_sup,loss_out,0.999,0.3,5,1,40,43.5194,5,true,-43.5194,,,43.5194,60
fock_sup_loss_out_eta0p999_pn0p3_Nt5_ns2,fock_sup,loss_out,0.999,0.3,5,2,40,61.2425,5.00004,true,-61.2423,,,61.2425,60
fock_sup_loss_out_eta0p999_pn0p3_Nt5_ns3,fock_sup,loss_out,0.999,0.3,5,3,40,68.5612,5.00005,true,-68.561,,,68.5612,60
fock_sup_loss_out_eta0p999_pn0p35_Nt5_ns1,fock_sup,loss_out,0.999,0.35,5,1,40,43.5194,5,true,-43.5194,,,43.5194,60
fock_sup_loss_out_eta0p999_pn0p35_Nt5_ns2,fock_sup,loss_out,0.999,0.35,5,2,40,60.1107,5.00004,true,-60.1106,,,60.1107,60
fock_sup_loss_out_eta0p999_pn0p35_Nt5_ns3,fock_sup,loss_out,0.999,0.35,5,3,40,66.9628,5.00005,true,-66.9625,,,66.9628,60
fock_sup_loss_out_eta0p999_pn0p4_Nt5_ns1,fock_sup,loss_out,0.999,0.4,5,1,40,43.5194,5,true,-43.5194,,,43.5194,60
fock_sup_loss_out_eta0p999_pn0p4_Nt5_ns2,fock_sup,loss_out,0.999,0.4,5,2,40,58.8934,5.00004,true,-58.8932,,,58.8934,60
fock_sup_loss_out_eta0p999_pn0p4_Nt5_ns3,fock_sup,loss_out,0.999,0.4,5,3,40,65.2432,5.00005,true,-65.2429,,,65.2432,60
fock_sup_loss_out_eta0p999_pn0p45_Nt5_ns1,fock_sup,loss_out,0.999,0.45,5,1,40,43.5194,5,true,-43.5194,,,43.5194,60
fock_sup_loss_out_eta0p999_pn0p45_Nt5_ns2,fock_sup,loss_out,0.999,0.45,5,2,40,57.6198,5.00004,true,-57.6197,,,57.6198,60
fock_sup_loss_out_eta0p999_pn0p45_Nt5_ns3,fock_sup,loss_out,0.999,0.45,5,3,40,63.444,5.00005,true,-63.4438,,,63.444,60
fock_sup_loss_out_eta0p999_pn0p5_Nt5_ns1,fock_sup,loss_out,0.999,0.5,5,1,40,43.5194,5,true,-43.5194,,,43.5194,60
fock_sup_loss_out_eta0p999_pn0p5_Nt5_ns2,fock_sup,loss_out,0.999,0.5,5,2,40,56.319,5.00004,true,-56.3188,,,56.319,60
fock_sup_loss_out_eta0p999_pn0p5_Nt5_ns3,fock_sup,loss_out,0.999,0.5,5,3,40,60.7064,5.00007,true,-60.7059,,,60.7064,60
fock_sup_loss_out_eta0p99_pn0_Nt5_ns1,fock_sup,loss_out,0.99,0,5,1,40,39.4822,5,true,-39.4822,,,39.4822,60
fock_sup_loss_out_eta0p99_pn0_Nt5_ns2,fock_sup,loss_out,0.99,0,5,2,40,55.9629,5.00003,true,-55.9628,,,55.9629,60
fock_sup_loss_out_eta0p99_pn0_Nt5_ns3,fock_sup,loss_out,0.99,0,5,3,40,62.1861,5.00004,true,-62.1859,,,62.1861,60
fock_sup_loss_out_eta0p99_pn0p05_Nt5_ns1,fock_sup,loss_out,0.99,0.05,5,1,40,39.4822,5,true,-39.4822,,,39.4822,60
fock_sup_loss_out_eta0p99_pn0p05_Nt5_ns2,fock_sup,loss_out,0.99,0.05,5,2,40,55.8473,5.00003,true,-55.8473,,,55.8473,60
fock_sup_loss_out_eta0p99_pn0p05_Nt5_ns3,fock_sup,loss_out,0.99,0.05,5,3,40,62.0471,5.00004,true,-62.047,,,62.0471,60
fock_sup_loss_out_eta0p99_pn0p1_Nt5_ns1,fock_sup,loss_out,0.99,0.1,5,1,40,39.4822,5,true,-39.4822,,,39.4822,60
fock_sup_loss_out_eta0p99_pn0p1_Nt5_ns2,fock_sup,loss_out,0.99,0.1,5,2,40,55.5186,5.00003,true,-55.5185,,,55.5186,60
fock_sup_loss_out_eta0p99_pn0p1_Nt5_ns3,fock_sup,loss_out,0.99,0.1,5,3,40,61.6419,5.00004,true,-61.6418,,,61.6419,60
fock_sup_loss_out_eta0p99_pn0p15_Nt5_ns1,fock_sup,loss_out,0.99,0.15,5,1,40,39.4822,5,true,-39.4822,,,39.4822,60
fock_sup_loss_out_eta0p99_pn0p15_Nt5_ns2,fock_sup,loss_out,0.99,0.15,5,2,40,55.0079,5.00003,true,-55.0079,,,55.0079,60
fock_sup_loss_out_eta0p99_pn0p15_Nt5_ns3,fock_sup,loss_out,0.99,0.15,5,3,40,60.9912,5.00004,true,-60.9911,,,60.9912,60
fock_sup_loss_out_eta0p99_pn0p2_Nt5_ns1,fock_sup,loss_out,0.99,0.2,5,1,40,39.4822,5,true,-39.4822,,,39.4822,60
fock_sup_loss_out_eta0p99_pn0p2_Nt5_ns2,fock_sup,loss_out,0.99,0.2,5,2,40,54.3437,5.00003,true,-54.3436,,,54.3437,60
fock_sup_loss_out_eta0p99_pn0p2_Nt5_ns3,fock_sup,loss_out,0.99,0.2,5,3,40,60.1188,5.00003,true,-60.1187,,,60.1188,60
fock_sup_loss_out_eta0p99_pn0p25_Nt5_ns1,fock_sup,loss_out,0.99,0.25,5,1,40,39.4822,5,true,-39.4822,,,39.4822,60
fock_sup_loss_out_eta0p99_pn0p25_Nt5_ns2,fock_sup,loss_out,0.99,0.25,5,2,40,53.5491,5.00002,true,-53.549,,,53.5491,60
fock_sup_loss_out_eta0p99_pn0p25_Nt5_ns3,fock_sup,loss_out,0.99,0.25,5,3,40,59.0529,5.00003,true,-59.0528,,,59.0529,60
fock_sup_loss_out_eta0p99_pn0p3_Nt5_ns1,fock_sup,loss_out,0.99,0.3,5,1,40,39.4822,5,true,-39.4822,,,39.4822,60
fock_sup_loss_out_eta0p99_pn0p3_Nt5_ns2,fock_sup,loss_out,0.99,0.3,5,2,40,52.6451,5.00002,true,-52.6451,,,52.6451,60
fock_sup_loss_out_eta0p99_pn0p3_Nt5_ns3,fock_sup,loss_out,0.99,0.3,5,3,40,57.825,5.00003,true,-57.8249,,,57.825,60
fock_sup_loss_out_eta0p99_pn0p35_Nt5_ns1,fock_sup,loss_out,0.99,0.35,5,1,40,39.4822,5,true,-39.4822,,,39.4822,60
fock_sup_loss_out_eta0p99_pn0p35_Nt5_ns2,fock_sup,loss_out,0.99,0.35,5,2,40,51.6533,5.00002,true,-51.6532,,,51.6533,60
fock_sup_loss_out_eta0p99_pn0p35_Nt5_ns3,fock_sup,loss_out,0.99,0.35,5,3,40,56.4677,5.00003,true,-56.4676,,,56.4677,60
fock_sup_loss_out_eta0p99_pn0p4_Nt5_ns1,fock_sup,loss_out,0.99,0.4,5,1,40,39.4822,5,true,-39.4822,,,39.4822,60
fock_sup_loss_out_eta0p99_pn0p4_Nt5_ns2,fock_sup,loss_out,0.99,0.4,5,2,40,50.5962,5.00002,true,-50.5961,,,50.5962,60
fock_sup_loss_out_eta0p99_pn0p4_Nt5_ns3,fock_sup,loss_out,0.99,0.4,5,3,40,55.0133,5.00003,true,-55.0132,,,55.0133,60
fock_sup_loss_out_eta0p99_pn0p45_Nt5_ns1,fock_sup,loss_out,0.99,0.45,5,1,40,39.4822,5,true,-39.4822,,,39.4822,60
fock_sup_loss_out_eta0p99_pn0p45_Nt5_ns2,fock_sup,loss_out,0.99,0.45,5,2,40,49.4971,5.00002,true,-49.497,,,49.4971,60
fock_sup_loss_out_eta0p99_pn0p45_Nt5_ns3,fock_sup,loss_out,0.99,0.45,5,3,40,50.3126,5.00001,true,-50.3125,,,50.3126,60
fock_sup_loss_out_eta0p99_pn0p5_Nt5_ns1,fock_sup,loss_out,0.99,0.5,5,1,40,39.4822,5,true,-39.4822,,,39.4822,60
fock_sup_loss_out_eta0p99_pn0p5_Nt5_ns2,fock_sup,loss_out,0.99,0.5,5,2,40,48.3792,5.00002,true,-48.3791,,,48.3792,60
fock_sup_loss_out_eta0p99_pn0p5_Nt5_ns3,fock_sup,loss_out,0.99,0.5,5,3,40,51.9449,5.00003,true,-51.9448,,,51.9449,60
fock_sup_loss_out_eta0p9_pn0_Nt5_ns1,fock_sup,loss_out,0.9,0,5,1,40,17.053,5,true,-17.053,,,17.053,60
fock_sup_loss_out_eta0p9_pn0_Nt5_ns2,fock_sup,loss_out,0.9,0,5,2,40,19.6853,5.00001,true,-19.6853,,,19.6853,60
fock_sup_loss_out_eta0p9_pn0_Nt5_ns3,fock_sup,loss_out,0.9,0,5,3,40,21.9321,5,true,-21.9321,,,21.9321,60
fock_sup_loss_out_eta0p9_pn0p05_Nt5_ns1,fock_sup,loss_out,0.9,0.05,5,1,40,17.053,5,true,-17.053,,,17.053,60
fock_sup_loss_out_eta0p9_pn0p05_Nt5_ns2,fock_sup,loss_out,0.9,0.05,5,2,40,18.5806,5.00001,true,-18.5806,,,18.5806,60
fock_sup_loss_out_eta0p9_pn0p05_Nt5_ns3,fock_sup,loss_out,0.9,0.05,5,3,40,19.5858,5,true,-19.5858,,,19.5858,60
fock_sup_loss_out_eta0p9_pn0p1_Nt5_ns1,fock_sup,loss_out,0.9,0.1,5,1,40,17.053,5,true,-17.053,,,17.053,60
fock_sup_loss_out_eta0p9_pn0p1_Nt5_ns2,fock_sup,loss_out,0.9,0.1,5,2,40,17.6626,5,true,-17.6626,,,17.6626,60
fock_sup_loss_out_eta0p9_pn0p1_Nt5_ns3,fock_sup,loss_out,0.9,0.1,5,3,40,17.9219,5,true,-17.9219,,,17.9219,60
fock_sup_loss_out_eta0p9_pn0p15_Nt5_ns1,fock_sup,loss_out,0.9,0.15,5,1,40,17.053,5,true,-17.053,,,17.053,60
fock_sup_loss_out_eta0p9_pn0p15_Nt5_ns2,fock_sup,loss_out,0.9,0.15,5,2,40,17.1622,5,true,-17.1622,,,17.1622,60
fock_sup_loss_out_eta0p9_pn0p15_Nt5_ns3,fock_sup,loss_out,0.9,0.15,5,3,40,17.1622,5,true,-17.1622,,,17.1622,60
fock_sup_loss_out_eta0p9_pn0p2_Nt5_ns1,fock_sup,loss_out,0.9,0.2,5,1,40,17.053,5,true,-17.053,,,17.053,60
fock_sup_loss_out_eta0p9_pn0p2_Nt5_ns2,fock_sup,loss_out,0.9,0.2,5,2,40,17.053,5,true,-17.053,,,17.053,60
fock_sup_loss_out_eta0p9_pn0p2_Nt5_ns3,fock_sup,loss_out,0.9,0.2,5,3,40,17.053,5,true,-17.053,,,17.053,60
fock_sup_loss_out_eta0p9_pn0p25_Nt5_ns1,fock_sup,loss_out,0.9,0.25,5,1,40,17.053,5,true,-17.053,,,17.053,60
fock_sup_loss_out_eta0p9_pn0p25_Nt5_ns2,fock_sup,loss_out,0.9,0.25,5,2,40,17.053,5,true,-17.053,,,17.053,60
fock_sup_loss_out_eta0p9_pn0p25_Nt5_ns3,fock_sup,loss_out,0.9,0.25,5,3,40,17.053,5,true,-17.053,,,17.053,60
fock_sup_loss_out_eta0p9_pn0p3_Nt5_ns1,fock_sup,loss_out,0.9,0.3,5,1,40,17.053,5,true,-17.053,,,17.053,60
fock_sup_loss_out_eta0p9_pn0p3_Nt5_ns2,fock_sup,loss_out,0.9,0.3,5,2,40,17.053,5,true,-17.053,,,17.053,60
fock_sup_loss_out_eta0p9_pn0p3_Nt5_ns3,fock_sup,loss_out,0.9,0.3,5,3,40,17.053,5,true,-17.053,,,17.053,60
fock_sup_loss_out_eta0p9_pn0p35_Nt5_ns1,fock_sup,loss_out,0.9,0.35,5,1,40,17.053,5,true,-17.053,,,17.053,60
fock_sup_loss_out_eta0p9_pn0p35_Nt5_ns2,fock_sup,loss_out,0.9,0.35,5,2,40,17.053,5,true,-17.053,,,17.053,60
fock_sup_loss_out_eta0p9_pn0p35_Nt5_ns3,fock_sup,loss_out,0.9,0.35,5,3,40,17.053,5,true,-17.053,,,17.053,60
fock_sup_loss_out_eta0p9_pn0p4_Nt5_ns1,fock_sup,loss_out,0.9,0.4,5,1,40,17.053,5,true,-17.053,,,17.053,60
fock_sup_loss_out_eta0p9_pn0p4_Nt5_ns2,fock_sup,loss_out,0.9,0.4,5,2,40,17.053,5,true,-17.053,,,17.053,60
fock_sup_loss_out_eta0p9_pn0p4_Nt5_ns3,fock_sup,loss_out,0.9,0.4,5,3,40,17.053,5,true,-17.053,,,17.053,60
fock_sup_loss_out_eta0p9_pn0p45_Nt5_ns1,fock_sup,loss_out,0.9,0.45,5,1,40,17.053,5,true,-17.053,,,17.053,60
fock_sup_loss_out_eta0p9_pn0p45_Nt5_ns2,fock_sup,loss_out,0.9,0.45,5,2,40,17.053,5,true,-17.053,,,17.053,60
fock_sup_loss_out_eta0p9_pn0p45_Nt5_ns3,fock_sup,loss_out,0.9,0.45,5,3,40,17.053,5,true,-17.053,,,17.053,60
fock_sup_loss_out_eta0p9_pn0p5_Nt5_ns1,fock_sup,loss_out,0.9,0.5,5,1,40,17.053,5,true,-17.053,,,17.053,60
fock_sup_loss_out_eta0p9_pn0p5_Nt5_ns2,fock_sup,loss_out,0.9,0.5,5,2,40,17.053,5,true,-17.053,,,17.053,60
fock_sup_loss_out_eta0p9_pn0p5_Nt5_ns3,fock_sup,loss_out,0.9,0.5,5,3,40,17.053,5,true,-17.053,,,17.053,60
fock_sup_loss_out_eta1_pn0_Nt5_ns1,fock_sup,loss_out,1,0,5,1,40,44,5,true,-44,,,44,60
fock_sup_loss_out_eta1_pn0_Nt5_ns2,fock_sup,loss_out,1,0,5,2,40,65.9092,5.00004,true,-65.9091,,,65.9092,60
fock_sup_loss_out_eta1_pn0_Nt5_ns3,fock_sup,loss_out,1,0,5,3,40,74.98,5.00005,true,-74.9797,,,74.98,60
fock_sup_loss_out_eta1_pn0p05_Nt5_ns1,fock_sup,loss_out,1,0.05,5,1,40,44,5,true,-44,,,44,60
fock_sup_loss_out_eta1_pn0p05_Nt5_ns2,fock_sup,loss_out,1,0.05,5,2,40,65.8,5.00004,true,-65.7998,,,65.8,60
fock_sup_loss_out_eta1_pn0p05_Nt5_ns3,fock_sup,loss_out,1,0.05,5,3,40,74.8255,5.00005,true,-74.8252,,,74.8255,60
fock_sup_loss_out_eta1_pn0p1_Nt5_ns1,fock_sup,loss_out,1,0.1,5,1,40,44,5,true,-44,,,44,60
fock_sup_loss_out_eta1_pn0p1_Nt5_ns2,fock_sup,loss_out,1,0.1,5,2,40,65.4754,5.00004,true,-65.4752,,,65.4754,60
fock_sup_loss_out_eta1_pn0p1_Nt5_ns3,fock_sup,loss_out,1,0.1,5,3,40,74.3666,5.00005,true,-74.3663,,,74.3666,60
fock_sup_loss_out_eta1_pn0p15_Nt5_ns1,fock_sup,loss_out,1,0.15,5,1,40,44,5,true,-44,,,44,60
fock_sup_loss_out_eta1_pn0p15_Nt5_ns2,fock_sup,loss_out,1,0.15,5,2,40,64.9452,5.00004,true,-64.945,,,64.9452,60
fock_sup_loss_out_eta1_pn0p15_Nt5_ns3,fock_sup,loss_out,1,0.15,5,3,40,73.6168,5.00005,true,-73.6165,,,73.6168,60
fock_sup_loss_out_eta1_pn0p2_Nt5_ns1,fock_sup,loss_out,1,0.2,5,1,40,44,5,true,-44,,,44,60
fock_sup_loss_out_eta1_pn0p2_Nt5_ns2,fock_sup,loss_out,1,0.2,5,2,40,64.2248,5.00004,true,-64.2246,,,64.2248,60
fock_sup_loss_out_eta1_pn0p2_Nt5_ns3,fock_sup,loss_out,1,0.2,5,3,40,72.5982,5.00005,true,-72.5979,,,72.5982,60
fock_sup_loss_out_eta1_pn0p25_Nt5_ns1,fock_sup,loss_out,1,0.25,5,1,40,44,5,true,-44,,,44,60
fock_sup_loss_out_eta1_pn0p25_Nt5_ns2,fock_sup,loss_out,1,0.25,5,2,40,63.3349,5.00004,true,-63.3347,,,63.3349,60
fock_sup_loss_out_eta1_pn0p25_Nt5_ns3,fock_sup,loss_out,1,0.25,5,3,40,71.3398,5.00005,true,-71.3395,,,71.3398,60
fock_sup_loss_out_eta1_pn0p3_Nt5_ns1,fock_sup,loss_out,1,0.3,5,1,40,44,5,true,-44,,,44,60
fock_sup_loss_out_eta1_pn0p3_Nt5_ns2,fock_sup,loss_out,1,0.3,5,2,40,62.3002,5.00004,true,-62.3,,,62.3002,60
fock_sup_loss_out_eta1_pn0p3_Nt5_ns3,fock_sup,loss_out,1,0.3,5,3,40,68.5239,5.00009,true,-68.5231,,,68.5239,60
fock_sup_loss_out_eta1_pn0p35_Nt5_ns1,fock_sup,loss_out,1,0.35,5,1,40,44,5,true,-44,,,44,60
fock_sup_loss_out_eta1_pn0p35_Nt5_ns2,fock_sup,loss_out,1,0.35,5,2,40,61.1485,5.00004,true,-61.1484,,,61.1485,60
fock_sup_loss_out_eta1_pn0p35_Nt5_ns3,fock_sup,loss_out,1,0.35,5,3,40,68.2482,5.00005,true,-68.248,,,68.2482,60
fock_sup_loss_out_eta1_pn0p4_Nt5_ns1,fock_sup,loss_out,1,0.4,5,1,40,44,5,true,-44,,,44,60
fock_sup_loss_out_eta1_pn0p4_Nt5_ns2,fock_sup,loss_out,1,0.4,5,2,40,59.9094,5.00004,true,-59.9093,,,59.9094,60
fock_sup_loss_out_eta1_pn0p4_Nt5_ns3,fock_sup,loss_out,1,0.4,5,3,40,66.4962,5.00005,true,-66.4959,,,66.4962,60
fock_sup_loss_out_eta1_pn0p45_Nt5_ns1,fock_sup,loss_out,1,0.45,5,1,40,44,5,true,-44,,,44,60
fock_sup_loss_out_eta1_pn0p45_Nt5_ns2,fock_sup,loss_out,1,0.45,5,2,40,58.6131,5.00004,true,-58.6129,,,58.6131,60
fock_sup_loss_out_eta1_pn0p45_Nt5_ns3,fock_sup,loss_out,1,0.45,5,3,40,64.663,5.00005,true,-64.6628,,,64.663,60
fock_sup_loss_out_eta1_pn0p5_Nt5_ns1,fock_sup,loss_out,1,0.5,5,1,40,44,5,true,-44,,,44,60
fock_sup_loss_out_eta1_pn0p5_Nt5_ns2,fock_sup,loss_out,1,0.5,5,2,40,57.2887,5.00004,true,-57.2886,,,57.2887,60
fock_sup_loss_out_eta1_pn0p5_Nt5_ns3,fock_sup,loss_out,1,0.5,5,3,40,62.7904,5.00005,true,-62.7902,,,62.7904,60
sqz_coh_loss_ch_eta0p55_pn0_Nt5_ns1,sqz_coh,loss_ch,0.55,0,5,1,50,6.26653,5,true,-6.26653,,,6.29101,75
sqz_coh_loss_ch_eta0p55_pn0_Nt5_ns2,sqz_coh,loss_ch,0.55,0,5,2,50,6.26694,5,true,-6.26694,,,6.28968,75
sqz_coh_loss_ch_eta0p55_pn0_Nt5_ns3,sqz_coh,loss_ch,0.55,0,5,3,50,6.26733,4.99999,true,-6.26733,,,6.29054,75
sqz_coh_loss_ch_eta0p55_pn0_Nt10_ns1,sqz_coh,loss_ch,0.55,0,10,1,120,8.21251,10.0003,true,-8.20141,,,6.45427,270
sqz_coh_loss_ch_eta0p55_pn0p1_Nt5_ns1,sqz_coh,loss_ch,0.55,0.1,5,1,50,5.41131,5,true,-5.41131,,,5.41073,75
sqz_coh_loss_ch_eta0p55_pn0p1_Nt5_ns2,sqz_coh,loss_ch,0.55,0.1,5,2,50,5.45283,4.99999,true,-5.45283,,,5.45355,75
sqz_coh_loss_ch_eta0p55_pn0p1_Nt5_ns3,sqz_coh,loss_ch,0.55,0.1,5,3,50,5.42334,5,true,-5.42334,,,5.42407,75
sqz_coh_loss_ch_eta0p55_pn0p2_Nt5_ns1,sqz_coh,loss_ch,0.55,0.2,5,1,50,4.6927,5,true,-4.6927,,,4.6927,75
sqz_coh_loss_ch_eta0p55_pn0p2_Nt5_ns2,sqz_coh,loss_ch,0.55,0.2,5,2,50,4.96517,5,true,-4.96517,,,4.96517,75
sqz_coh_loss_ch_eta0p55_pn0p2_Nt5_ns3,sqz_coh,loss_ch,0.55,0.2,5,3,50,4.75809,4.99999,true,-4.75809,,,4.57478,170
sqz_coh_loss_ch_eta0p5_pn0_Nt1_ns1,sqz_coh,loss_ch,0.5,0,1,1,40,4.87695,1,true,-4.87695,,,4.87695,60
sqz_coh_loss_ch_eta0p5_pn0_Nt1_ns2,sqz_coh,loss_ch,0.5,0,1,2,40,4.87695,1,true,-4.87695,,,4.87695,60
sqz_coh_loss_ch_eta0p5_pn0_Nt1_ns3,sqz_coh,loss_ch,0.5,0,1,3,40,4.87695,1,true,-4.87695,,,4.87695,60
sqz_coh_loss_ch_eta0p5_pn0_Nt1_ns4,sqz_coh,loss_ch,0.5,0,1,4,40,4.87695,1,true,-4.87695,,,4.87696,60
sqz_coh_loss_ch_eta0p5_pn0_Nt1_ns5,sqz_coh,loss_ch,0.5,0,1,5,40,4.87694,1,true,-4.87694,,,4.87695,60
sqz_coh_loss_ch_eta0p5_pn0_Nt2_ns1,sqz_coh,loss_ch,0.5,0,2,1,60,5.18956,2,true,-5.18956,,,5.18946,90
sqz_coh_loss_ch_eta0p5_pn0_Nt2_ns2,sqz_coh,loss_ch,0.5,0,2,2,60,5.2284,2,true,-5.2284,,,5.18683,90
sqz_coh_loss_ch_eta0p5_pn0_Nt2_ns3,sqz_coh,loss_ch,0.5,0,2,3,60,5.23195,1.99998,true,-5.23195,,,5.18818,90
sqz_coh_loss_ch_eta0p5_pn0_Nt2_ns4,sqz_coh,loss_ch,0.5,0,2,4,60,23.4722,1.99957,true,-23.4722,,,5.18705,135
sqz_coh_loss_ch_eta0p5_pn0_Nt2_ns5,sqz_coh,loss_ch,0.5,0,2,5,60,11.4195,1.9893,true,-11.4195,,,5.16907,135
sqz_coh_loss_ch_eta0p5_pn0_Nt5_ns1,sqz_coh,loss_ch,0.5,0,5,1,100,5.47183,4.87485,true,-5.47183,,,5.45807,150
sqz_coh_loss_ch_eta0p5_pn0_Nt5_ns2,sqz_coh,loss_ch,0.5,0,5,2,100,5.46943,4.904,true,-5.46942,,,5.46007,150
sqz_coh_loss_ch_eta0p5_pn0_Nt5_ns3,sqz_coh,loss_ch,0.5,0,5,3,100,5.46669,5,true,-5.46669,,,5.46139,150
sqz_coh_loss_ch_eta0p5_pn0_Nt5_ns4,sqz_coh,loss_ch,0.5,0,5,4,100,5.4639,4.99994,true,-5.4639,,,5.46053,150
sqz_coh_loss_ch_eta0p5_pn0_Nt5_ns5,sqz_coh,loss_ch,0.5,0,5,5,100,5.49251,4.99999,true,-5.49251,,,5.46329,150
sqz_coh_loss_ch_eta0p5_pn0_Nt10_ns1,sqz_coh,loss_ch,0.5,0,10,1,200,5.60797,9.73731,true,-5.59028,,,5.56843,300
sqz_coh_loss_ch_eta0p5_pn0_Nt10_ns2,sqz_coh,loss_ch,0.5,0,10,2,200,6.09785,9.34315,true,-6.09785,,,5.56651,450
sqz_coh_loss_ch_eta0p5_pn0_Nt10_ns3,sqz_coh,loss_ch,0.5,0,10,3,200,6.12977,9.96415,true,-6.12977,,,5.61061,450
sqz_coh_loss_ch_eta0p5_pn0_Nt10_ns4,sqz_coh,loss_ch,0.5,0,10,4,200,6.35902,8.96968,true,-6.35902,,,5.54791,450
sqz_coh_loss_ch_eta0p5_pn0_Nt15_ns1,sqz_coh,loss_ch,0.5,0,15,1,120,18.3594,14.9398,true,-18.3594,,,5.59719,270
sqz_coh_loss_ch_eta0p5_pn0_Nt15_ns2,sqz_coh,loss_ch,0.5,0,15,2,120,7.37266,14.817,true,-7.37266,,,5.60823,180
sqz_coh_loss_ch_eta0p5_pn0_Nt20_ns1,sqz_coh,loss_ch,0.5,0,20,1,120,19.1525,16.6544,true,-19.1525,,,5.62719,270
sqz_coh_loss_ch_eta0p5_pn0_Nt20_ns2,sqz_coh,loss_ch,0.5,0,20,2,120,10.4375,14.4466,true,-10.4375,,,5.64454,270
sqz_coh_loss_ch_eta0p5_pn0_Nt25_ns1,sqz_coh,loss_ch,0.5,0,25,1,120,9.26948,16.1595,true,-9.26948,,,5.60123,405
sqz_coh_loss_ch_eta0p5_pn0_Nt30_ns1,sqz_coh,loss_ch,0.5,0,30,1,120,16.3224,15.7028,true,-16.3224,,,5.59845,270
sqz_coh_loss_ch_eta0p5_pn0_Nt35_ns1,sqz_coh,loss_ch,0.5,0,35,1,150,12.2276,19.6527,true,-12.2276,,,5.61274,338
sqz_coh_loss_ch_eta0p5_pn0_Nt70_ns1,sqz_coh,loss_ch,0.5,0,70,1,180,10.4536,16.3135,true,-10.4536,,,5.61773,405
sqz_coh_loss_ch_eta0p5_pn0p1_Nt1_ns1,sqz_coh,loss_ch,0.5,0.1,1,1,40,4.66402,1,true,-4.66402,,,4.66402,60
sqz_coh_loss_ch_eta0p5_pn0p1_Nt1_ns2,sqz_coh,loss_ch,0.5,0.1,1,2,40,4.66531,1,true,-4.66531,,,4.66531,60
sqz_coh_loss_ch_eta0p5_pn0p1_Nt1_ns3,sqz_coh,loss_ch,0.5,0.1,1,3,40,4.66531,1,true,-4.66531,,,4.66531,60
sqz_coh_loss_ch_eta0p5_pn0p1_Nt1_ns4,sqz_coh,loss_ch,0.5,0.1,1,4,40,4.6653,1,true,-4.6653,,,4.6653,60
sqz_coh_loss_ch_eta0p5_pn0p1_Nt1_ns5,sqz_coh,loss_ch,0.5,0.1,1,5,40,4.66529,1,true,-4.66529,,,4.66529,60
sqz_coh_loss_ch_eta0p5_pn0p1_Nt2_ns1,sqz_coh,loss_ch,0.5,0.1,2,1,60,4.80579,2,true,-4.80579,,,4.80086,90
sqz_coh_loss_ch_eta0p5_pn0p1_Nt2_ns2,sqz_coh,loss_ch,0.5,0.1,2,2,60,4.80475,1.99999,true,-4.80475,,,4.80134,90
sqz_coh_loss_ch_eta0p5_pn0p1_Nt2_ns3,sqz_coh,loss_ch,0.5,0.1,2,3,60,12.1908,1.88188,true,-12.1908,,,4.79211,135
sqz_coh_loss_ch_eta0p5_pn0p1_Nt2_ns4,sqz_coh,loss_ch,0.5,0.1,2,4,60,4.8328,1.99999,true,-4.8328,,,4.79984,90
sqz_coh_loss_ch_eta0p5_pn0p1_Nt2_ns5,sqz_coh,loss_ch,0.5,0.1,2,5,60,23.0868,1.97161,true,-23.0868,,,4.80044,135
sqz_coh_loss_ch_eta0p5_pn0p1_Nt5_ns1,sqz_coh,loss_ch,0.5,0.1,5,1,100,4.81198,4.88697,true,-4.81198,,,4.80985,150
sqz_coh_loss_ch_eta0p5_pn0p1_Nt5_ns2,sqz_coh,loss_ch,0.5,0.1,5,2,100,5.11842,2.71311,true,-5.11842,,,4.80968,225
sqz_coh_loss_ch_eta0p5_pn0p1_Nt5_ns3,sqz_coh,loss_ch,0.5,0.1,5,3,100,4.88975,2.41065,true,-4.88975,,,4.80508,225
sqz_coh_loss_ch_eta0p5_pn0p1_Nt5_ns4,sqz_coh,loss_ch,0.5,0.1,5,4,100,51.2739,2.37111,true,-51.2739,,,4.79897,225
sqz_coh_loss_ch_eta0p5_pn0p1_Nt5_ns5,sqz_coh,loss_ch,0.5,0.1,5,5,100,22.8104,2.28054,true,-22.8104,,,4.79661,225
sqz_coh_loss_ch_eta0p5_pn0p2_Nt1_ns1,sqz_coh,loss_ch,0.5,0.2,1,1,40,4.19774,1,true,-4.19774,,,4.19774,60
sqz_coh_loss_ch_eta0p5_pn0p2_Nt1_ns2,sqz_coh,loss_ch,0.5,0.2,1,2,40,4.21062,1,true,-4.21062,,,4.21062,60
sqz_coh_loss_ch_eta0p5_pn0p2_Nt1_ns3,sqz_coh,loss_ch,0.5,0.2,1,3,40,4.21066,1,true,-4.21066,,,4.21066,60
sqz_coh_loss_ch_eta0p5_pn0p2_Nt1_ns4,sqz_coh,loss_ch,0.5,0.2,1,4,40,4.21059,1,true,-4.21059,,,4.21059,60
sqz_coh_loss_ch_eta0p5_pn0p2_Nt1_ns5,sqz_coh,loss_ch,0.5,0.2,1,5,40,4.21069,1,true,-4.21069,,,4.21076,60
sqz_coh_loss_ch_eta0p5_pn0p2_Nt2_ns1,sqz_coh,loss_ch,0.5,0.2,2,1,60,4.21148,2,true,-4.21148,,,4.21147,90
sqz_coh_loss_ch_eta0p5_pn0p2_Nt2_ns2,sqz_coh,loss_ch,0.5,0.2,2,2,60,5.40055,2.00022,true,-5.35399,,,4.28766,135
sqz_coh_loss_ch_eta0p5_pn0p2_Nt2_ns3,sqz_coh,loss_ch,0.5,0.2,2,3,60,5.09371,1.99588,true,-5.09371,,,4.28592,135
sqz_coh_loss_ch_eta0p5_pn0p2_Nt2_ns4,sqz_coh,loss_ch,0.5,0.2,2,4,60,4.64169,1.99818,true,-4.64169,,,4.28732,135
sqz_coh_loss_ch_eta0p5_pn0p2_Nt2_ns5,sqz_coh,loss_ch,0.5,0.2,2,5,60,4.97576,1.82322,true,-4.97576,,,4.24248,135
sqz_coh_loss_ch_eta0p5_pn0p2_Nt5_ns1,sqz_coh,loss_ch,0.5,0.2,5,1,100,4.24797,5,true,-4.24797,,,4.24797,150
sqz_coh_loss_ch_eta0p5_pn0p2_Nt5_ns2,sqz_coh,loss_ch,0.5,0.2,5,2,100,4.42547,5,true,-4.42547,,,4.42144,150
sqz_coh_loss_ch_eta0p5_pn0p2_Nt5_ns3,sqz_coh,loss_ch,0.5,0.2,5,3,100,4.34758,4.26513,true,-4.34758,FALSE,,4.31137,225
sqz_coh_loss_ch_eta0p5_pn0p2_Nt5_ns4,sqz_coh,loss_ch,0.5,0.2,5,4,100,4.45747,4.99999,true,-4.45747,,,4.41687,150
sqz_coh_loss_ch_eta0p5_pn0p2_Nt5_ns5,sqz_coh,loss_ch,0.5,0.2,5,5,100,4.48143,5,true,-4.48143,,,4.43129,225
sqz_coh_loss_ch_eta0p5_pn0p3_Nt1_ns1,sqz_coh,loss_ch,0.5,0.3,1,1,40,3.79171,1,true,-3.79171,,,3.79171,60
sqz_coh_loss_ch_eta0p5_pn0p3_Nt1_ns2,sqz_coh,loss_ch,0.5,0.3,1,2,40,3.88053,1,true,-3.88053,,,3.88053,60
sqz_coh_loss_ch_eta0p5_pn0p3_Nt1_ns3,sqz_coh,loss_ch,0.5,0.3,1,3,40,3.88111,1,true,-3.88111,,,3.88111,60
sqz_coh_loss_ch_eta0p5_pn0p3_Nt1_ns4,sqz_coh,loss_ch,0.5,0.3,1,4,40,3.88113,1,true,-3.88113,,,3.88113,60
sqz_coh_loss_ch_eta0p5_pn0p3_Nt1_ns5,sqz_coh,loss_ch,0.5,0.3,1,5,40,3.88115,1,true,-3.88115,,,3.88115,60
sqz_coh_loss_ch_eta0p5_pn0p3_Nt2_ns1,sqz_coh,loss_ch,0.5,0.3,2,1,60,3.82575,2,true,-3.82575,,,3.82575,90
sqz_coh_loss_ch_eta0p5_pn0p3_Nt2_ns2,sqz_coh,loss_ch,0.5,0.3,2,2,60,3.99447,2,true,-3.99447,,,3.99434,90
sqz_coh_loss_ch_eta0p5_pn0p3_Nt2_ns3,sqz_coh,loss_ch,0.5,0.3,2,3,60,49.295,1.99957,true,-49.295,,,3.98706,135
sqz_coh_loss_ch_eta0p5_pn0p3_Nt2_ns4,sqz_coh,loss_ch,0.5,0.3,2,4,60,22.755,1.9999,true,-22.755,,,3.99617,135
sqz_coh_loss_ch_eta0p5_pn0p3_Nt2_ns5,sqz_coh,loss_ch,0.5,0.3,2,5,60,4.00194,2,true,-4.00194,,,4.0001,90
sqz_coh_loss_ch_eta0p5_pn0p3_Nt5_ns1,sqz_coh,loss_ch,0.5,0.3,5,1,100,3.8982,5,true,-3.8982,,,3.89819,150
sqz_coh_loss_ch_eta0p5_pn0p3_Nt5_ns2,sqz_coh,loss_ch,0.5,0.3,5,2,100,2.66549,0.711514,true,-19.465,,,2.66545,150
sqz_coh_loss_ch_eta0p5_pn0p3_Nt5_ns3,sqz_coh,loss_ch,0.5,0.3,5,3,100,4.19697,5.00001,true,-4.50401,,,4.197,150
sqz_coh_loss_ch_eta0p5_pn0p3_Nt5_ns4,sqz_coh,loss_ch,0.5,0.3,5,4,100,4.14011,5.00517,true,-29.1867,,,4.14012,150
sqz_coh_loss_ch_eta0p5_pn0p3_Nt5_ns5,sqz_coh,loss_ch,0.5,0.3,5,5,100,4.16942,4.87826,true,-480.401,,,4.17364,150
sqz_coh_loss_ch_eta0p5_pn0p4_Nt1_ns1,sqz_coh,loss_ch,0.5,0.4,1,1,40,3.51444,1,true,-3.51444,,,3.51444,60
sqz_coh_loss_ch_eta0p5_pn0p4_Nt1_ns2,sqz_coh,loss_ch,0.5,0.4,1,2,40,3.65347,1,true,-3.65347,,,3.65347,60
sqz_coh_loss_ch_eta0p5_pn0p4_Nt1_ns3,sqz_coh,loss_ch,0.5,0.4,1,3,40,3.6554,1,true,-3.6554,,,3.6554,60
sqz_coh_loss_ch_eta0p5_pn0p4_Nt1_ns4,sqz_coh,loss_ch,0.5,0.4,1,4,40,3.6556,1,true,-3.6556,,,3.6556,60
sqz_coh_loss_ch_eta0p5_pn0p4_Nt1_ns5,sqz_coh,loss_ch,0.5,0.4,1,5,40,3.65658,1,true,-3.65658,,,3.65581,60
sqz_coh_loss_ch_eta0p5_pn0p4_Nt2_ns1,sqz_coh,loss_ch,0.5,0.4,2,1,60,3.55156,2,true,-3.55156,,,3.55155,90
sqz_coh_loss_ch_eta0p5_pn0p4_Nt2_ns2,sqz_coh,loss_ch,0.5,0.4,2,2,60,3.76713,2,true,-3.76713,,,3.76713,90
sqz_coh_loss_ch_eta0p5_pn0p4_Nt2_ns3,sqz_coh,loss_ch,0.5,0.4,2,3,60,15.7771,1.19559,true,-15.777,,,2.9308,135
sqz_coh_loss_ch_eta0p5_pn0p4_Nt2_ns4,sqz_coh,loss_ch,0.5,0.4,2,4,60,16.9782,2.00022,true,-16.9296,,,3.77674,135
sqz_coh_loss_ch_eta0p5_pn0p4_Nt2_ns5,sqz_coh,loss_ch,0.5,0.4,2,5,60,4.52304,1.99358,true,-4.52304,,,3.77143,135
sqz_coh_loss_ch_eta0p5_pn0p4_Nt5_ns1,sqz_coh,loss_ch,0.5,0.4,5,1,100,3.62438,5,true,-3.62438,,,3.62434,150
sqz_coh_loss_ch_eta0p5_pn0p4_Nt5_ns2,sqz_coh,loss_ch,0.5,0.4,5,2,60,40.9647,3.72733,true,-40.9647,,,3.67328,135
sqz_coh_loss_ch_eta0p5_pn0p4_Nt5_ns3,sqz_coh,loss_ch,0.5,0.4,5,3,60,58.0818,4.99266,true,-58.0792,,,3.95591,135
sqz_coh_loss_ch_eta0p5_pn0p4_Nt5_ns4,sqz_coh,loss_ch,0.5,0.4,5,4,60,28.2309,4.82353,true,-28.2309,,,3.29155,135
sqz_coh_loss_ch_eta0p5_pn0p4_Nt5_ns5,sqz_coh,loss_ch,0.5,0.4,5,5,50,34.6562,3.78891,true,-34.6562,,,3.78408,113
sqz_coh_loss_ch_eta0p5_pn0p5_Nt1_ns1,sqz_coh,loss_ch,0.5,0.5,1,1,40,3.29527,1,true,-3.29527,,,3.29527,60
sqz_coh_loss_ch_eta0p5_pn0p5_Nt1_ns2,sqz_coh,loss_ch,0.5,0.5,1,2,40,3.45655,1,true,-3.45655,,,3.45655,60
sqz_coh_loss_ch_eta0p5_pn0p5_Nt1_ns3,sqz_coh,loss_ch,0.5,0.5,1,3,40,3.46113,1,true,-3.46113,,,3.46113,60
sqz_coh_loss_ch_eta0p5_pn0p5_Nt1_ns4,sqz_coh,loss_ch,0.5,0.5,1,4,40,4.67402,0.997198,true,-4.67402,,,3.45897,90
sqz_coh_loss_ch_eta0p5_pn0p5_Nt1_ns5,sqz_coh,loss_ch,0.5,0.5,1,5,40,191.194,0.837356,true,-191.194,,,2.97371,90
sqz_coh_loss_ch_eta0p5_pn0p5_Nt2_ns1,sqz_coh,loss_ch,0.5,0.5,2,1,60,3.31452,2,true,-3.31452,,,3.31452,90
sqz_coh_loss_ch_eta0p5_pn0p5_Nt2_ns2,sqz_coh,loss_ch,0.5,0.5,2,2,60,3.56141,2,true,-3.56141,,,3.56141,90
sqz_coh_loss_ch_eta0p5_pn0p5_Nt2_ns3,sqz_coh,loss_ch,0.5,0.5,2,3,60,10.076,1.99515,true,-10.076,,,3.56025,135
sqz_coh_loss_ch_eta0p5_pn0p5_Nt2_ns4,sqz_coh,loss_ch,0.5,0.5,2,4,60,60.4438,1.99566,true,-60.4438,,,3.56251,135
sqz_coh_loss_ch_eta0p5_pn0p5_Nt2_ns5,sqz_coh,loss_ch,0.5,0.5,2,5,60,43.0675,1.99937,true,-43.0675,,,3.56593,135
sqz_coh_loss_ch_eta0p5_pn0p5_Nt5_ns1,sqz_coh,loss_ch,0.5,0.5,5,1,50,3.36355,5,true,-3.36355,,,3.36355,75
sqz_coh_loss_ch_eta0p5_pn0p5_Nt5_ns2,sqz_coh,loss_ch,0.5,0.5,5,2,60,3.67003,4.99999,true,-3.67003,,,3.6698,90
sqz_coh_loss_ch_eta0p5_pn0p5_Nt5_ns3,sqz_coh,loss_ch,0.5,0.5,5,3,60,9.35431,4.95105,true,-9.35431,,,3.70632,135
sqz_coh_loss_ch_eta0p5_pn0p5_Nt5_ns4,sqz_coh,loss_ch,0.5,0.5,5,4,50,12.2904,4.98196,true,-12.2904,,,3.68664,113
sqz_coh_loss_ch_eta0p5_pn0p5_Nt5_ns5,sqz_coh,loss_ch,0.5,0.5,5,5,50,103.132,4.98969,true,-103.132,,,3.68739,113
sqz_coh_loss_ch_eta0p5_pn0p5_Nt15_ns1,sqz_coh,loss_ch,0.5,0.5,15,1,120,3.48933,15,true,-3.48933,,,3.48816,180
sqz_coh_loss_ch_eta0p65_pn0_Nt5_ns1,sqz_coh,loss_ch,0.65,0,5,1,50,8.49101,5,true,-8.49101,,,8.52918,75
sqz_coh_loss_ch_eta0p65_pn0_Nt5_ns2,sqz_coh,loss_ch,0.65,0,5,2,50,8.49168,4.99983,true,-8.49168,,,8.52549,75
sqz_coh_loss_ch_eta0p65_pn0_Nt5_ns3,sqz_coh,loss_ch,0.65,0,5,3,50,8.49614,4.99999,true,-8.49614,,,8.5299,75
sqz_coh_loss_ch_eta0p65_pn0_Nt10_ns1,sqz_coh,loss_ch,0.65,0,10,1,120,8.84837,10,true,-8.84837,,,8.85917,180
sqz_coh_loss_ch_eta0p65_pn0p1_Nt5_ns1,sqz_coh,loss_ch,0.65,0.1,5,1,50,6.92068,5,true,-6.92068,,,6.92088,75
sqz_coh_loss_ch_eta0p65_pn0p1_Nt5_ns2,sqz_coh,loss_ch,0.65,0.1,5,2,50,6.91968,4.99999,true,-6.91968,,,6.92014,75
sqz_coh_loss_ch_eta0p65_pn0p1_Nt5_ns3,sqz_coh,loss_ch,0.65,0.1,5,3,50,6.99314,4.99964,true,-6.99314,,,6.98224,75
sqz_coh_loss_ch_eta0p65_pn0p2_Nt5_ns1,sqz_coh,loss_ch,0.65,0.2,5,1,50,5.75313,5,true,-5.75313,,,5.75313,75
sqz_coh_loss_ch_eta0p65_pn0p2_Nt5_ns2,sqz_coh,loss_ch,0.65,0.2,5,2,50,6.09044,4.99603,true,-6.09044,,,6.09044,75
sqz_coh_loss_ch_eta0p65_pn0p2_Nt5_ns3,sqz_coh,loss_ch,0.65,0.2,5,3,50,6.26926,5,true,-6.26926,,,6.24882,75
sqz_coh_loss_ch_eta0p6_pn0_Nt1_ns1,sqz_coh,loss_ch,0.6,0,1,1,40,6.19406,1,true,-6.19406,,,6.19407,60
sqz_coh_loss_ch_eta0p6_pn0_Nt1_ns2,sqz_coh,loss_ch,0.6,0,1,2,40,6.19406,1,true,-6.19406,,,6.19407,60
sqz_coh_loss_ch_eta0p6_pn0_Nt1_ns3,sqz_coh,loss_ch,0.6,0,1,3,40,6.19406,1,true,-6.19406,,,6.19407,60
sqz_coh_loss_ch_eta0p6_pn0_Nt1_ns4,sqz_coh,loss_ch,0.6,0,1,4,40,6.19406,1,true,-6.19406,,,6.19408,60
sqz_coh_loss_ch_eta0p6_pn0_Nt1_ns5,sqz_coh,loss_ch,0.6,0,1,5,40,6.19405,1,true,-6.19405,,,6.19408,60
sqz_coh_loss_ch_eta0p6_pn0_Nt2_ns1,sqz_coh,loss_ch,0.6,0,2,1,60,6.76329,2,true,-6.76329,,,6.76333,90
sqz_coh_loss_ch_eta0p6_pn0_Nt2_ns2,sqz_coh,loss_ch,0.6,0,2,2,60,6.7633,2,true,-6.7633,,,6.76333,90
sqz_coh_loss_ch_eta0p6_pn0_Nt5_ns1,sqz_coh,loss_ch,0.6,0,5,1,120,7.32338,4.97378,true,-7.32338,,,7.28601,180
sqz_coh_loss_ch_eta0p6_pn0_Nt5_ns2,sqz_coh,loss_ch,0.6,0,5,2,120,7.2958,5.00003,true,-54.469,,,7.2888,180
sqz_coh_loss_ch_eta0p6_pn0_Nt5_ns3,sqz_coh,loss_ch,0.6,0,5,3,121,7.29189,4.97282,true,-196.058,,,7.28538,182
sqz_coh_loss_ch_eta0p6_pn0_Nt5_ns4,sqz_coh,loss_ch,0.6,0,5,4,120,7.17611,4.21314,true,-8.40619,,,7.17262,180
sqz_coh_loss_ch_eta0p6_pn0_Nt5_ns5,sqz_coh,loss_ch,0.6,0,5,5,121,7.28675,4.99922,true,-25.5515,,,7.30681,182
sqz_coh_loss_ch_eta0p6_pn0_Nt10_ns1,sqz_coh,loss_ch,0.6,0,10,1,120,7.51531,10,true,-7.51531,,,7.52945,180
sqz_coh_loss_ch_eta0p6_pn0p1_Nt0p5_ns1,sqz_coh,loss_ch,0.6,0.1,0.5,1,100,5.36627,0.500001,true,-5.36628,,,5.36628,150
sqz_coh_loss_ch_eta0p6_pn0p1_Nt1_ns1,sqz_coh,loss_ch,0.6,0.1,1,1,100,5.83044,1,true,-5.83044,,,5.83042,150
sqz_coh_loss_ch_eta0p6_pn0p1_Nt1_ns2,sqz_coh,loss_ch,0.6,0.1,1,2,40,5.83555,1,true,-5.83555,,,5.83555,60
sqz_coh_loss_ch_eta0p6_pn0p1_Nt1_ns3,sqz_coh,loss_ch,0.6,0.1,1,3,40,5.83579,1,true,-5.83579,,,5.83582,60
sqz_coh_loss_ch_eta0p6_pn0p1_Nt1_ns4,sqz_coh,loss_ch,0.6,0.1,1,4,40,5.8358,1,true,-5.8358,,,5.83581,60
sqz_coh_loss_ch_eta0p6_pn0p1_Nt1_ns5,sqz_coh,loss_ch,0.6,0.1,1,5,40,5.83577,1,true,-5.83577,,,5.83582,60
sqz_coh_loss_ch_eta0p6_pn0p1_Nt2_ns1,sqz_coh,loss_ch,0.6,0.1,2,1,100,6.08353,2,true,-6.09378,,,6.08352,150
sqz_coh_loss_ch_eta0p6_pn0p1_Nt2_ns2,sqz_coh,loss_ch,0.6,0.1,2,2,60,6.08937,2,true,-6.08937,,,6.08938,90
sqz_coh_loss_ch_eta0p6_pn0p1_Nt5_ns1,sqz_coh,loss_ch,0.6,0.1,5,1,100,6.17237,3.77119,true,-6.17237,,,6.10007,225
sqz_coh_loss_ch_eta0p6_pn0p1_Nt5_ns2,sqz_coh,loss_ch,0.6,0.1,5,2,100,19.9126,2.7361,true,-19.9126,,,5.88021,500
sqz_coh_loss_ch_eta0p6_pn0p1_Nt5_ns3,sqz_coh,loss_ch,0.6,0.1,5,3,100,6.7442,2.27761,true,-6.7442,,,6.09037,225
sqz_coh_loss_ch_eta0p6_pn0p1_Nt5_ns4,sqz_coh,loss_ch,0.6,0.1,5,4,100,90.6881,3.2327,true,-90.6881,,,6.12483,225
sqz_coh_loss_ch_eta0p6_pn0p1_Nt5_ns5,sqz_coh,loss_ch,0.6,0.1,5,5,100,70.3545,2.12672,true,-70.3545,,,4.30388,225
sqz_coh_loss_ch_eta0p6_pn0p1_Nt10_ns1,sqz_coh,loss_ch,0.6,0.1,10,1,200,6.11819,10,true,-6.1182,,,6.11819,300
sqz_coh_loss_ch_eta0p6_pn0p1_Nt20_ns1,sqz_coh,loss_ch,0.6,0.1,20,1,250,6.14268,20,true,-6.14268,,,6.14268,375
sqz_coh_loss_ch_eta0p6_pn0p1_Nt30_ns1,sqz_coh,loss_ch,0.6,0.1,30,1,300,6.16499,29.9381,true,-6.16856,,,6.16499,450
sqz_coh_loss_ch_eta0p6_pn0p1_Nt50_ns1,sqz_coh,loss_ch,0.6,0.1,50,1,300,6.20766,50,true,-6.20766,,,6.20758,450
sqz_coh_loss_ch_eta0p6_pn0p2_Nt0p5_ns1,sqz_coh,loss_ch,0.6,0.2,0.5,1,100,4.93503,0.5,true,-4.93503,,,4.93503,150
sqz_coh_loss_ch_eta0p6_pn0p2_Nt1_ns1,sqz_coh,loss_ch,0.6,0.2,1,1,100,5.10472,1,true,-5.10474,,,5.10472,150
sqz_coh_loss_ch_eta0p6_pn0p2_Nt1_ns2,sqz_coh,loss_ch,0.6,0.2,1,2,40,5.13776,1,true,-5.13776,,,5.13776,60
sqz_coh_loss_ch_eta0p6_pn0p2_Nt1_ns3,sqz_coh,loss_ch,0.6,0.2,1,3,40,5.13856,1,true,-5.13856,,,5.13856,60
sqz_coh_loss_ch_eta0p6_pn0p2_Nt1_ns4,sqz_coh,loss_ch,0.6,0.2,1,4,40,5.13888,1,true,-5.13888,,,5.13887,60
sqz_coh_loss_ch_eta0p6_pn0p2_Nt1_ns5,sqz_coh,loss_ch,0.6,0.2,1,5,40,5.13896,1,true,-5.13896,,,5.13897,60
sqz_coh_loss_ch_eta0p6_pn0p2_Nt2_ns1,sqz_coh,loss_ch,0.6,0.2,2,1,100,5.1282,2,true,-5.1282,,,5.1282,150
sqz_coh_loss_ch_eta0p6_pn0p2_Nt2_ns2,sqz_coh,loss_ch,0.6,0.2,2,2,60,5.2934,2,true,-5.2934,,,5.2934,90
sqz_coh_loss_ch_eta0p6_pn0p2_Nt5_ns1,sqz_coh,loss_ch,0.6,0.2,5,1,100,5.18907,5,true,-5.18907,,,5.18907,150
sqz_coh_loss_ch_eta0p6_pn0p2_Nt5_ns2,sqz_coh,loss_ch,0.6,0.2,5,2,100,5.53351,4.99999,true,-5.53351,,,5.53272,150
sqz_coh_loss_ch_eta0p6_pn0p2_Nt5_ns3,sqz_coh,loss_ch,0.6,0.2,5,3,100,5.58961,4.99996,true,-5.58827,,,5.58826,150
sqz_coh_loss_ch_eta0p6_pn0p2_Nt5_ns4,sqz_coh,loss_ch,0.6,0.2,5,4,100,5.62944,5,true,-5.62943,,,5.62945,150
sqz_coh_loss_ch_eta0p6_pn0p2_Nt5_ns5,sqz_coh,loss_ch,0.6,0.2,5,5,50,5.62946,5,true,-5.62946,,,5.62902,75
sqz_coh_loss_ch_eta0p6_pn0p2_Nt10_ns1,sqz_coh,loss_ch,0.6,0.2,10,1,200,5.27272,10,true,-5.27272,,,5.27123,300
sqz_coh_loss_ch_eta0p6_pn0p2_Nt20_ns1,sqz_coh,loss_ch,0.6,0.2,20,1,250,5.3995,20,true,-5.3995,,,5.39273,375
sqz_coh_loss_ch_eta0p6_pn0p2_Nt30_ns1,sqz_coh,loss_ch,0.6,0.2,30,1,300,11.7861,29.8814,true,-11.7861,,,5.49326,500
sqz_coh_loss_ch_eta0p6_pn0p2_Nt50_ns1,sqz_coh,loss_ch,0.6,0.2,50,1,300,5.63954,49.9675,true,-5.63954,,,5.63431,450
sqz_coh_loss_ch_eta0p6_pn0p3_Nt1_ns1,sqz_coh,loss_ch,0.6,0.3,1,1,40,4.49334,1,true,-4.49334,,,4.49334,60
sqz_coh_loss_ch_eta0p6_pn0p3_Nt1_ns2,sqz_coh,loss_ch,0.6,0.3,1,2,40,4.69207,0.999999,true,-4.69207,,,4.69207,60
sqz_coh_loss_ch_eta0p6_pn0p3_Nt1_ns3,sqz_coh,loss_ch,0.6,0.3,1,3,40,4.69319,1,true,-4.69319,,,4.69319,60
sqz_coh_loss_ch_eta0p6_pn0p3_Nt1_ns4,sqz_coh,loss_ch,0.6,0.3,1,4,40,4.6937,1,true,-4.6937,,,4.6937,60
sqz_coh_loss_ch_eta0p6_pn0p3_Nt1_ns5,sqz_coh,loss_ch,0.6,0.3,1,5,40,4.69337,1,true,-4.69337,,,4.69337,60
sqz_coh_loss_ch_eta0p6_pn0p3_Nt2_ns1,sqz_coh,loss_ch,0.6,0.3,2,1,60,4.54991,2,true,-4.54991,,,4.54991,90
sqz_coh_loss_ch_eta0p6_pn0p3_Nt2_ns2,sqz_coh,loss_ch,0.6,0.3,2,2,60,4.91352,2,true,-4.91352,,,4.91352,90
sqz_coh_loss_ch_eta0p6_pn0p3_Nt5_ns1,sqz_coh,loss_ch,0.6,0.3,5,1,100,4.67218,5,true,-4.67218,,,4.67218,150
sqz_coh_loss_ch_eta0p6_pn0p3_Nt5_ns2,sqz_coh,loss_ch,0.6,0.3,5,2,100,5.22791,5,true,-5.2279,,,5.2279,150
sqz_coh_loss_ch_eta0p6_pn0p3_Nt5_ns3,sqz_coh,loss_ch,0.6,0.3,5,3,100,5.31175,5,true,-5.31175,,,5.31175,150
sqz_coh_loss_ch_eta0p6_pn0p3_Nt5_ns4,sqz_coh,loss_ch,0.6,0.3,5,4,100,5.3078,4.99997,true,-5.3079,,,5.3079,150
sqz_coh_loss_ch_eta0p6_pn0p3_Nt5_ns5,sqz_coh,loss_ch,0.6,0.3,5,5,100,5.31868,5,true,-5.31868,,,5.31868,150
sqz_coh_loss_ch_eta0p6_pn0p4_Nt1_ns1,sqz_coh,loss_ch,0.6,0.4,1,1,40,4.09832,1,true,-4.09832,,,4.09832,60
sqz_coh_loss_ch_eta0p6_pn0p4_Nt1_ns2,sqz_coh,loss_ch,0.6,0.4,1,2,40,4.40031,1,true,-4.40031,,,4.40031,60
sqz_coh_loss_ch_eta0p6_pn0p4_Nt1_ns3,sqz_coh,loss_ch,0.6,0.4,1,3,40,4.40233,1,true,-4.40233,,,4.40233,60
sqz_coh_loss_ch_eta0p6_pn0p4_Nt1_ns4,sqz_coh,loss_ch,0.6,0.4,1,4,40,7.78622,1.00021,true,-7.74187,,,4.40149,90
sqz_coh_loss_ch_eta0p6_pn0p4_Nt1_ns5,sqz_coh,loss_ch,0.6,0.4,1,5,40,4.40717,1,true,-4.40717,,,4.40717,60
sqz_coh_loss_ch_eta0p6_pn0p4_Nt2_ns1,sqz_coh,loss_ch,0.6,0.4,2,1,60,4.1647,2,true,-4.1647,,,4.1647,90
sqz_coh_loss_ch_eta0p6_pn0p4_Nt2_ns2,sqz_coh,loss_ch,0.6,0.4,2,2,60,4.62264,2,true,-4.62264,,,4.62264,90
sqz_coh_loss_ch_eta0p6_pn0p4_Nt5_ns1,sqz_coh,loss_ch,0.6,0.4,5,1,200,4.30035,5,true,-4.30031,,,4.29998,300
sqz_coh_loss_ch_eta0p6_pn0p4_Nt5_ns2,sqz_coh,loss_ch,0.6,0.4,5,2,200,4.91987,5,true,-4.9198,,,4.9198,300
sqz_coh_loss_ch_eta0p6_pn0p4_Nt5_ns3,sqz_coh,loss_ch,0.6,0.4,5,3,100,3.66435,1.57415,true,-31.6194,,,3.6641,150
sqz_coh_loss_ch_eta0p6_pn0p4_Nt5_ns4,sqz_coh,loss_ch,0.6,0.4,5,4,200,4.90744,4.91152,true,-563.556,,,4.90729,300
sqz_coh_loss_ch_eta0p6_pn0p4_Nt5_ns5,sqz_coh,loss_ch,0.6,0.4,5,5,200,5.02158,4.96538,true,-61.5497,,,5.01178,300
sqz_coh_loss_ch_eta0p6_pn0p5_Nt1_ns1,sqz_coh,loss_ch,0.6,0.5,1,1,40,3.79709,1,true,-3.79709,,,3.79709,60
sqz_coh_loss_ch_eta0p6_pn0p5_Nt1_ns2,sqz_coh,loss_ch,0.6,0.5,1,2,40,4.16018,1,true,-4.16018,,,4.16018,60
sqz_coh_loss_ch_eta0p6_pn0p5_Nt1_ns3,sqz_coh,loss_ch,0.6,0.5,1,3,40,4.17682,1,true,-4.17682,,,4.15144,60
sqz_coh_loss_ch_eta0p6_pn0p5_Nt1_ns4,sqz_coh,loss_ch,0.6,0.5,1,4,40,4.17106,1,true,-4.17106,,,4.17106,60
sqz_coh_loss_ch_eta0p6_pn0p5_Nt1_ns5,sqz_coh,loss_ch,0.6,0.5,1,5,40,4.171,1,true,-4.171,,,4.171,60
sqz_coh_loss_ch_eta0p6_pn0p5_Nt2_ns1,sqz_coh,loss_ch,0.6,0.5,2,1,60,3.84795,2,true,-3.84795,,,3.84795,90
sqz_coh_loss_ch_eta0p6_pn0p5_Nt2_ns2,sqz_coh,loss_ch,0.6,0.5,2,2,60,4.35455,2,true,-4.35455,,,4.35455,90
sqz_coh_loss_ch_eta0p6_pn0p5_Nt5_ns1,sqz_coh,loss_ch,0.6,0.5,5,1,200,3.96825,5,true,-3.96613,,,3.96504,450
sqz_coh_loss_ch_eta0p6_pn0p5_Nt5_ns2,sqz_coh,loss_ch,0.6,0.5,5,2,200,4.46437,4.00567,true,-66.4138,,,4.44145,450
sqz_coh_loss_ch_eta0p6_pn0p5_Nt5_ns3,sqz_coh,loss_ch,0.6,0.5,5,3,200,4.71417,4.99164,true,-5.44213,,,4.71425,300
sqz_coh_loss_ch_eta0p6_pn0p5_Nt5_ns4,sqz_coh,loss_ch,0.6,0.5,5,4,130,4.74751,5,true,-4.74751,,,4.73612,195
sqz_coh_loss_ch_eta0p6_pn0p5_Nt5_ns5,sqz_coh,loss_ch,0.6,0.5,5,5,130,7.37649,2.39709,true,-7.37649,,,2.56536,293
sqz_coh_loss_ch_eta0p72_pn0_Nt5_ns1,sqz_coh,loss_ch,0.72,0,5,1,50,10.8229,5,true,-10.8229,,,10.8779,75
sqz_coh_loss_ch_eta0p74_pn0_Nt5_ns1,sqz_coh,loss_ch,0.74,0,5,1,50,11.6792,5,true,-11.6792,,,11.741,75
sqz_coh_loss_ch_eta0p75_pn0_Nt5_ns1,sqz_coh,loss_ch,0.75,0,5,1,50,12.1498,5,true,-12.1498,,,12.2154,75
sqz_coh_loss_ch_eta0p75_pn0_Nt5_ns2,sqz_coh,loss_ch,0.75,0,5,2,50,12.1812,5,true,-12.1812,,,12.2408,75
sqz_coh_loss_ch_eta0p75_pn0_Nt5_ns3,sqz_coh,loss_ch,0.75,0,5,3,50,12.1572,4.99994,true,-12.1572,,,12.1835,75
sqz_coh_loss_ch_eta0p75_pn0_Nt10_ns1,sqz_coh,loss_ch,0.75,0,10,1,120,529.81,9.89256,true,-529.81,,,12.9247,270
sqz_coh_loss_ch_eta0p75_pn0p1_Nt5_ns1,sqz_coh,loss_ch,0.75,0.1,5,1,50,9.11325,5,true,-9.11325,,,9.11329,75
sqz_coh_loss_ch_eta0p75_pn0p1_Nt5_ns2,sqz_coh,loss_ch,0.75,0.1,5,2,50,9.11678,4.99904,true,-9.11678,,,9.11019,75
sqz_coh_loss_ch_eta0p75_pn0p1_Nt5_ns3,sqz_coh,loss_ch,0.75,0.1,5,3,50,9.49248,4.99993,true,-9.49246,,,9.49067,75
sqz_coh_loss_ch_eta0p75_pn0p2_Nt5_ns1,sqz_coh,loss_ch,0.75,0.2,5,1,50,7.19663,5,true,-7.19663,,,7.19663,75
sqz_coh_loss_ch_eta0p75_pn0p2_Nt5_ns2,sqz_coh,loss_ch,0.75,0.2,5,2,50,8.4096,4.99997,true,-8.4096,,,8.4096,75
sqz_coh_loss_ch_eta0p75_pn0p2_Nt5_ns3,sqz_coh,loss_ch,0.75,0.2,5,3,50,7.22741,5,true,-7.22741,,,7.09827,170
sqz_coh_loss_ch_eta0p76_pn0_Nt5_ns1,sqz_coh,loss_ch,0.76,0,5,1,50,12.6525,5,true,-12.6525,,,12.7224,75
sqz_coh_loss_ch_eta0p78_pn0_Nt5_ns1,sqz_coh,loss_ch,0.78,0,5,1,50,13.7688,5,true,-13.7688,,,13.8485,75
sqz_coh_loss_ch_eta0p7_pn0_Nt1_ns1,sqz_coh,loss_ch,0.7,0,1,1,40,7.9874,1,true,-7.9874,,,7.98741,60
sqz_coh_loss_ch_eta0p7_pn0_Nt1_ns2,sqz_coh,loss_ch,0.7,0,1,2,40,7.98667,1,true,-7.98667,,,7.98667,60
sqz_coh_loss_ch_eta0p7_pn0_Nt1_ns3,sqz_coh,loss_ch,0.7,0,1,3,40,7.98738,1,true,-7.98738,,,7.9874,60
sqz_coh_loss_ch_eta0p7_pn0_Nt1_ns4,sqz_coh,loss_ch,0.7,0,1,4,40,7.98739,1,true,-7.98739,,,7.98741,60
sqz_coh_loss_ch_eta0p7_pn0_Nt1_ns5,sqz_coh,loss_ch,0.7,0,1,5,40,7.98739,1,true,-7.98739,,,7.98739,60
sqz_coh_loss_ch_eta0p7_pn0_Nt2_ns1,sqz_coh,loss_ch,0.7,0,2,1,60,9.05146,2,true,-9.05146,,,9.04998,203
sqz_coh_loss_ch_eta0p7_pn0_Nt2_ns2,sqz_coh,loss_ch,0.7,0,2,2,60,9.05146,2,true,-9.05146,,,9.13447,90
sqz_coh_loss_ch_eta0p7_pn0_Nt5_ns1,sqz_coh,loss_ch,0.7,0,5,1,200,10.1285,4.99992,true,-10.1103,,,10.1103,300
sqz_coh_loss_ch_eta0p7_pn0_Nt5_ns2,sqz_coh,loss_ch,0.7,0,5,2,200,10.1369,4.99999,true,-10.0737,,,10.1283,300
sqz_coh_loss_ch_eta0p7_pn0_Nt5_ns3,sqz_coh,loss_ch,0.7,0,5,3,200,10.106,4.99992,true,-10.1042,,,10.1417,300
sqz_coh_loss_ch_eta0p7_pn0_Nt5_ns4,sqz_coh,loss_ch,0.7,0,5,4,200,10.0744,5,true,-10.0845,,,10.0744,300
sqz_coh_loss_ch_eta0p7_pn0_Nt5_ns5,sqz_coh,loss_ch,0.7,0,5,5,200,10.1393,5,true,-10.0866,,,10.1195,300
sqz_coh_loss_ch_eta0p7_pn0_Nt10_ns1,sqz_coh,loss_ch,0.7,0,10,1,120,215.27,9.98465,true,-215.27,false,,10.6064,270
sqz_coh_loss_ch_eta0p7_pn0p05_Nt5_ns1,sqz_coh,loss_ch,0.7,0.05,5,1,100,131.456,4.76521,true,-131.456,false,,9.16913,225
sqz_coh_loss_ch_eta0p7_pn0p05_Nt5_ns2,sqz_coh,loss_ch,0.7,0.05,5,2,100,9.34119,4.92341,true,-9.34119,,,9.18157,225
sqz_coh_loss_ch_eta0p7_pn0p05_Nt5_ns3,sqz_coh,loss_ch,0.7,0.05,5,3,100,430.303,5.0044,true,-428.368,false,,9.17612,225
sqz_coh_loss_ch_eta0p7_pn0p1_Nt1_ns1,sqz_coh,loss_ch,0.7,0.1,1,1,40,7.3662,1,true,-7.3662,,,7.3662,60
sqz_coh_loss_ch_eta0p7_pn0p1_Nt1_ns2,sqz_coh,loss_ch,0.7,0.1,1,2,40,7.38781,1,true,-7.38781,,,7.38781,60
sqz_coh_loss_ch_eta0p7_pn0p1_Nt1_ns3,sqz_coh,loss_ch,0.7,0.1,1,3,40,7.38847,1,true,-7.38847,,,7.38847,60
sqz_coh_loss_ch_eta0p7_pn0p1_Nt1_ns4,sqz_coh,loss_ch,0.7,0.1,1,4,40,7.38838,1,true,-7.38838,,,7.38838,60
sqz_coh_loss_ch_eta0p7_pn0p1_Nt1_ns5,sqz_coh,loss_ch,0.7,0.1,1,5,40,7.3883,1,true,-7.3883,,,7.3883,60
sqz_coh_loss_ch_eta0p7_pn0p1_Nt2_ns1,sqz_coh,loss_ch,0.7,0.1,2,1,60,7.84452,2,true,-7.84452,,,7.84454,90
sqz_coh_loss_ch_eta0p7_pn0p1_Nt2_ns2,sqz_coh,loss_ch,0.7,0.1,2,2,60,7.86788,2,true,-7.86788,,,7.86809,90
sqz_coh_loss_ch_eta0p7_pn0p1_Nt5_ns1,sqz_coh,loss_ch,0.7,0.1,5,1,100,7.9336,5,true,-7.90098,,,7.90113,150
sqz_coh_loss_ch_eta0p7_pn0p1_Nt5_ns2,sqz_coh,loss_ch,0.7,0.1,5,2,100,8.09275,4.99298,true,-8.09275,,,8.0807,150
sqz_coh_loss_ch_eta0p7_pn0p1_Nt5_ns3,sqz_coh,loss_ch,0.7,0.1,5,3,100,209.461,4.99893,true,-203.145,false,,8.0445,225
sqz_coh_loss_ch_eta0p7_pn0p1_Nt5_ns4,sqz_coh,loss_ch,0.7,0.1,5,4,100,8.14686,4.99869,true,-8.14686,,,8.14687,150
sqz_coh_loss_ch_eta0p7_pn0p1_Nt5_ns5,sqz_coh,loss_ch,0.7,0.1,5,5,100,8.1564,5,true,-8.15638,,,8.1564,150
sqz_coh_loss_ch_eta0p7_pn0p15_Nt5_ns1,sqz_coh,loss_ch,0.7,0.15,5,1,100,7.0203,4.99996,true,-7.0203,,,7.0203,150
sqz_coh_loss_ch_eta0p7_pn0p15_Nt5_ns2,sqz_coh,loss_ch,0.7,0.15,5,2,100,7.57238,5,true,-7.57238,,,7.57238,150
sqz_coh_loss_ch_eta0p7_pn0p15_Nt5_ns3,sqz_coh,loss_ch,0.7,0.15,5,3,100,24.1677,4.99019,true,-24.1677,,,7.20681,225
sqz_coh_loss_ch_eta0p7_pn0p2_Nt1_ns1,sqz_coh,loss_ch,0.7,0.2,1,1,40,6.26443,1,true,-6.26443,,,6.26443,60
sqz_coh_loss_ch_eta0p7_pn0p2_Nt1_ns2,sqz_coh,loss_ch,0.7,0.2,1,2,40,6.37356,1,true,-6.37356,,,6.37356,60
sqz_coh_loss_ch_eta0p7_pn0p2_Nt1_ns3,sqz_coh,loss_ch,0.7,0.2,1,3,40,6.37742,1,true,-6.37742,,,6.37742,60
sqz_coh_loss_ch_eta0p7_pn0p2_Nt1_ns4,sqz_coh,loss_ch,0.7,0.2,1,4,40,6.378,1,true,-6.378,,,6.378,60
sqz_coh_loss_ch_eta0p7_pn0p2_Nt1_ns5,sqz_coh,loss_ch,0.7,0.2,1,5,40,6.37814,1,true,-6.37814,,,6.37814,60
sqz_coh_loss_ch_eta0p7_pn0p2_Nt2_ns1,sqz_coh,loss_ch,0.7,0.2,2,1,60,6.31345,2,true,-6.31345,,,6.31345,90
sqz_coh_loss_ch_eta0p7_pn0p2_Nt2_ns2,sqz_coh,loss_ch,0.7,0.2,2,2,60,6.72675,2,true,-6.72675,,,6.72675,90
sqz_coh_loss_ch_eta0p7_pn0p2_Nt5_ns1,sqz_coh,loss_ch,0.7,0.2,5,1,100,6.40899,5,true,-6.40899,,,6.40899,150
sqz_coh_loss_ch_eta0p7_pn0p2_Nt5_ns2,sqz_coh,loss_ch,0.7,0.2,5,2,100,7.16816,4.99991,true,-7.1677,,,7.1677,150
sqz_coh_loss_ch_eta0p7_pn0p2_Nt5_ns3,sqz_coh,loss_ch,0.7,0.2,5,3,100,7.35026,4.99993,true,-7.35026,,,7.35026,150
sqz_coh_loss_ch_eta0p7_pn0p2_Nt5_ns4,sqz_coh,loss_ch,0.7,0.2,5,4,100,7.37415,5,true,-7.37415,,,7.37415,150
sqz_coh_loss_ch_eta0p7_pn0p2_Nt5_ns5,sqz_coh,loss_ch,0.7,0.2,5,5,100,7.37642,5,true,-7.37641,,,7.37624,150
sqz_coh_loss_ch_eta0p7_pn0p3_Nt1_ns1,sqz_coh,loss_ch,0.7,0.3,1,1,40,5.37756,1,true,-5.37756,,,5.37756,60
sqz_coh_loss_ch_eta0p7_pn0p3_Nt1_ns2,sqz_coh,loss_ch,0.7,0.3,1,2,40,5.81351,0.999999,true,-5.81351,,,5.81351,60
sqz_coh_loss_ch_eta0p7_pn0p3_Nt1_ns3,sqz_coh,loss_ch,0.7,0.3,1,3,40,5.81735,1,true,-5.81735,,,5.81735,60
sqz_coh_loss_ch_eta0p7_pn0p3_Nt1_ns4,sqz_coh,loss_ch,0.7,0.3,1,4,40,5.82097,1,true,-5.82097,,,5.82097,60
sqz_coh_loss_ch_eta0p7_pn0p3_Nt1_ns5,sqz_coh,loss_ch,0.7,0.3,1,5,40,5.82051,0.999998,true,-5.82051,,,5.82051,60
sqz_coh_loss_ch_eta0p7_pn0p3_Nt2_ns1,sqz_coh,loss_ch,0.7,0.3,2,1,60,5.46289,2,true,-5.46289,,,5.46289,90
sqz_coh_loss_ch_eta0p7_pn0p3_Nt2_ns2,sqz_coh,loss_ch,0.7,0.3,2,2,60,6.26108,2,true,-6.26108,,,6.26108,90
sqz_coh_loss_ch_eta0p7_pn0p3_Nt5_ns1,sqz_coh,loss_ch,0.7,0.3,5,1,100,5.64881,5,true,-5.64881,,,5.64881,150
sqz_coh_loss_ch_eta0p7_pn0p3_Nt5_ns2,sqz_coh,loss_ch,0.7,0.3,5,2,100,6.76336,5,true,-6.76336,,,6.76337,150
sqz_coh_loss_ch_eta0p7_pn0p3_Nt5_ns3,sqz_coh,loss_ch,0.7,0.3,5,3,50,6.98168,4.99999,true,-6.98168,,,6.98168,75
sqz_coh_loss_ch_eta0p7_pn0p3_Nt5_ns4,sqz_coh,loss_ch,0.7,0.3,5,4,50,6.98558,5,true,-6.98558,,,6.98557,75
sqz_coh_loss_ch_eta0p7_pn0p3_Nt5_ns5,sqz_coh,loss_ch,0.7,0.3,5,5,100,6.99815,5,true,-6.99807,,,6.99811,150
sqz_coh_loss_ch_eta0p7_pn0p4_Nt1_ns1,sqz_coh,loss_ch,0.7,0.4,1,1,40,4.82564,1,true,-4.82564,,,4.82564,60
sqz_coh_loss_ch_eta0p7_pn0p4_Nt1_ns2,sqz_coh,loss_ch,0.7,0.4,1,2,40,5.46161,1,true,-5.46161,,,5.46161,60
sqz_coh_loss_ch_eta0p7_pn0p4_Nt1_ns3,sqz_coh,loss_ch,0.7,0.4,1,3,40,5.48054,1,true,-5.48053,,,5.48054,60
sqz_coh_loss_ch_eta0p7_pn0p4_Nt1_ns4,sqz_coh,loss_ch,0.7,0.4,1,4,40,5.48796,1,true,-5.48796,,,5.48018,60
sqz_coh_loss_ch_eta0p7_pn0p4_Nt1_ns5,sqz_coh,loss_ch,0.7,0.4,1,5,40,5.49215,1,true,-5.49215,,,5.49215,60
sqz_coh_loss_ch_eta0p7_pn0p4_Nt2_ns1,sqz_coh,loss_ch,0.7,0.4,2,1,60,4.92683,2,true,-4.92683,,,4.92683,90
sqz_coh_loss_ch_eta0p7_pn0p4_Nt2_ns2,sqz_coh,loss_ch,0.7,0.4,2,2,60,5.86072,2,true,-5.86072,,,5.86072,90
sqz_coh_loss_ch_eta0p7_pn0p4_Nt5_ns1,sqz_coh,loss_ch,0.7,0.4,5,1,100,5.14112,5,true,-5.14112,,,5.14112,150
sqz_coh_loss_ch_eta0p7_pn0p4_Nt5_ns2,sqz_coh,loss_ch,0.7,0.4,5,2,100,6.35852,5,true,-6.35851,,,6.35852,150
sqz_coh_loss_ch_eta0p7_pn0p4_Nt5_ns3,sqz_coh,loss_ch,0.7,0.4,5,3,60,6.62674,5,true,-6.62674,,,6.62674,90
sqz_coh_loss_ch_eta0p7_pn0p4_Nt5_ns4,sqz_coh,loss_ch,0.7,0.4,5,4,50,6.65097,5,true,-6.65097,,,6.65097,75
sqz_coh_loss_ch_eta0p7_pn0p4_Nt5_ns5,sqz_coh,loss_ch,0.7,0.4,5,5,50,6.65316,5,true,-6.65316,,,6.65316,75
sqz_coh_loss_ch_eta0p7_pn0p5_Nt1_ns1,sqz_coh,loss_ch,0.7,0.5,1,1,40,4.415,1,true,-4.415,,,4.41499,60
sqz_coh_loss_ch_eta0p7_pn0p5_Nt1_ns2,sqz_coh,loss_ch,0.7,0.5,1,2,40,5.27636,1,true,-5.27636,,,5.27636,60
sqz_coh_loss_ch_eta0p7_pn0p5_Nt1_ns3,sqz_coh,loss_ch,0.7,0.5,1,3,40,5.27682,1,true,-5.27682,,,5.27682,60
sqz_coh_loss_ch_eta0p7_pn0p5_Nt1_ns4,sqz_coh,loss_ch,0.7,0.5,1,4,40,5.27683,1,true,-5.27683,,,5.27683,60
sqz_coh_loss_ch_eta0p7_pn0p5_Nt1_ns5,sqz_coh,loss_ch,0.7,0.5,1,5,40,5.27682,1,true,-5.27682,,,5.27682,60
sqz_coh_loss_ch_eta0p7_pn0p5_Nt2_ns1,sqz_coh,loss_ch,0.7,0.5,2,1,60,4.50381,2,true,-4.50381,,,4.50381,90
sqz_coh_loss_ch_eta0p7_pn0p5_Nt2_ns2,sqz_coh,loss_ch,0.7,0.5,2,2,60,5.60065,2,true,-5.60065,,,5.60065,90
sqz_coh_loss_ch_eta0p7_pn0p5_Nt5_ns1,sqz_coh,loss_ch,0.7,0.5,5,1,200,4.70947,5,true,-4.70978,,,4.70978,300
sqz_coh_loss_ch_eta0p7_pn0p5_Nt5_ns2,sqz_coh,loss_ch,0.7,0.5,5,2,200,5.96222,5,true,-5.95654,,,5.95654,300
sqz_coh_loss_ch_eta0p7_pn0p5_Nt5_ns3,sqz_coh,loss_ch,0.7,0.5,5,3,200,6.22295,5,true,-6.22295,,,6.22294,300
sqz_coh_loss_ch_eta0p7_pn0p5_Nt5_ns4,sqz_coh,loss_ch,0.7,0.5,5,4,200,5.81122,1.97417,true,-5.81121,,,5.81122,300
sqz_coh_loss_ch_eta0p7_pn0p5_Nt5_ns5,sqz_coh,loss_ch,0.7,0.5,5,5,130,6.20834,2.96689,true,-6.20834,,,6.06934,293
sqz_coh_loss_ch_eta0p82_pn0_Nt5_ns1,sqz_coh,loss_ch,0.82,0,5,1,50,16.582,5,true,-16.582,,,16.6882,75
sqz_coh_loss_ch_eta0p84_pn0_Nt5_ns1,sqz_coh,loss_ch,0.84,0,5,1,50,18.3905,5,true,-18.3905,,,18.5152,75
sqz_coh_loss_ch_eta0p85_pn0_Nt1_ns1,sqz_coh,loss_ch,0.85,0,1,1,40,12.4726,1,true,-12.4726,,,12.4726,60
sqz_coh_loss_ch_eta0p85_pn0_Nt1_ns2,sqz_coh,loss_ch,0.85,0,1,2,40,12.4726,1,true,-12.4726,,,12.4726,60
sqz_coh_loss_ch_eta0p85_pn0_Nt1_ns3,sqz_coh,loss_ch,0.85,0,1,3,40,12.4725,1,true,-12.4725,,,12.4726,60
sqz_coh_loss_ch_eta0p85_pn0_Nt1_ns4,sqz_coh,loss_ch,0.85,0,1,4,40,12.4725,1,true,-12.4725,,,12.4725,60
sqz_coh_loss_ch_eta0p85_pn0_Nt1_ns5,sqz_coh,loss_ch,0.85,0,1,5,40,12.4717,1,true,-12.4717,,,12.4723,60
sqz_coh_loss_ch_eta0p85_pn0_Nt5_ns1,sqz_coh,loss_ch,0.85,0,5,1,100,19.583,5,true,-19.4307,,,19.585,150
sqz_coh_loss_ch_eta0p85_pn0_Nt5_ns2,sqz_coh,loss_ch,0.85,0,5,2,100,19.5507,5,true,-19.5507,,,19.5526,150
sqz_coh_loss_ch_eta0p85_pn0_Nt5_ns3,sqz_coh,loss_ch,0.85,0,5,3,100,19.5355,4.99997,true,-19.4513,,,19.546,150
sqz_coh_loss_ch_eta0p85_pn0_Nt5_ns4,sqz_coh,loss_ch,0.85,0,5,4,100,19.5515,5,true,-19.5515,,,19.5554,150
sqz_coh_loss_ch_eta0p85_pn0_Nt5_ns5,sqz_coh,loss_ch,0.85,0,5,5,100,19.5511,5,true,-19.5511,,,19.5563,150
sqz_coh_loss_ch_eta0p85_pn0_Nt10_ns1,sqz_coh,loss_ch,0.85,0,10,1,200,21.6795,10,true,-21.6368,,,21.731,300
sqz_coh_loss_ch_eta0p85_pn0_Nt10_ns2,sqz_coh,loss_ch,0.85,0,10,2,200,21.6822,10,true,-21.6822,,,21.6727,300
sqz_coh_loss_ch_eta0p85_pn0_Nt10_ns3,sqz_coh,loss_ch,0.85,0,10,3,200,21.6774,10,true,-21.6774,,,21.6721,300
sqz_coh_loss_ch_eta0p85_pn0_Nt10_ns4,sqz_coh,loss_ch,0.85,0,10,4,200,1365.76,9.97341,true,-1365.76,,,21.2816,450
sqz_coh_loss_ch_eta0p85_pn0p05_Nt1_ns1,sqz_coh,loss_ch,0.85,0.05,1,1,40,12.0149,1,true,-12.0149,,,12.0149,60
sqz_coh_loss_ch_eta0p85_pn0p05_Nt1_ns2,sqz_coh,loss_ch,0.85,0.05,1,2,40,12.0434,1,true,-12.0434,,,12.0435,60
sqz_coh_loss_ch_eta0p85_pn0p05_Nt1_ns3,sqz_coh,loss_ch,0.85,0.05,1,3,40,12.0522,1,true,-12.0522,,,12.0522,60
sqz_coh_loss_ch_eta0p85_pn0p05_Nt1_ns4,sqz_coh,loss_ch,0.85,0.05,1,4,40,12.053,1,true,-12.053,,,12.053,60
sqz_coh_loss_ch_eta0p85_pn0p05_Nt1_ns5,sqz_coh,loss_ch,0.85,0.05,1,5,40,12.0532,1,true,-12.0532,,,12.0532,60
sqz_coh_loss_ch_eta0p85_pn0p05_Nt5_ns1,sqz_coh,loss_ch,0.85,0.05,5,1,100,16.3733,5,true,-16.3733,,,16.4472,150
sqz_coh_loss_ch_eta0p85_pn0p05_Nt5_ns2,sqz_coh,loss_ch,0.85,0.05,5,2,100,16.49,5,true,-16.49,,,16.4912,150
sqz_coh_loss_ch_eta0p85_pn0p05_Nt5_ns3,sqz_coh,loss_ch,0.85,0.05,5,3,100,16.4923,5,true,-16.4923,,,16.5192,150
sqz_coh_loss_ch_eta0p85_pn0p05_Nt5_ns4,sqz_coh,loss_ch,0.85,0.05,5,4,100,16.4892,4.99997,true,-16.4892,,,16.4907,150
sqz_coh_loss_ch_eta0p85_pn0p05_Nt5_ns5,sqz_coh,loss_ch,0.85,0.05,5,5,100,16.4912,5,true,-16.4912,,,16.5395,150
sqz_coh_loss_ch_eta0p85_pn0p1_Nt1_ns1,sqz_coh,loss_ch,0.85,0.1,1,1,40,11.0188,1,true,-11.0188,,,11.0188,60
sqz_coh_loss_ch_eta0p85_pn0p1_Nt1_ns2,sqz_coh,loss_ch,0.85,0.1,1,2,40,11.2599,1,true,-11.2599,,,11.2599,60
sqz_coh_loss_ch_eta0p85_pn0p1_Nt1_ns3,sqz_coh,loss_ch,0.85,0.1,1,3,40,11.2707,1,true,-11.2707,,,11.2707,60
sqz_coh_loss_ch_eta0p85_pn0p1_Nt1_ns4,sqz_coh,loss_ch,0.85,0.1,1,4,40,11.2704,1,true,-11.2704,,,11.2704,60
sqz_coh_loss_ch_eta0p85_pn0p1_Nt1_ns5,sqz_coh,loss_ch,0.85,0.1,1,5,40,11.2712,1,true,-11.2712,,,11.2712,60
sqz_coh_loss_ch_eta0p85_pn0p1_Nt5_ns1,sqz_coh,loss_ch,0.85,0.1,5,1,100,12.7994,5,true,-12.8011,,,12.7994,150
sqz_coh_loss_ch_eta0p85_pn0p1_Nt5_ns2,sqz_coh,loss_ch,0.85,0.1,5,2,100,13.4706,5,true,-13.473,,,13.4706,150
sqz_coh_loss_ch_eta0p85_pn0p1_Nt5_ns3,sqz_coh,loss_ch,0.85,0.1,5,3,100,13.9575,4.99313,true,-13.9577,,,13.9575,150
sqz_coh_loss_ch_eta0p85_pn0p1_Nt5_ns4,sqz_coh,loss_ch,0.85,0.1,5,4,100,14.2097,5,true,-14.2097,,,14.2097,150
sqz_coh_loss_ch_eta0p85_pn0p1_Nt5_ns5,sqz_coh,loss_ch,0.85,0.1,5,5,100,14.2419,4.99999,true,-14.2419,,,14.2419,150
sqz_coh_loss_ch_eta0p85_pn0p1_Nt10_ns1,sqz_coh,loss_ch,0.85,0.1,10,1,200,12.8497,10,true,-12.8497,,,12.8497,300
sqz_coh_loss_ch_eta0p85_pn0p15_Nt1_ns1,sqz_coh,loss_ch,0.85,0.15,1,1,40,9.98128,1,true,-9.98128,,,9.98128,60
sqz_coh_loss_ch_eta0p85_pn0p15_Nt1_ns2,sqz_coh,loss_ch,0.85,0.15,1,2,40,10.567,1,true,-10.567,,,10.567,60
sqz_coh_loss_ch_eta0p85_pn0p15_Nt1_ns3,sqz_coh,loss_ch,0.85,0.15,1,3,40,10.5684,1,true,-10.5684,,,10.5684,60
sqz_coh_loss_ch_eta0p85_pn0p15_Nt1_ns4,sqz_coh,loss_ch,0.85,0.15,1,4,40,10.5679,1,true,-10.5679,,,10.5679,60
sqz_coh_loss_ch_eta0p85_pn0p15_Nt1_ns5,sqz_coh,loss_ch,0.85,0.15,1,5,40,10.569,1,true,-10.569,,,10.569,60
sqz_coh_loss_ch_eta0p85_pn0p15_Nt5_ns1,sqz_coh,loss_ch,0.85,0.15,5,1,100,10.7842,5,true,-10.7842,,,10.7842,150
sqz_coh_loss_ch_eta0p85_pn0p15_Nt5_ns2,sqz_coh,loss_ch,0.85,0.15,5,2,100,11.7635,5,true,-11.7635,,,11.7634,150
sqz_coh_loss_ch_eta0p85_pn0p15_Nt5_ns3,sqz_coh,loss_ch,0.85,0.15,5,3,100,140.851,4.14793,true,-140.851,,,12.9258,225
sqz_coh_loss_ch_eta0p85_pn0p15_Nt5_ns4,sqz_coh,loss_ch,0.85,0.15,5,4,100,13.4945,5,true,-13.4945,,,13.4945,150
sqz_coh_loss_ch_eta0p85_pn0p15_Nt5_ns5,sqz_coh,loss_ch,0.85,0.15,5,5,100,119.59,4.97978,true,-119.59,,,13.3748,225
sqz_coh_loss_ch_eta0p85_pn0p2_Nt1_ns1,sqz_coh,loss_ch,0.85,0.2,1,1,40,9.09463,1,true,-9.09463,,,9.09463,60
sqz_coh_loss_ch_eta0p85_pn0p2_Nt1_ns2,sqz_coh,loss_ch,0.85,0.2,1,2,40,10.0391,1,true,-10.0391,,,10.0391,60
sqz_coh_loss_ch_eta0p85_pn0p2_Nt1_ns3,sqz_coh,loss_ch,0.85,0.2,1,3,40,10.0417,1,true,-10.0417,,,10.0417,60
sqz_coh_loss_ch_eta0p85_pn0p2_Nt1_ns4,sqz_coh,loss_ch,0.85,0.2,1,4,40,10.0419,1,true,-10.0419,,,10.0419,60
sqz_coh_loss_ch_eta0p85_pn0p2_Nt1_ns5,sqz_coh,loss_ch,0.85,0.2,1,5,40,10.0418,1,true,-10.0418,,,10.0418,60
sqz_coh_loss_ch_eta0p85_pn0p2_Nt5_ns1,sqz_coh,loss_ch,0.85,0.2,5,1,100,9.56912,5,true,-9.56913,,,9.56912,150
sqz_coh_loss_ch_eta0p85_pn0p2_Nt5_ns2,sqz_coh,loss_ch,0.85,0.2,5,2,100,12.7349,5,true,-12.7349,,,12.7349,150
sqz_coh_loss_ch_eta0p85_pn0p2_Nt5_ns3,sqz_coh,loss_ch,0.85,0.2,5,3,100,12.9299,5,true,-12.9137,,,12.9136,150
sqz_coh_loss_ch_eta0p85_pn0p2_Nt5_ns4,sqz_coh,loss_ch,0.85,0.2,5,4,100,13.1413,4.99999,true,-13.1413,,,13.1413,150
sqz_coh_loss_ch_eta0p85_pn0p2_Nt5_ns5,sqz_coh,loss_ch,0.85,0.2,5,5,100,13.1756,5,true,-13.1756,,,13.1756,150
sqz_coh_loss_ch_eta0p85_pn0p3_Nt5_ns1,sqz_coh,loss_ch,0.85,0.3,5,1,100,8.1818,5,true,-8.1818,,,8.18179,150
sqz_coh_loss_ch_eta0p86_pn0_Nt5_ns1,sqz_coh,loss_ch,0.86,0,5,1,50,20.5806,5,true,-20.5806,,,20.7297,75
sqz_coh_loss_ch_eta0p88_pn0_Nt5_ns1,sqz_coh,loss_ch,0.88,0,5,1,50,23.2878,5,true,-23.2878,,,23.4705,75
sqz_coh_loss_ch_eta0p8_pn0_Nt1_ns1,sqz_coh,loss_ch,0.8,0,1,1,40,10.6192,1,true,-10.6192,,,10.6192,60
sqz_coh_loss_ch_eta0p8_pn0_Nt1_ns2,sqz_coh,loss_ch,0.8,0,1,2,40,10.6192,1,true,-10.6192,,,10.6192,60
sqz_coh_loss_ch_eta0p8_pn0_Nt1_ns3,sqz_coh,loss_ch,0.8,0,1,3,40,10.6192,1,true,-10.6192,,,10.6193,60
sqz_coh_loss_ch_eta0p8_pn0_Nt1_ns4,sqz_coh,loss_ch,0.8,0,1,4,40,10.6192,1,true,-10.6192,,,10.6192,60
sqz_coh_loss_ch_eta0p8_pn0_Nt1_ns5,sqz_coh,loss_ch,0.8,0,1,5,40,10.6192,1,true,-10.6192,,,10.6192,60
sqz_coh_loss_ch_eta0p8_pn0_Nt2_ns1,sqz_coh,loss_ch,0.8,0,2,1,60,12.7535,2,true,-12.7535,,,12.7536,90
sqz_coh_loss_ch_eta0p8_pn0_Nt2_ns2,sqz_coh,loss_ch,0.8,0,2,2,60,12.7535,2,true,-12.7535,,,12.7536,90
sqz_coh_loss_ch_eta0p8_pn0_Nt5_ns1,sqz_coh,loss_ch,0.8,0,5,1,100,15.1651,5,true,-15.063,,,15.1675,150
sqz_coh_loss_ch_eta0p8_pn0_Nt5_ns2,sqz_coh,loss_ch,0.8,0,5,2,100,15.1463,5,true,-15.1463,,,15.1669,150
sqz_coh_loss_ch_eta0p8_pn0_Nt5_ns3,sqz_coh,loss_ch,0.8,0,5,3,100,15.2128,5,true,-15.1132,,,15.2145,150
sqz_coh_loss_ch_eta0p8_pn0_Nt5_ns4,sqz_coh,loss_ch,0.8,0,5,4,100,15.1499,4.99999,true,-15.0836,,,15.1487,150
sqz_coh_loss_ch_eta0p8_pn0_Nt5_ns5,sqz_coh,loss_ch,0.8,0,5,5,100,15.1152,5,true,-15.1053,,,15.116,150
sqz_coh_loss_ch_eta0p8_pn0_Nt10_ns1,sqz_coh,loss_ch,0.8,0,10,1,120,16.3253,10,true,-16.3253,,,16.3497,180
sqz_coh_loss_ch_eta0p8_pn0p1_Nt1_ns1,sqz_coh,loss_ch,0.8,0.1,1,1,40,9.53317,1,true,-9.53317,,,9.53317,60
sqz_coh_loss_ch_eta0p8_pn0p1_Nt1_ns2,sqz_coh,loss_ch,0.8,0.1,1,2,40,9.63818,1,true,-9.63817,,,9.63818,60
sqz_coh_loss_ch_eta0p8_pn0p1_Nt1_ns3,sqz_coh,loss_ch,0.8,0.1,1,3,40,9.63676,1,true,-9.63676,,,9.63676,60
sqz_coh_loss_ch_eta0p8_pn0p1_Nt1_ns4,sqz_coh,loss_ch,0.8,0.1,1,4,40,9.63826,1,true,-9.63826,,,9.63826,60
sqz_coh_loss_ch_eta0p8_pn0p1_Nt1_ns5,sqz_coh,loss_ch,0.8,0.1,1,5,40,9.63812,1,true,-9.63812,,,9.63812,60
sqz_coh_loss_ch_eta0p8_pn0p1_Nt2_ns1,sqz_coh,loss_ch,0.8,0.1,2,1,60,10.4951,2,true,-10.4951,,,10.4951,90
sqz_coh_loss_ch_eta0p8_pn0p1_Nt2_ns2,sqz_coh,loss_ch,0.8,0.1,2,2,60,10.6325,2,true,-10.6325,,,10.6325,90
sqz_coh_loss_ch_eta0p8_pn0p1_Nt5_ns1,sqz_coh,loss_ch,0.8,0.1,5,1,100,10.6716,5,true,-10.6719,,,10.6716,150
sqz_coh_loss_ch_eta0p8_pn0p1_Nt5_ns2,sqz_coh,loss_ch,0.8,0.1,5,2,100,11.2973,4.99991,true,-11.2973,,,11.2973,150
sqz_coh_loss_ch_eta0p8_pn0p1_Nt5_ns3,sqz_coh,loss_ch,0.8,0.1,5,3,100,11.3879,4.99999,true,-11.3879,,,11.3879,150
sqz_coh_loss_ch_eta0p8_pn0p1_Nt5_ns4,sqz_coh,loss_ch,0.8,0.1,5,4,100,11.4177,5,true,-11.4177,,,11.4177,150
sqz_coh_loss_ch_eta0p8_pn0p1_Nt5_ns5,sqz_coh,loss_ch,0.8,0.1,5,5,100,11.3968,5,true,-11.3962,,,11.4148,150
sqz_coh_loss_ch_eta0p8_pn0p2_Nt1_ns1,sqz_coh,loss_ch,0.8,0.2,1,1,40,7.90378,1,true,-7.90378,,,7.90378,60
sqz_coh_loss_ch_eta0p8_pn0p2_Nt1_ns2,sqz_coh,loss_ch,0.8,0.2,1,2,40,8.36116,1,true,-8.36116,,,8.36116,60
sqz_coh_loss_ch_eta0p8_pn0p2_Nt1_ns3,sqz_coh,loss_ch,0.8,0.2,1,3,40,8.36171,1,true,-8.36171,,,8.36171,60
sqz_coh_loss_ch_eta0p8_pn0p2_Nt1_ns4,sqz_coh,loss_ch,0.8,0.2,1,4,40,8.3618,1,true,-8.3618,,,8.3618,60
sqz_coh_loss_ch_eta0p8_pn0p2_Nt1_ns5,sqz_coh,loss_ch,0.8,0.2,1,5,40,8.3618,1,true,-8.3618,,,8.3618,60
sqz_coh_loss_ch_eta0p8_pn0p2_Nt2_ns1,sqz_coh,loss_ch,0.8,0.2,2,1,60,8.04957,2,true,-8.04957,,,8.04957,90
sqz_coh_loss_ch_eta0p8_pn0p2_Nt2_ns2,sqz_coh,loss_ch,0.8,0.2,2,2,60,9.078,2,true,-9.078,,,9.078,90
sqz_coh_loss_ch_eta0p8_pn0p2_Nt5_ns1,sqz_coh,loss_ch,0.8,0.2,5,1,100,8.19171,5,true,-8.19171,,,8.19171,150
sqz_coh_loss_ch_eta0p8_pn0p2_Nt5_ns2,sqz_coh,loss_ch,0.8,0.2,5,2,100,10.0034,5,true,-10.0034,,,10.0034,150
sqz_coh_loss_ch_eta0p8_pn0p2_Nt5_ns3,sqz_coh,loss_ch,0.8,0.2,5,3,100,10.3276,4.99984,true,-10.3276,,,10.3276,150
sqz_coh_loss_ch_eta0p8_pn0p2_Nt5_ns4,sqz_coh,loss_ch,0.8,0.2,5,4,100,10.4286,5,true,-10.4286,,,10.4286,150
sqz_coh_loss_ch_eta0p8_pn0p2_Nt5_ns5,sqz_coh,loss_ch,0.8,0.2,5,5,100,10.4307,5,true,-10.4307,,,10.4307,150
sqz_coh_loss_ch_eta0p8_pn0p3_Nt1_ns1,sqz_coh,loss_ch,0.8,0.3,1,1,40,6.69611,1,true,-6.69611,,,6.69611,60
sqz_coh_loss_ch_eta0p8_pn0p3_Nt1_ns2,sqz_coh,loss_ch,0.8,0.3,1,2,40,7.73469,1,true,-7.73469,,,7.73469,60
sqz_coh_loss_ch_eta0p8_pn0p3_Nt1_ns3,sqz_coh,loss_ch,0.8,0.3,1,3,40,7.73524,1,true,-7.73524,,,7.73524,60
sqz_coh_loss_ch_eta0p8_pn0p3_Nt1_ns4,sqz_coh,loss_ch,0.8,0.3,1,4,40,7.73531,1,true,-7.73531,,,7.73531,60
sqz_coh_loss_ch_eta0p8_pn0p3_Nt1_ns5,sqz_coh,loss_ch,0.8,0.3,1,5,40,7.73538,1,true,-7.73538,,,7.73538,60
sqz_coh_loss_ch_eta0p8_pn0p3_Nt2_ns1,sqz_coh,loss_ch,0.8,0.3,2,1,60,6.81188,2,true,-6.81188,,,6.81188,90
sqz_coh_loss_ch_eta0p8_pn0p3_Nt2_ns2,sqz_coh,loss_ch,0.8,0.3,2,2,60,8.6612,2,true,-8.6612,,,8.6612,90
sqz_coh_loss_ch_eta0p8_pn0p3_Nt5_ns1,sqz_coh,loss_ch,0.8,0.3,5,1,100,7.06161,5,true,-7.0616,,,7.0616,150
sqz_coh_loss_ch_eta0p8_pn0p3_Nt5_ns2,sqz_coh,loss_ch,0.8,0.3,5,2,100,9.61266,5,true,-9.61266,,,9.61266,150
sqz_coh_loss_ch_eta0p8_pn0p3_Nt5_ns3,sqz_coh,loss_ch,0.8,0.3,5,3,100,9.90078,5,true,-9.90078,,,9.90077,150
sqz_coh_loss_ch_eta0p8_pn0p3_Nt5_ns4,sqz_coh,loss_ch,0.8,0.3,5,4,100,9.97257,5,true,-9.97258,,,9.97257,150
sqz_coh_loss_ch_eta0p8_pn0p3_Nt5_ns5,sqz_coh,loss_ch,0.8,0.3,5,5,100,10.1044,5,true,-10.1044,,,10.1044,150
sqz_coh_loss_ch_eta0p8_pn0p4_Nt1_ns1,sqz_coh,loss_ch,0.8,0.4,1,1,40,5.92787,1,true,-5.92787,,,5.92787,60
sqz_coh_loss_ch_eta0p8_pn0p4_Nt1_ns2,sqz_coh,loss_ch,0.8,0.4,1,2,40,7.43149,1,true,-7.43149,,,7.43149,60
sqz_coh_loss_ch_eta0p8_pn0p4_Nt1_ns3,sqz_coh,loss_ch,0.8,0.4,1,3,40,7.432,1,true,-7.432,,,7.43199,60
sqz_coh_loss_ch_eta0p8_pn0p4_Nt1_ns4,sqz_coh,loss_ch,0.8,0.4,1,4,40,7.43283,1,true,-7.43283,,,7.43282,60
sqz_coh_loss_ch_eta0p8_pn0p4_Nt1_ns5,sqz_coh,loss_ch,0.8,0.4,1,5,40,7.4328,1,true,-7.4328,,,7.4328,60
sqz_coh_loss_ch_eta0p8_pn0p4_Nt2_ns1,sqz_coh,loss_ch,0.8,0.4,2,1,60,6.05703,2,true,-6.05703,,,6.05703,90
sqz_coh_loss_ch_eta0p8_pn0p4_Nt2_ns2,sqz_coh,loss_ch,0.8,0.4,2,2,60,8.12462,2,true,-8.12462,,,8.12462,90
sqz_coh_loss_ch_eta0p8_pn0p4_Nt5_ns1,sqz_coh,loss_ch,0.8,0.4,5,1,100,6.34224,5,true,-6.34224,,,6.34224,150
sqz_coh_loss_ch_eta0p8_pn0p4_Nt5_ns2,sqz_coh,loss_ch,0.8,0.4,5,2,100,9.10322,5,true,-9.10322,,,9.10322,150
sqz_coh_loss_ch_eta0p8_pn0p4_Nt5_ns3,sqz_coh,loss_ch,0.8,0.4,5,3,100,9.41768,5,true,-9.41768,,,9.41767,150
sqz_coh_loss_ch_eta0p8_pn0p4_Nt5_ns4,sqz_coh,loss_ch,0.8,0.4,5,4,100,9.57055,5,true,-9.57055,,,9.57055,150
sqz_coh_loss_ch_eta0p8_pn0p4_Nt5_ns5,sqz_coh,loss_ch,0.8,0.4,5,5,100,369.863,1.51634,true,-369.863,,,5.06504,225
sqz_coh_loss_ch_eta0p8_pn0p5_Nt1_ns1,sqz_coh,loss_ch,0.8,0.5,1,1,40,5.35772,1,true,-5.35772,,,5.35772,60
sqz_coh_loss_ch_eta0p8_pn0p5_Nt1_ns2,sqz_coh,loss_ch,0.8,0.5,1,2,40,7.24849,1,true,-7.24849,,,7.2485,60
sqz_coh_loss_ch_eta0p8_pn0p5_Nt1_ns3,sqz_coh,loss_ch,0.8,0.5,1,3,40,7.24867,1,true,-7.24867,,,7.24867,60
sqz_coh_loss_ch_eta0p8_pn0p5_Nt1_ns4,sqz_coh,loss_ch,0.8,0.5,1,4,40,7.24869,1,true,-7.24869,,,7.24869,60
sqz_coh_loss_ch_eta0p8_pn0p5_Nt1_ns5,sqz_coh,loss_ch,0.8,0.5,1,5,40,7.24869,1,true,-7.24868,,,7.24869,60
sqz_coh_loss_ch_eta0p8_pn0p5_Nt2_ns1,sqz_coh,loss_ch,0.8,0.5,2,1,60,5.47123,2,true,-5.47123,,,5.47123,90
sqz_coh_loss_ch_eta0p8_pn0p5_Nt2_ns2,sqz_coh,loss_ch,0.8,0.5,2,2,60,7.59149,2,true,-7.59149,,,7.59149,90
sqz_coh_loss_ch_eta0p8_pn0p5_Nt5_ns1,sqz_coh,loss_ch,0.8,0.5,5,1,100,5.75882,5,true,-5.75882,,,5.75882,150
sqz_coh_loss_ch_eta0p8_pn0p5_Nt5_ns2,sqz_coh,loss_ch,0.8,0.5,5,2,100,8.21411,5,true,-8.21411,,,8.21411,150
sqz_coh_loss_ch_eta0p8_pn0p5_Nt5_ns3,sqz_coh,loss_ch,0.8,0.5,5,3,100,8.98919,5,true,-8.98919,,,8.98919,150
sqz_coh_loss_ch_eta0p8_pn0p5_Nt5_ns4,sqz_coh,loss_ch,0.8,0.5,5,4,100,17.3842,4.99886,true,-17.3842,,,9.11073,225
sqz_coh_loss_ch_eta0p8_pn0p5_Nt5_ns5,sqz_coh,loss_ch,0.8,0.5,5,5,100,8.48596,2.00786,true,-8.48596,,,8.48595,150
sqz_coh_loss_ch_eta0p92_pn0_Nt5_ns1,sqz_coh,loss_ch,0.92,0,5,1,50,31.2172,5.00001,true,-31.2172,,,31.5221,75
sqz_coh_loss_ch_eta0p92_pn0p2_Nt5_ns1,sqz_coh,loss_ch,0.92,0.2,5,1,50,13.4937,5,true,-13.4937,,,13.4928,75
sqz_coh_loss_ch_eta0p92_pn0p2_Nt5_ns2,sqz_coh,loss_ch,0.92,0.2,5,2,50,20.5027,5,true,-20.5027,,,20.5027,75
sqz_coh_loss_ch_eta0p92_pn0p2_Nt5_ns3,sqz_coh,loss_ch,0.92,0.2,5,3,50,21.4106,5,true,-21.4106,,,21.4106,75
sqz_coh_loss_ch_eta0p94_pn0_Nt5_ns1,sqz_coh,loss_ch,0.94,0,5,1,50,37.3664,5.00001,true,-37.3664,,,37.8482,113
sqz_coh_loss_ch_eta0p95_pn0_Nt1_ns1,sqz_coh,loss_ch,0.95,0,1,1,40,18.3053,1,true,-18.3053,,,18.3054,60
sqz_coh_loss_ch_eta0p95_pn0_Nt1_ns2,sqz_coh,loss_ch,0.95,0,1,2,40,18.3053,1,true,-18.3053,,,18.3054,60
sqz_coh_loss_ch_eta0p95_pn0_Nt1_ns3,sqz_coh,loss_ch,0.95,0,1,3,40,18.3053,1.00001,true,-18.3053,,,18.3055,60
sqz_coh_loss_ch_eta0p95_pn0_Nt1_ns4,sqz_coh,loss_ch,0.95,0,1,4,40,18.3053,1,true,-18.3053,,,18.3056,60
sqz_coh_loss_ch_eta0p95_pn0_Nt1_ns5,sqz_coh,loss_ch,0.95,0,1,5,40,18.3053,1,true,-18.3053,,,18.3054,60
sqz_coh_loss_ch_eta0p95_pn0_Nt5_ns1,sqz_coh,loss_ch,0.95,0,5,1,150,41.9602,5.00002,true,-41.375,,,41.9603,225
sqz_coh_loss_ch_eta0p95_pn0_Nt5_ns2,sqz_coh,loss_ch,0.95,0,5,2,150,41.7494,5.00001,true,-41.4181,,,41.7209,225
sqz_coh_loss_ch_eta0p95_pn0_Nt5_ns3,sqz_coh,loss_ch,0.95,0,5,3,150,42.0765,5.00008,true,-41.4827,,,42.0766,225
sqz_coh_loss_ch_eta0p95_pn0_Nt5_ns4,sqz_coh,loss_ch,0.95,0,5,4,150,41.8092,5,true,-41.799,,,41.8093,225
sqz_coh_loss_ch_eta0p95_pn0_Nt5_ns5,sqz_coh,loss_ch,0.95,0,5,5,150,41.8145,5,true,-41.7968,,,41.8146,225
sqz_coh_loss_ch_eta0p95_pn0_Nt10_ns1,sqz_coh,loss_ch,0.95,0,10,1,120,53.5352,10,true,-53.5352,,,53.7083,180
sqz_coh_loss_ch_eta0p95_pn0p05_Nt1_ns1,sqz_coh,loss_ch,0.95,0.05,1,1,40,17.3762,1,true,-17.3761,,,17.3762,60
sqz_coh_loss_ch_eta0p95_pn0p05_Nt1_ns2,sqz_coh,loss_ch,0.95,0.05,1,2,100,17.6881,1.00005,true,-17.6879,,,17.6881,150
sqz_coh_loss_ch_eta0p95_pn0p05_Nt1_ns3,sqz_coh,loss_ch,0.95,0.05,1,3,40,17.686,1,true,-17.686,,,17.686,60
sqz_coh_loss_ch_eta0p95_pn0p05_Nt1_ns4,sqz_coh,loss_ch,0.95,0.05,1,4,40,17.6876,1,true,-17.6876,,,17.6876,60
sqz_coh_loss_ch_eta0p95_pn0p05_Nt1_ns5,sqz_coh,loss_ch,0.95,0.05,1,5,40,17.6867,1,true,-17.6867,,,17.6867,60
sqz_coh_loss_ch_eta0p95_pn0p05_Nt2_ns2,sqz_coh,loss_ch,0.95,0.05,2,2,100,24.9494,2.00003,true,-24.9493,,,24.9494,150
sqz_coh_loss_ch_eta0p95_pn0p05_Nt5_ns1,sqz_coh,loss_ch,0.95,0.05,5,1,50,30.9871,5,true,-30.9871,,,30.9453,75
sqz_coh_loss_ch_eta0p95_pn0p05_Nt5_ns2,sqz_coh,loss_ch,0.95,0.05,5,2,120,34.0983,5.00002,true,-34.0971,,,34.0983,180
sqz_coh_loss_ch_eta0p95_pn0p05_Nt5_ns3,sqz_coh,loss_ch,0.95,0.05,5,3,120,34.1316,5.00002,true,-34.1314,,,34.1316,180
sqz_coh_loss_ch_eta0p95_pn0p05_Nt5_ns4,sqz_coh,loss_ch,0.95,0.05,5,4,120,34.1583,5,true,-34.1583,,,34.1583,180
sqz_coh_loss_ch_eta0p95_pn0p05_Nt5_ns5,sqz_coh,loss_ch,0.95,0.05,5,5,120,34.169,5,true,-34.169,,,34.169,180
sqz_coh_loss_ch_eta0p95_pn0p05_Nt13_ns1,sqz_coh,loss_ch,0.95,0.05,13,1,150,32.0863,13,true,-32.0863,,,32.0856,225
sqz_coh_loss_ch_eta0p95_pn0p1_Nt0p5_ns1,sqz_coh,loss_ch,0.95,0.1,0.5,1,50,11.9326,0.500049,true,-11.9324,,,11.9326,75
sqz_coh_loss_ch_eta0p95_pn0p1_Nt0p5_ns2,sqz_coh,loss_ch,0.95,0.1,0.5,2,50,12.1931,0.500055,true,-12.1928,,,12.1931,75
sqz_coh_loss_ch_eta0p95_pn0p1_Nt0p5_ns3,sqz_coh,loss_ch,0.95,0.1,0.5,3,50,12.1852,0.500061,true,-12.1849,,,12.1852,75
sqz_coh_loss_ch_eta0p95_pn0p1_Nt1_ns1,sqz_coh,loss_ch,0.95,0.1,1,1,50,15.9012,1.00003,true,-15.9011,,,15.9012,75
sqz_coh_loss_ch_eta0p95_pn0p1_Nt1_ns2,sqz_coh,loss_ch,0.95,0.1,1,2,50,16.7725,1.00004,true,-16.7724,,,16.7725,75
sqz_coh_loss_ch_eta0p95_pn0p1_Nt1_ns3,sqz_coh,loss_ch,0.95,0.1,1,3,50,16.9825,1.00003,true,-16.9824,,,16.9825,75
sqz_coh_loss_ch_eta0p95_pn0p1_Nt1_ns4,sqz_coh,loss_ch,0.95,0.1,1,4,40,17.0003,1,true,-17.0002,,,17.0003,60
sqz_coh_loss_ch_eta0p95_pn0p1_Nt1_ns5,sqz_coh,loss_ch,0.95,0.1,1,5,40,17.0006,1,true,-17.0006,,,17.0006,60
sqz_coh_loss_ch_eta0p95_pn0p1_Nt2_ns1,sqz_coh,loss_ch,0.95,0.1,2,1,50,20.2435,2.00001,true,-20.2435,,,20.2432,75
sqz_coh_loss_ch_eta0p95_pn0p1_Nt2_ns2,sqz_coh,loss_ch,0.95,0.1,2,2,50,23.4089,2.00003,true,-23.4089,,,23.4089,75
sqz_coh_loss_ch_eta0p95_pn0p1_Nt2_ns3,sqz_coh,loss_ch,0.95,0.1,2,3,50,23.7831,2.00002,true,-23.7831,,,23.7831,75
sqz_coh_loss_ch_eta0p95_pn0p1_Nt3_ns1,sqz_coh,loss_ch,0.95,0.1,3,1,50,22.1981,3.00001,true,-22.1981,,,22.1921,75
sqz_coh_loss_ch_eta0p95_pn0p1_Nt3_ns2,sqz_coh,loss_ch,0.95,0.1,3,2,50,27.9071,3.00001,true,-27.907,,,27.9071,75
sqz_coh_loss_ch_eta0p95_pn0p1_Nt3_ns3,sqz_coh,loss_ch,0.95,0.1,3,3,50,27.8466,3.00002,true,-27.8466,,,27.8455,75
sqz_coh_loss_ch_eta0p95_pn0p1_Nt4_ns1,sqz_coh,loss_ch,0.95,0.1,4,1,50,23.0524,4,true,-23.0524,,,23.021,75
sqz_coh_loss_ch_eta0p95_pn0p1_Nt4_ns2,sqz_coh,loss_ch,0.95,0.1,4,2,50,29.9999,4.00001,true,-29.9999,,,29.9999,75
sqz_coh_loss_ch_eta0p95_pn0p1_Nt4_ns3,sqz_coh,loss_ch,0.95,0.1,4,3,50,29.6602,3.9984,true,-29.6602,,,29.6489,75
sqz_coh_loss_ch_eta0p95_pn0p1_Nt5_ns1,sqz_coh,loss_ch,0.95,0.1,5,1,50,23.3874,5,true,-23.3874,,,23.2748,75
sqz_coh_loss_ch_eta0p95_pn0p1_Nt5_ns2,sqz_coh,loss_ch,0.95,0.1,5,2,100,30.9196,4.99997,true,-30.9196,,,30.9196,150
sqz_coh_loss_ch_eta0p95_pn0p1_Nt5_ns3,sqz_coh,loss_ch,0.95,0.1,5,3,105,31.5404,5,true,-31.5404,,,31.5404,158
sqz_coh_loss_ch_eta0p95_pn0p1_Nt5_ns4,sqz_coh,loss_ch,0.95,0.1,5,4,100,31.6708,5,true,-31.6708,,,31.6708,150
sqz_coh_loss_ch_eta0p95_pn0p1_Nt5_ns5,sqz_coh,loss_ch,0.95,0.1,5,5,100,31.6701,5,true,-31.6701,,,31.6701,150
sqz_coh_loss_ch_eta0p95_pn0p1_Nt10_ns1,sqz_coh,loss_ch,0.95,0.1,10,1,100,23.3632,10,true,-23.3632,,,23.3624,150
sqz_coh_loss_ch_eta0p95_pn0p1_Nt11_ns1,sqz_coh,loss_ch,0.95,0.1,11,1,100,23.3789,11,true,-23.3789,,,23.3782,150
sqz_coh_loss_ch_eta0p95_pn0p1_Nt15_ns1,sqz_coh,loss_ch,0.95,0.1,15,1,120,23.4396,15,true,-23.4396,,,23.4394,180
sqz_coh_loss_ch_eta0p95_pn0p1_Nt15_ns2,sqz_coh,loss_ch,0.95,0.1,15,2,120,36.916,15,true,-36.916,,,36.916,180
sqz_coh_loss_ch_eta0p95_pn0p1_Nt20_ns1,sqz_coh,loss_ch,0.95,0.1,20,1,120,23.5129,20,true,-23.5129,,,23.5127,180
sqz_coh_loss_ch_eta0p95_pn0p1_Nt25_ns1,sqz_coh,loss_ch,0.95,0.1,25,1,120,23.5833,25,true,-23.5833,,,23.583,180
sqz_coh_loss_ch_eta0p95_pn0p1_Nt30_ns1,sqz_coh,loss_ch,0.95,0.1,30,1,120,23.6512,30,true,-23.6512,,,23.6508,180
sqz_coh_loss_ch_eta0p95_pn0p1_Nt35_ns1,sqz_coh,loss_ch,0.95,0.1,35,1,150,23.7166,35,true,-23.7166,,,23.7166,225
sqz_coh_loss_ch_eta0p95_pn0p1_Nt70_ns1,sqz_coh,loss_ch,0.95,0.1,70,1,180,39.6868,70,true,-39.6868,,,18.144,500
sqz_coh_loss_ch_eta0p95_pn0p1_Nt80_ns1,sqz_coh,loss_ch,0.95,0.1,80,1,180,44.0322,70.6175,true,-44.0319,,,20.9679,500
sqz_coh_loss_ch_eta0p95_pn0p15_Nt1_ns1,sqz_coh,loss_ch,0.95,0.15,1,1,40,14.8149,1,true,-14.8149,,,14.8149,60
sqz_coh_loss_ch_eta0p95_pn0p15_Nt1_ns2,sqz_coh,loss_ch,0.95,0.15,1,2,40,16.4518,1,true,-16.4518,,,16.4518,60
sqz_coh_loss_ch_eta0p95_pn0p15_Nt1_ns3,sqz_coh,loss_ch,0.95,0.15,1,3,40,16.4602,1,true,-16.4601,,,16.4602,60
sqz_coh_loss_ch_eta0p95_pn0p15_Nt1_ns4,sqz_coh,loss_ch,0.95,0.15,1,4,40,16.4604,1,true,-16.4604,,,16.4604,60
sqz_coh_loss_ch_eta0p95_pn0p15_Nt1_ns5,sqz_coh,loss_ch,0.95,0.15,1,5,40,16.4596,1,true,-16.4596,,,16.4596,60
sqz_coh_loss_ch_eta0p95_pn0p15_Nt5_ns1,sqz_coh,loss_ch,0.95,0.15,5,1,100,19.959,5,true,-20.0694,,,19.9587,150
sqz_coh_loss_ch_eta0p95_pn0p15_Nt5_ns2,sqz_coh,loss_ch,0.95,0.15,5,2,100,30.1165,5,true,-30.1165,,,30.1165,150
sqz_coh_loss_ch_eta0p95_pn0p15_Nt5_ns3,sqz_coh,loss_ch,0.95,0.15,5,3,100,30.4022,5,true,-30.4022,,,30.4022,150
sqz_coh_loss_ch_eta0p95_pn0p15_Nt5_ns4,sqz_coh,loss_ch,0.95,0.15,5,4,120,30.9382,5,true,-30.9382,,,30.9382,180
sqz_coh_loss_ch_eta0p95_pn0p15_Nt5_ns5,sqz_coh,loss_ch,0.95,0.15,5,5,120,30.9378,5,true,-30.9378,,,30.9378,180
sqz_coh_loss_ch_eta0p95_pn0p2_Nt0p5_ns1,sqz_coh,loss_ch,0.95,0.2,0.5,1,50,11.0048,0.50004,true,-11.0046,,,11.0048,75
sqz_coh_loss_ch_eta0p95_pn0p2_Nt0p5_ns2,sqz_coh,loss_ch,0.95,0.2,0.5,2,100,11.5529,0.500005,true,-11.5529,,,11.5529,150
sqz_coh_loss_ch_eta0p95_pn0p2_Nt0p5_ns3,sqz_coh,loss_ch,0.95,0.2,0.5,3,100,11.5434,0.500005,true,-11.5433,,,11.5434,150
sqz_coh_loss_ch_eta0p95_pn0p2_Nt0p5_ns4,sqz_coh,loss_ch,0.95,0.2,0.5,4,100,11.5548,0.500005,true,-11.5548,,,11.5548,150
sqz_coh_loss_ch_eta0p95_pn0p2_Nt0p5_ns5,sqz_coh,loss_ch,0.95,0.2,0.5,5,100,11.5543,0.500005,true,-11.5542,,,11.5543,150
sqz_coh_loss_ch_eta0p95_pn0p2_Nt1_ns1,sqz_coh,loss_ch,0.95,0.2,1,1,50,14.0557,1.00002,true,-14.0557,,,14.0557,75
sqz_coh_loss_ch_eta0p95_pn0p2_Nt1_ns2,sqz_coh,loss_ch,0.95,0.2,1,2,100,15.9878,1.00004,true,-15.9876,,,15.9878,150
sqz_coh_loss_ch_eta0p95_pn0p2_Nt1_ns3,sqz_coh,loss_ch,0.95,0.2,1,3,100,15.9945,1,true,-15.9945,,,15.9945,150
sqz_coh_loss_ch_eta0p95_pn0p2_Nt1_ns4,sqz_coh,loss_ch,0.95,0.2,1,4,100,15.9928,1,true,-15.9928,,,15.9928,150
sqz_coh_loss_ch_eta0p95_pn0p2_Nt1_ns5,sqz_coh,loss_ch,0.95,0.2,1,5,100,15.9925,1,true,-15.9925,,,15.9925,150
sqz_coh_loss_ch_eta0p95_pn0p2_Nt2_ns1,sqz_coh,loss_ch,0.95,0.2,2,1,50,16.9563,2.00001,true,-16.9563,,,16.956,75
sqz_coh_loss_ch_eta0p95_pn0p2_Nt2_ns2,sqz_coh,loss_ch,0.95,0.2,2,2,100,21.9001,2.00003,true,-21.9,,,21.9001,150
sqz_coh_loss_ch_eta0p95_pn0p2_Nt2_ns3,sqz_coh,loss_ch,0.95,0.2,2,3,100,22.3151,2.00002,true,-22.3135,,,22.3038,150
sqz_coh_loss_ch_eta0p95_pn0p2_Nt2_ns4,sqz_coh,loss_ch,0.95,0.2,2,4,100,22.4661,2,true,-22.4661,,,22.4661,150
sqz_coh_loss_ch_eta0p95_pn0p2_Nt2_ns5,sqz_coh,loss_ch,0.95,0.2,2,5,100,22.4582,2,true,-22.4581,,,22.4582,150
sqz_coh_loss_ch_eta0p95_pn0p2_Nt3_ns1,sqz_coh,loss_ch,0.95,0.2,3,1,50,18.0066,3,true,-18.0066,,,18.0003,75
sqz_coh_loss_ch_eta0p95_pn0p2_Nt3_ns2,sqz_coh,loss_ch,0.95,0.2,3,2,50,26.5268,3.00001,true,-26.5268,,,26.5268,75
sqz_coh_loss_ch_eta0p95_pn0p2_Nt3_ns3,sqz_coh,loss_ch,0.95,0.2,3,3,50,26.5287,3.00001,true,-26.5287,,,26.5287,75
sqz_coh_loss_ch_eta0p95_pn0p2_Nt4_ns1,sqz_coh,loss_ch,0.95,0.2,4,1,50,18.3076,4,true,-18.3076,,,18.274,75
sqz_coh_loss_ch_eta0p95_pn0p2_Nt4_ns2,sqz_coh,loss_ch,0.95,0.2,4,2,50,28.5602,4.00001,true,-28.5602,,,28.5602,75
sqz_coh_loss_ch_eta0p95_pn0p2_Nt4_ns3,sqz_coh,loss_ch,0.95,0.2,4,3,50,28.5951,4.00001,true,-28.595,,,28.595,75
sqz_coh_loss_ch_eta0p95_pn0p2_Nt5_ns1,sqz_coh,loss_ch,0.95,0.2,5,1,100,18.3173,5,true,-18.3173,,,18.3173,150
sqz_coh_loss_ch_eta0p95_pn0p2_Nt5_ns2,sqz_coh,loss_ch,0.95,0.2,5,2,100,28.7809,5,true,-28.7809,,,28.7809,150
sqz_coh_loss_ch_eta0p95_pn0p2_Nt5_ns3,sqz_coh,loss_ch,0.95,0.2,5,3,120,30.1522,4.99996,true,-30.1522,,,30.1522,180
sqz_coh_loss_ch_eta0p95_pn0p2_Nt5_ns4,sqz_coh,loss_ch,0.95,0.2,5,4,120,30.4544,5,true,-30.4544,,,30.4544,180
sqz_coh_loss_ch_eta0p95_pn0p2_Nt5_ns5,sqz_coh,loss_ch,0.95,0.2,5,5,120,30.4916,5,true,-30.4916,,,30.4915,180
sqz_coh_loss_ch_eta0p95_pn0p2_Nt8_ns1,sqz_coh,loss_ch,0.95,0.2,8,1,100,18.4116,8,true,-18.4116,,,18.4116,150
sqz_coh_loss_ch_eta0p95_pn0p2_Nt9_ns1,sqz_coh,loss_ch,0.95,0.2,9,1,100,18.4375,9,true,-18.4375,,,18.4374,150
sqz_coh_loss_ch_eta0p95_pn0p2_Nt10_ns1,sqz_coh,loss_ch,0.95,0.2,10,1,100,18.4618,10,true,-18.4618,,,18.4617,150
sqz_coh_loss_ch_eta0p95_pn0p25_Nt5_ns1,sqz_coh,loss_ch,0.95,0.25,5,1,50,17.2768,5,true,-17.2768,,,17.2335,75
sqz_coh_loss_ch_eta0p95_pn0p25_Nt5_ns2,sqz_coh,loss_ch,0.95,0.25,5,2,50,29.0454,5,true,-29.0454,,,29.0454,75
sqz_coh_loss_ch_eta0p95_pn0p25_Nt5_ns3,sqz_coh,loss_ch,0.95,0.25,5,3,50,29.9559,5.00001,true,-29.9559,,,29.9559,75
sqz_coh_loss_ch_eta0p95_pn0p3_Nt5_ns1,sqz_coh,loss_ch,0.95,0.3,5,1,110,16.4106,5,true,-16.4107,,,16.4106,165
sqz_coh_loss_ch_eta0p95_pn0p3_Nt5_ns2,sqz_coh,loss_ch,0.95,0.3,5,2,110,28.4276,5,true,-28.4276,,,28.4276,165
sqz_coh_loss_ch_eta0p95_pn0p3_Nt5_ns3,sqz_coh,loss_ch,0.95,0.3,5,3,110,28.4214,5.00001,true,-28.4796,,,28.3653,165
sqz_coh_loss_ch_eta0p95_pn0p3_Nt5_ns4,sqz_coh,loss_ch,0.95,0.3,5,4,110,29.5723,5,true,-29.5723,,,29.5722,165
sqz_coh_loss_ch_eta0p95_pn0p3_Nt5_ns5,sqz_coh,loss_ch,0.95,0.3,5,5,110,29.6995,5,true,-29.6995,,,29.6995,165
sqz_coh_loss_ch_eta0p95_pn0p35_Nt5_ns1,sqz_coh,loss_ch,0.95,0.35,5,1,50,15.7165,4.7634,true,-15.7165,,,15.6815,75
sqz_coh_loss_ch_eta0p95_pn0p35_Nt5_ns2,sqz_coh,loss_ch,0.95,0.35,5,2,50,27.7392,4.99993,true,-27.7392,,,27.7392,75
sqz_coh_loss_ch_eta0p95_pn0p35_Nt5_ns3,sqz_coh,loss_ch,0.95,0.35,5,3,50,27.4641,4.9854,true,-27.4641,,,27.4146,75
sqz_coh_loss_ch_eta0p95_pn0p4_Nt5_ns1,sqz_coh,loss_ch,0.95,0.4,5,1,100,15.0248,4.04491,true,-15.0248,,,15.0247,150
sqz_coh_loss_ch_eta0p95_pn0p4_Nt5_ns2,sqz_coh,loss_ch,0.95,0.4,5,2,100,27.0245,5,true,-27.0245,,,27.0245,150
sqz_coh_loss_ch_eta0p95_pn0p4_Nt5_ns3,sqz_coh,loss_ch,0.95,0.4,5,3,100,26.9893,5,true,-27.0733,,,27.0502,150
sqz_coh_loss_ch_eta0p95_pn0p45_Nt5_ns1,sqz_coh,loss_ch,0.95,0.45,5,1,50,14.437,3.96869,true,-14.437,,,14.4094,75
sqz_coh_loss_ch_eta0p95_pn0p45_Nt5_ns2,sqz_coh,loss_ch,0.95,0.45,5,2,50,24.6328,5,true,-24.6328,,,24.6328,75
sqz_coh_loss_ch_eta0p95_pn0p45_Nt5_ns3,sqz_coh,loss_ch,0.95,0.45,5,3,50,26.5651,4.9972,true,-26.5651,,,26.5651,75
sqz_coh_loss_ch_eta0p95_pn0p5_Nt5_ns1,sqz_coh,loss_ch,0.95,0.5,5,1,110,13.8242,3.81466,true,-13.8242,,,13.8242,165
sqz_coh_loss_ch_eta0p95_pn0p5_Nt5_ns2,sqz_coh,loss_ch,0.95,0.5,5,2,110,25.6015,5,true,-25.6015,,,25.6015,165
sqz_coh_loss_ch_eta0p95_pn0p5_Nt5_ns3,sqz_coh,loss_ch,0.95,0.5,5,3,110,25.377,4.99989,true,-25.3771,,,25.377,165
sqz_coh_loss_ch_eta0p96_pn0_Nt5_ns1,sqz_coh,loss_ch,0.96,0,5,1,50,46.2872,5.00002,true,-46.2872,,,47.007,113
sqz_coh_loss_ch_eta0p98_pn0_Nt5_ns1,sqz_coh,loss_ch,0.98,0,5,1,50,60.4006,5.00004,true,-60.4005,,,61.6019,113
sqz_coh_loss_ch_eta0p98_pn0p2_Nt5_ns1,sqz_coh,loss_ch,0.98,0.2,5,1,50,35.9434,5.00001,true,-35.9434,,,35.4265,113
sqz_coh_loss_ch_eta0p98_pn0p2_Nt5_ns2,sqz_coh,loss_ch,0.98,0.2,5,2,50,53.1013,5.00007,true,-53.1008,,,53.1013,75
sqz_coh_loss_ch_eta0p98_pn0p2_Nt5_ns3,sqz_coh,loss_ch,0.98,0.2,5,3,50,53.1025,5.00003,true,-53.1024,,,53.1024,75
sqz_coh_loss_ch_eta0p999_pn0_Nt1_ns1,sqz_coh,loss_ch,0.999,0,1,1,40,23.1901,1.00001,true,-23.1901,,,23.1902,60
sqz_coh_loss_ch_eta0p999_pn0_Nt1_ns2,sqz_coh,loss_ch,0.999,0,1,2,40,23.1902,1.00001,true,-23.1901,,,23.1903,60
sqz_coh_loss_ch_eta0p999_pn0_Nt1_ns3,sqz_coh,loss_ch,0.999,0,1,3,40,23.1902,1.00001,true,-23.1901,,,23.1903,60
sqz_coh_loss_ch_eta0p999_pn0_Nt1_ns4,sqz_coh,loss_ch,0.999,0,1,4,40,23.1901,1.00001,true,-23.1901,,,23.1902,60
sqz_coh_loss_ch_eta0p999_pn0_Nt1_ns5,sqz_coh,loss_ch,0.999,0,1,5,40,23.19,1.00001,true,-23.19,,,23.1902,60
sqz_coh_loss_ch_eta0p999_pn0_Nt5_ns1,sqz_coh,loss_ch,0.999,0,5,1,200,85.9725,5.00001,true,-85.9724,,,85.9725,300
sqz_coh_loss_ch_eta0p999_pn0_Nt5_ns2,sqz_coh,loss_ch,0.999,0,5,2,120,85.97,5.00001,true,-85.9588,,,85.9718,180
sqz_coh_loss_ch_eta0p999_pn0_Nt5_ns3,sqz_coh,loss_ch,0.999,0,5,3,120,85.9722,5.00001,true,-85.9722,,,85.9877,180
sqz_coh_loss_ch_eta0p999_pn0_Nt5_ns4,sqz_coh,loss_ch,0.999,0,5,4,120,85.9544,5.00001,true,-85.9577,,,85.964,180
sqz_coh_loss_ch_eta0p999_pn0_Nt5_ns5,sqz_coh,loss_ch,0.999,0,5,5,120,85.9596,5.00001,true,-85.9196,,,85.9907,180
sqz_coh_loss_ch_eta0p999_pn0_Nt25_ns3,sqz_coh,loss_ch,0.999,0,25,3,120,369.16,25.0001,true,-369.159,,,371.337,180
sqz_coh_loss_ch_eta0p999_pn0_Nt30_ns3,sqz_coh,loss_ch,0.999,0,30,3,120,431.967,30,true,-431.966,,,432.189,180
sqz_coh_loss_ch_eta0p999_pn0p05_Nt0p5_ns1,sqz_coh,loss_ch,0.999,0.05,0.5,1,100,14.7937,0.500008,true,-14.7936,,,14.7937,150
sqz_coh_loss_ch_eta0p999_pn0p05_Nt1_ns1,sqz_coh,loss_ch,0.999,0.05,1,1,100,22.9675,1.00001,true,-22.9674,,,22.9675,150
sqz_coh_loss_ch_eta0p999_pn0p05_Nt1_ns2,sqz_coh,loss_ch,0.999,0.05,1,2,40,22.9857,1.00001,true,-22.9857,,,22.9858,60
sqz_coh_loss_ch_eta0p999_pn0p05_Nt1_ns3,sqz_coh,loss_ch,0.999,0.05,1,3,40,22.988,1.00001,true,-22.9879,,,22.988,60
sqz_coh_loss_ch_eta0p999_pn0p05_Nt1_ns4,sqz_coh,loss_ch,0.999,0.05,1,4,40,22.9872,1.00001,true,-22.9872,,,22.9879,60
sqz_coh_loss_ch_eta0p999_pn0p05_Nt1_ns5,sqz_coh,loss_ch,0.999,0.05,1,5,40,22.9879,1.00001,true,-22.9878,,,22.9879,60
sqz_coh_loss_ch_eta0p999_pn0p05_Nt2_ns1,sqz_coh,loss_ch,0.999,0.05,2,1,100,38.5542,2.00001,true,-38.5542,,,38.5542,150
sqz_coh_loss_ch_eta0p999_pn0p05_Nt5_ns1,sqz_coh,loss_ch,0.999,0.05,5,1,120,82.5862,5.00001,true,-82.5727,,,82.5884,180
sqz_coh_loss_ch_eta0p999_pn0p05_Nt5_ns2,sqz_coh,loss_ch,0.999,0.05,5,2,120,84.2732,5.00001,true,-84.273,,,84.2732,180
sqz_coh_loss_ch_eta0p999_pn0p05_Nt5_ns3,sqz_coh,loss_ch,0.999,0.05,5,3,120,84.4206,5.00001,true,-84.4205,,,84.4206,180
sqz_coh_loss_ch_eta0p999_pn0p05_Nt5_ns4,sqz_coh,loss_ch,0.999,0.05,5,4,120,84.4165,5.00001,true,-84.4165,,,84.4166,180
sqz_coh_loss_ch_eta0p999_pn0p05_Nt5_ns5,sqz_coh,loss_ch,0.999,0.05,5,5,120,84.4547,5.00001,true,-84.4547,,,84.4547,180
sqz_coh_loss_ch_eta0p999_pn0p05_Nt10_ns1,sqz_coh,loss_ch,0.999,0.05,10,1,120,148.904,10,true,-148.904,,,149.518,180
sqz_coh_loss_ch_eta0p999_pn0p1_Nt0p5_ns1,sqz_coh,loss_ch,0.999,0.1,0.5,1,100,14.6868,0.500008,true,-14.6867,,,14.6868,150
sqz_coh_loss_ch_eta0p999_pn0p1_Nt1_ns1,sqz_coh,loss_ch,0.999,0.1,1,1,100,22.79,1.00001,true,-22.7899,,,22.79,150
sqz_coh_loss_ch_eta0p999_pn0p1_Nt1_ns2,sqz_coh,loss_ch,0.999,0.1,1,2,40,22.8097,1.00001,true,-22.8096,,,22.8097,60
sqz_coh_loss_ch_eta0p999_pn0p1_Nt1_ns3,sqz_coh,loss_ch,0.999,0.1,1,3,40,22.8115,1.00001,true,-22.8115,,,22.8115,60
sqz_coh_loss_ch_eta0p999_pn0p1_Nt1_ns4,sqz_coh,loss_ch,0.999,0.1,1,4,40,22.8114,1.00001,true,-22.8114,,,22.8114,60
sqz_coh_loss_ch_eta0p999_pn0p1_Nt1_ns5,sqz_coh,loss_ch,0.999,0.1,1,5,40,22.8102,1.00001,true,-22.8101,,,22.8102,60
sqz_coh_loss_ch_eta0p999_pn0p1_Nt2_ns1,sqz_coh,loss_ch,0.999,0.1,2,1,100,38.243,2.00001,true,-38.2429,,,38.243,150
sqz_coh_loss_ch_eta0p999_pn0p1_Nt5_ns1,sqz_coh,loss_ch,0.999,0.1,5,1,120,81.8977,5.00001,true,-81.8844,,,81.8999,180
sqz_coh_loss_ch_eta0p999_pn0p1_Nt5_ns2,sqz_coh,loss_ch,0.999,0.1,5,2,120,83.1657,4.99999,true,-83.1643,,,83.1657,180
sqz_coh_loss_ch_eta0p999_pn0p1_Nt5_ns3,sqz_coh,loss_ch,0.999,0.1,5,3,120,83.7376,5.00001,true,-83.7376,,,83.7376,180
sqz_coh_loss_ch_eta0p999_pn0p1_Nt5_ns4,sqz_coh,loss_ch,0.999,0.1,5,4,120,83.6341,5.00001,true,-83.6341,,,83.6341,180
sqz_coh_loss_ch_eta0p999_pn0p1_Nt5_ns5,sqz_coh,loss_ch,0.999,0.1,5,5,120,83.7401,5.00001,true,-83.7401,,,83.7401,180
sqz_coh_loss_ch_eta0p999_pn0p1_Nt10_ns1,sqz_coh,loss_ch,0.999,0.1,10,1,120,147.658,10,true,-147.657,,,148.259,180
sqz_coh_loss_ch_eta0p999_pn0p1_Nt15_ns1,sqz_coh,loss_ch,0.999,0.1,15,1,120,204.697,15.0001,true,-204.697,,,210.039,270
sqz_coh_loss_ch_eta0p999_pn0p1_Nt15_ns2,sqz_coh,loss_ch,0.999,0.1,15,2,120,228.239,15.0001,true,-228.239,,,228.239,180
sqz_coh_loss_ch_eta0p999_pn0p1_Nt20_ns1,sqz_coh,loss_ch,0.999,0.1,20,1,120,253.083,20,true,-253.083,,,271.256,405
sqz_coh_loss_ch_eta0p999_pn0p1_Nt25_ns1,sqz_coh,loss_ch,0.999,0.1,25,1,120,293.155,25,true,-293.155,,,334.808,405
sqz_coh_loss_ch_eta0p999_pn0p1_Nt30_ns1,sqz_coh,loss_ch,0.999,0.1,30,1,120,324.916,30,true,-324.916,,,406.109,405
sqz_coh_loss_ch_eta0p999_pn0p1_Nt35_ns1,sqz_coh,loss_ch,0.999,0.1,35,1,150,375.242,35,true,-375.241,,,434.512,500
sqz_coh_loss_ch_eta0p999_pn0p1_Nt70_ns1,sqz_coh,loss_ch,0.999,0.1,70,1,180,580.393,70.0001,true,-580.392,,,262.183,500
sqz_coh_loss_ch_eta0p999_pn0p1_Nt80_ns1,sqz_coh,loss_ch,0.999,0.1,80,1,180,736.71,80.0001,true,-736.71,,,782.093,500
sqz_coh_loss_ch_eta0p999_pn0p15_Nt1_ns1,sqz_coh,loss_ch,0.999,0.15,1,1,40,22.5173,1.00001,true,-22.5173,,,22.5174,60
sqz_coh_loss_ch_eta0p999_pn0p15_Nt1_ns2,sqz_coh,loss_ch,0.999,0.15,1,2,40,22.5372,1.00001,true,-22.5371,,,22.5372,60
sqz_coh_loss_ch_eta0p999_pn0p15_Nt1_ns3,sqz_coh,loss_ch,0.999,0.15,1,3,40,22.5348,1.00001,true,-22.5348,,,22.5356,60
sqz_coh_loss_ch_eta0p999_pn0p15_Nt1_ns4,sqz_coh,loss_ch,0.999,0.15,1,4,40,22.5369,1.00001,true,-22.5368,,,22.5368,60
sqz_coh_loss_ch_eta0p999_pn0p15_Nt1_ns5,sqz_coh,loss_ch,0.999,0.15,1,5,40,22.5388,1.00001,true,-22.5387,,,22.5389,60
sqz_coh_loss_ch_eta0p999_pn0p15_Nt5_ns1,sqz_coh,loss_ch,0.999,0.15,5,1,120,80.8845,5.00001,true,-80.8716,,,80.8867,180
sqz_coh_loss_ch_eta0p999_pn0p15_Nt5_ns2,sqz_coh,loss_ch,0.999,0.15,5,2,120,82.0867,5.00001,true,-82.0867,,,82.0867,180
sqz_coh_loss_ch_eta0p999_pn0p15_Nt5_ns3,sqz_coh,loss_ch,0.999,0.15,5,3,120,82.5963,5,true,-82.5963,,,82.5963,180
sqz_coh_loss_ch_eta0p999_pn0p15_Nt5_ns4,sqz_coh,loss_ch,0.999,0.15,5,4,120,82.643,5.00001,true,-82.6429,,,82.643,180
sqz_coh_loss_ch_eta0p999_pn0p15_Nt5_ns5,sqz_coh,loss_ch,0.999,0.15,5,5,120,82.6874,5,true,-82.6874,,,82.6874,180
sqz_coh_loss_ch_eta0p999_pn0p2_Nt0p5_ns1,sqz_coh,loss_ch,0.999,0.2,0.5,1,100,14.2928,0.500008,true,-14.2928,,,14.2928,150
sqz_coh_loss_ch_eta0p999_pn0p2_Nt1_ns1,sqz_coh,loss_ch,0.999,0.2,1,1,100,22.1495,1.00001,true,-22.1494,,,22.1495,150
sqz_coh_loss_ch_eta0p999_pn0p2_Nt1_ns2,sqz_coh,loss_ch,0.999,0.2,1,2,40,22.1533,1.00001,true,-22.1532,,,22.1533,60
sqz_coh_loss_ch_eta0p999_pn0p2_Nt1_ns3,sqz_coh,loss_ch,0.999,0.2,1,3,40,22.17,1.00001,true,-22.1699,,,22.17,60
sqz_coh_loss_ch_eta0p999_pn0p2_Nt1_ns4,sqz_coh,loss_ch,0.999,0.2,1,4,40,22.1704,1.00001,true,-22.1703,,,22.1704,60
sqz_coh_loss_ch_eta0p999_pn0p2_Nt1_ns5,sqz_coh,loss_ch,0.999,0.2,1,5,40,22.1708,1.00001,true,-22.1707,,,22.1709,60
sqz_coh_loss_ch_eta0p999_pn0p2_Nt2_ns1,sqz_coh,loss_ch,0.999,0.2,2,1,100,37.1449,2.00001,true,-37.1448,,,37.1449,150
sqz_coh_loss_ch_eta0p999_pn0p2_Nt5_ns1,sqz_coh,loss_ch,0.999,0.2,5,1,120,79.5229,5.00001,true,-79.5105,,,79.5249,180
sqz_coh_loss_ch_eta0p999_pn0p2_Nt5_ns2,sqz_coh,loss_ch,0.999,0.2,5,2,120,81.0979,5.00001,true,-81.0979,,,81.0979,180
sqz_coh_loss_ch_eta0p999_pn0p2_Nt5_ns3,sqz_coh,loss_ch,0.999,0.2,5,3,120,81.3166,5,true,-81.3166,,,81.3166,180
sqz_coh_loss_ch_eta0p999_pn0p2_Nt5_ns4,sqz_coh,loss_ch,0.999,0.2,5,4,120,81.3446,5,true,-81.3446,,,81.3446,180
sqz_coh_loss_ch_eta0p999_pn0p2_Nt5_ns5,sqz_coh,loss_ch,0.999,0.2,5,5,120,81.3593,5.00001,true,-81.3592,,,81.3593,180
sqz_coh_loss_ch_eta0p999_pn0p2_Nt15_ns1,sqz_coh,loss_ch,0.999,0.2,15,1,120,198.984,15.0001,true,-198.984,,,203.935,270
sqz_coh_loss_ch_eta0p999_pn0p2_Nt20_ns1,sqz_coh,loss_ch,0.999,0.2,20,1,120,246.452,20,true,-246.451,,,263.418,270
sqz_coh_loss_ch_eta0p999_pn0p2_Nt25_ns1,sqz_coh,loss_ch,0.999,0.2,25,1,120,286.073,25,true,-286.073,,,325.079,405
sqz_coh_loss_ch_eta0p999_pn0p2_Nt30_ns1,sqz_coh,loss_ch,0.999,0.2,30,1,120,317.983,30,true,-317.983,,,394.403,405
sqz_coh_loss_ch_eta0p999_pn0p2_Nt35_ns1,sqz_coh,loss_ch,0.999,0.2,35,1,150,366.818,35,true,-366.818,,,421.943,500
sqz_coh_loss_ch_eta0p999_pn0p25_Nt5_ns1,sqz_coh,loss_ch,0.999,0.25,5,1,100,77.8331,5.00001,true,-77.833,,,77.8466,150
sqz_coh_loss_ch_eta0p999_pn0p3_Nt5_ns1,sqz_coh,loss_ch,0.999,0.3,5,1,120,75.8912,5.00001,true,-75.8911,,,75.8929,180
sqz_coh_loss_ch_eta0p999_pn0p3_Nt5_ns2,sqz_coh,loss_ch,0.999,0.3,5,2,120,77.148,5.00001,true,-77.148,,,77.148,180
sqz_coh_loss_ch_eta0p999_pn0p3_Nt5_ns3,sqz_coh,loss_ch,0.999,0.3,5,3,120,77.6274,5.00001,true,-77.6273,,,77.6274,180
sqz_coh_loss_ch_eta0p99_pn0_Nt1_ns1,sqz_coh,loss_ch,0.99,0,1,1,40,22.1285,1.00001,true,-22.1284,,,22.1286,60
sqz_coh_loss_ch_eta0p99_pn0_Nt1_ns2,sqz_coh,loss_ch,0.99,0,1,2,40,22.1281,1.00001,true,-22.128,,,22.1282,60
sqz_coh_loss_ch_eta0p99_pn0_Nt1_ns3,sqz_coh,loss_ch,0.99,0,1,3,40,22.1285,1.00001,true,-22.1285,,,22.1287,60
sqz_coh_loss_ch_eta0p99_pn0_Nt1_ns4,sqz_coh,loss_ch,0.99,0,1,4,40,22.1284,1.00001,true,-22.1283,,,22.1286,60
sqz_coh_loss_ch_eta0p99_pn0_Nt1_ns5,sqz_coh,loss_ch,0.99,0,1,5,40,22.1283,1.00001,true,-22.1283,,,22.1284,60
sqz_coh_loss_ch_eta0p99_pn0_Nt5_ns1,sqz_coh,loss_ch,0.99,0,5,1,200,72.2442,5.00001,true,-72.2217,,,72.2442,300
sqz_coh_loss_ch_eta0p99_pn0_Nt5_ns2,sqz_coh,loss_ch,0.99,0,5,2,200,72.2434,5,true,-72.2227,,,72.2434,300
sqz_coh_loss_ch_eta0p99_pn0_Nt5_ns3,sqz_coh,loss_ch,0.99,0,5,3,200,72.2424,5.00001,true,-72.223,,,72.2424,300
sqz_coh_loss_ch_eta0p99_pn0_Nt5_ns4,sqz_coh,loss_ch,0.99,0,5,4,120,72.2283,5,true,-72.218,,,72.2407,180
sqz_coh_loss_ch_eta0p99_pn0_Nt5_ns5,sqz_coh,loss_ch,0.99,0,5,5,120,72.2605,5,true,-72.2337,,,72.264,180
sqz_coh_loss_ch_eta0p99_pn0_Nt15_ns1,sqz_coh,loss_ch,0.99,0,15,1,200,152.883,15,true,-152.883,,,153.323,300
sqz_coh_loss_ch_eta0p99_pn0_Nt15_ns2,sqz_coh,loss_ch,0.99,0,15,2,120,152.828,15,true,-152.828,,,154.147,180
sqz_coh_loss_ch_eta0p99_pn0_Nt20_ns1,sqz_coh,loss_ch,0.99,0,20,1,200,178.688,20,true,-178.688,,,180.87,450
sqz_coh_loss_ch_eta0p99_pn0_Nt25_ns1,sqz_coh,loss_ch,0.99,0,25,1,120,184.651,25,true,-184.651,,,213.022,500
sqz_coh_loss_ch_eta0p99_pn0_Nt30_ns1,sqz_coh,loss_ch,0.99,0,30,1,120,193.551,30,true,-193.551,,,237.485,500
sqz_coh_loss_ch_eta0p99_pn0_Nt35_ns1,sqz_coh,loss_ch,0.99,0,35,1,150,211.545,35,true,-211.545,,,248.221,500
sqz_coh_loss_ch_eta0p99_pn0_Nt40_ns1,sqz_coh,loss_ch,0.99,0,40,1,150,216.738,40,true,-216.738,,,265.201,500
sqz_coh_loss_ch_eta0p99_pn0_Nt45_ns1,sqz_coh,loss_ch,0.99,0,45,1,150,219.848,45,true,-219.848,,,278.568,500
sqz_coh_loss_ch_eta0p99_pn0_Nt70_ns1,sqz_coh,loss_ch,0.99,0,70,1,180,242.177,70,true,-242.177,,,289.678,500
sqz_coh_loss_ch_eta0p99_pn0_Nt80_ns1,sqz_coh,loss_ch,0.99,0,80,1,180,245.282,80,true,-245.282,,,292.312,500
sqz_coh_loss_ch_eta0p99_pn0p05_Nt0p5_ns1,sqz_coh,loss_ch,0.99,0.05,0.5,1,100,14.1897,0.500008,true,-14.1896,,,14.1897,150
sqz_coh_loss_ch_eta0p99_pn0p05_Nt1_ns1,sqz_coh,loss_ch,0.99,0.05,1,1,100,21.2613,1.00001,true,-21.2613,,,21.2613,150
sqz_coh_loss_ch_eta0p99_pn0p05_Nt1_ns2,sqz_coh,loss_ch,0.99,0.05,1,2,40,21.565,1.00001,true,-21.5649,,,21.565,60
sqz_coh_loss_ch_eta0p99_pn0p05_Nt1_ns3,sqz_coh,loss_ch,0.99,0.05,1,3,40,21.574,1.00001,true,-21.5739,,,21.574,60
sqz_coh_loss_ch_eta0p99_pn0p05_Nt1_ns4,sqz_coh,loss_ch,0.99,0.05,1,4,40,21.5755,1.00001,true,-21.5754,,,21.5755,60
sqz_coh_loss_ch_eta0p99_pn0p05_Nt1_ns5,sqz_coh,loss_ch,0.99,0.05,1,5,40,21.5764,1.00001,true,-21.5764,,,21.5764,60
sqz_coh_loss_ch_eta0p99_pn0p05_Nt2_ns1,sqz_coh,loss_ch,0.99,0.05,2,1,100,33.112,2.00001,true,-33.112,,,33.112,150
sqz_coh_loss_ch_eta0p99_pn0p05_Nt5_ns1,sqz_coh,loss_ch,0.99,0.05,5,1,120,56.9044,5,true,-56.9107,,,56.9033,180
sqz_coh_loss_ch_eta0p99_pn0p05_Nt5_ns2,sqz_coh,loss_ch,0.99,0.05,5,2,120,68.8715,5.00001,true,-68.8714,,,68.8715,180
sqz_coh_loss_ch_eta0p99_pn0p05_Nt5_ns3,sqz_coh,loss_ch,0.99,0.05,5,3,120,68.9019,5,true,-68.9019,,,68.9019,180
sqz_coh_loss_ch_eta0p99_pn0p05_Nt5_ns4,sqz_coh,loss_ch,0.99,0.05,5,4,120,68.9014,5,true,-68.9014,,,68.9014,180
sqz_coh_loss_ch_eta0p99_pn0p05_Nt5_ns5,sqz_coh,loss_ch,0.99,0.05,5,5,120,68.8877,5,true,-68.8877,,,68.8877,180
sqz_coh_loss_ch_eta0p99_pn0p05_Nt10_ns1,sqz_coh,loss_ch,0.99,0.05,10,1,200,75.6775,10,true,-75.6775,,,75.6749,300
sqz_coh_loss_ch_eta0p99_pn0p05_Nt10_ns2,sqz_coh,loss_ch,0.99,0.05,10,2,200,109.286,10,true,-109.286,,,109.286,300
sqz_coh_loss_ch_eta0p99_pn0p05_Nt10_ns3,sqz_coh,loss_ch,0.99,0.05,10,3,200,109.286,10,true,-109.286,,,109.285,300
sqz_coh_loss_ch_eta0p99_pn0p05_Nt10_ns4,sqz_coh,loss_ch,0.99,0.05,10,4,200,109.286,10,true,-109.286,,,109.286,300
sqz_coh_loss_ch_eta0p99_pn0p05_Nt10_ns5,sqz_coh,loss_ch,0.99,0.05,10,5,200,109.288,10,true,-109.288,,,109.287,300
sqz_coh_loss_ch_eta0p99_pn0p05_Nt20_ns1,sqz_coh,loss_ch,0.99,0.05,20,1,250,85.9557,20,true,-85.9557,,,85.8856,375
sqz_coh_loss_ch_eta0p99_pn0p05_Nt30_ns1,sqz_coh,loss_ch,0.99,0.05,30,1,300,86.4665,30,true,-86.4665,,,86.4142,450
sqz_coh_loss_ch_eta0p99_pn0p05_Nt50_ns1,sqz_coh,loss_ch,0.99,0.05,50,1,300,106.939,50,true,-106.939,,,100.57,500
sqz_coh_loss_ch_eta0p99_pn0p1_Nt0p5_ns1,sqz_coh,loss_ch,0.99,0.1,0.5,1,100,13.9194,0.500007,true,-13.9194,,,13.9194,150
sqz_coh_loss_ch_eta0p99_pn0p1_Nt1_ns1,sqz_coh,loss_ch,0.99,0.1,1,1,100,20.6388,1.00001,true,-20.6387,,,20.6388,150
sqz_coh_loss_ch_eta0p99_pn0p1_Nt1_ns2,sqz_coh,loss_ch,0.99,0.1,1,2,40,21.133,1.00001,true,-21.1329,,,21.133,60
sqz_coh_loss_ch_eta0p99_pn0p1_Nt1_ns3,sqz_coh,loss_ch,0.99,0.1,1,3,40,21.1474,1.00001,true,-21.1474,,,21.1474,60
sqz_coh_loss_ch_eta0p99_pn0p1_Nt1_ns4,sqz_coh,loss_ch,0.99,0.1,1,4,40,21.1529,1.00001,true,-21.1529,,,21.1529,60
sqz_coh_loss_ch_eta0p99_pn0p1_Nt1_ns5,sqz_coh,loss_ch,0.99,0.1,1,5,40,21.1533,1.00001,true,-21.1533,,,21.1533,60
sqz_coh_loss_ch_eta0p99_pn0p1_Nt2_ns1,sqz_coh,loss_ch,0.99,0.1,2,1,100,31.6752,2,true,-31.6752,,,31.6752,150
sqz_coh_loss_ch_eta0p99_pn0p1_Nt3_ns1,sqz_coh,loss_ch,0.99,0.1,3,1,100,40.4582,3,true,-40.4582,,,40.4582,150
sqz_coh_loss_ch_eta0p99_pn0p1_Nt5_ns1,sqz_coh,loss_ch,0.99,0.1,5,1,121,53.3481,5,true,-53.3553,,,53.3473,182
sqz_coh_loss_ch_eta0p99_pn0p1_Nt5_ns2,sqz_coh,loss_ch,0.99,0.1,5,2,120,67.4021,5,true,-67.4021,,,67.4021,180
sqz_coh_loss_ch_eta0p99_pn0p1_Nt5_ns3,sqz_coh,loss_ch,0.99,0.1,5,3,120,67.7363,5.00001,true,-67.7363,,,67.7363,180
sqz_coh_loss_ch_eta0p99_pn0p1_Nt5_ns4,sqz_coh,loss_ch,0.99,0.1,5,4,120,67.7108,5,true,-67.7108,,,67.7108,180
sqz_coh_loss_ch_eta0p99_pn0p1_Nt5_ns5,sqz_coh,loss_ch,0.99,0.1,5,5,120,67.7535,5.00001,true,-67.7535,,,67.7535,180
sqz_coh_loss_ch_eta0p99_pn0p1_Nt8_ns1,sqz_coh,loss_ch,0.99,0.1,8,1,180,65.2754,8,true,-65.2906,,,65.2744,270
sqz_coh_loss_ch_eta0p99_pn0p1_Nt10_ns1,sqz_coh,loss_ch,0.99,0.1,10,1,200,70.2178,10,true,-70.2178,,,70.2152,300
sqz_coh_loss_ch_eta0p99_pn0p1_Nt10_ns2,sqz_coh,loss_ch,0.99,0.1,10,2,200,107.868,10,true,-107.867,,,107.868,300
sqz_coh_loss_ch_eta0p99_pn0p1_Nt10_ns3,sqz_coh,loss_ch,0.99,0.1,10,3,200,107.868,10,true,-107.868,,,107.868,300
sqz_coh_loss_ch_eta0p99_pn0p1_Nt10_ns4,sqz_coh,loss_ch,0.99,0.1,10,4,200,107.869,10,true,-107.869,,,107.868,300
sqz_coh_loss_ch_eta0p99_pn0p1_Nt10_ns5,sqz_coh,loss_ch,0.99,0.1,10,5,200,107.868,10,true,-107.868,,,107.868,300
sqz_coh_loss_ch_eta0p99_pn0p1_Nt15_ns1,sqz_coh,loss_ch,0.99,0.1,15,1,220,76.9038,15,true,-76.9398,,,76.8793,330
sqz_coh_loss_ch_eta0p99_pn0p1_Nt20_ns1,sqz_coh,loss_ch,0.99,0.1,20,1,250,79.2961,20,true,-79.2961,,,79.2312,375
sqz_coh_loss_ch_eta0p99_pn0p1_Nt25_ns1,sqz_coh,loss_ch,0.99,0.1,25,1,263,79.7386,24.5575,true,-79.7386,,,79.5948,395
sqz_coh_loss_ch_eta0p99_pn0p1_Nt25_ns3,sqz_coh,loss_ch,0.99,0.1,25,3,120,152.556,25,true,-152.556,,,152.556,180
sqz_coh_loss_ch_eta0p99_pn0p1_Nt30_ns1,sqz_coh,loss_ch,0.99,0.1,30,1,300,79.6819,29.6543,true,-79.6819,,,79.6377,450
sqz_coh_loss_ch_eta0p99_pn0p1_Nt40_ns1,sqz_coh,loss_ch,0.99,0.1,40,1,400,79.6614,40,true,-79.6707,,,79.6588,500
sqz_coh_loss_ch_eta0p99_pn0p1_Nt50_ns1,sqz_coh,loss_ch,0.99,0.1,50,1,401,79.6676,50,true,-79.7207,,,79.6661,500
sqz_coh_loss_ch_eta0p99_pn0p15_Nt1_ns1,sqz_coh,loss_ch,0.99,0.15,1,1,40,20.2413,1.00001,true,-20.2413,,,20.2413,60
sqz_coh_loss_ch_eta0p99_pn0p15_Nt1_ns2,sqz_coh,loss_ch,0.99,0.15,1,2,40,20.7809,1.00001,true,-20.7809,,,20.7809,60
sqz_coh_loss_ch_eta0p99_pn0p15_Nt1_ns3,sqz_coh,loss_ch,0.99,0.15,1,3,40,20.8033,1.00001,true,-20.8033,,,20.8033,60
sqz_coh_loss_ch_eta0p99_pn0p15_Nt1_ns4,sqz_coh,loss_ch,0.99,0.15,1,4,40,20.8048,1.00001,true,-20.8048,,,20.8048,60
sqz_coh_loss_ch_eta0p99_pn0p15_Nt1_ns5,sqz_coh,loss_ch,0.99,0.15,1,5,40,20.8042,1.00001,true,-20.8041,,,20.8042,60
sqz_coh_loss_ch_eta0p99_pn0p15_Nt5_ns1,sqz_coh,loss_ch,0.99,0.15,5,1,120,51.9676,5,true,-51.9744,,,51.9664,180
sqz_coh_loss_ch_eta0p99_pn0p15_Nt5_ns2,sqz_coh,loss_ch,0.99,0.15,5,2,120,66.698,5,true,-66.698,,,66.698,180
sqz_coh_loss_ch_eta0p99_pn0p15_Nt5_ns3,sqz_coh,loss_ch,0.99,0.15,5,3,120,66.7105,5.00001,true,-66.7105,,,66.7105,180
sqz_coh_loss_ch_eta0p99_pn0p15_Nt5_ns4,sqz_coh,loss_ch,0.99,0.15,5,4,120,66.643,5,true,-66.643,,,66.643,180
sqz_coh_loss_ch_eta0p99_pn0p15_Nt5_ns5,sqz_coh,loss_ch,0.99,0.15,5,5,120,66.7144,5,true,-66.7144,,,66.7144,180
sqz_coh_loss_ch_eta0p99_pn0p15_Nt10_ns1,sqz_coh,loss_ch,0.99,0.15,10,1,200,68.3273,10,true,-68.3273,,,68.3248,300
sqz_coh_loss_ch_eta0p99_pn0p15_Nt10_ns2,sqz_coh,loss_ch,0.99,0.15,10,2,200,106.383,10,true,-106.383,,,106.378,300
sqz_coh_loss_ch_eta0p99_pn0p15_Nt10_ns3,sqz_coh,loss_ch,0.99,0.15,10,3,200,106.38,10,true,-106.38,,,106.38,300
sqz_coh_loss_ch_eta0p99_pn0p2_Nt0p5_ns1,sqz_coh,loss_ch,0.99,0.2,0.5,1,100,13.4585,0.500007,true,-13.4585,,,13.4585,150
sqz_coh_loss_ch_eta0p99_pn0p2_Nt1_ns1,sqz_coh,loss_ch,0.99,0.2,1,1,100,19.8502,1.00001,true,-19.8501,,,19.8502,150
sqz_coh_loss_ch_eta0p99_pn0p2_Nt1_ns2,sqz_coh,loss_ch,0.99,0.2,1,2,40,20.3371,1.00001,true,-20.337,,,20.3371,60
sqz_coh_loss_ch_eta0p99_pn0p2_Nt1_ns3,sqz_coh,loss_ch,0.99,0.2,1,3,40,20.4264,1.00001,true,-20.4264,,,20.4264,60
sqz_coh_loss_ch_eta0p99_pn0p2_Nt1_ns4,sqz_coh,loss_ch,0.99,0.2,1,4,40,20.4254,1.00001,true,-20.4253,,,20.4254,60
sqz_coh_loss_ch_eta0p99_pn0p2_Nt1_ns5,sqz_coh,loss_ch,0.99,0.2,1,5,40,20.4272,1.00001,true,-20.4272,,,20.4272,60
sqz_coh_loss_ch_eta0p99_pn0p2_Nt2_ns1,sqz_coh,loss_ch,0.99,0.2,2,1,100,30.3145,2,true,-30.3145,,,30.3145,150
sqz_coh_loss_ch_eta0p99_pn0p2_Nt5_ns1,sqz_coh,loss_ch,0.99,0.2,5,1,120,50.8321,5,true,-50.8388,,,50.8309,180
sqz_coh_loss_ch_eta0p99_pn0p2_Nt5_ns2,sqz_coh,loss_ch,0.99,0.2,5,2,120,65.5181,5,true,-65.5181,,,65.5181,180
sqz_coh_loss_ch_eta0p99_pn0p2_Nt5_ns3,sqz_coh,loss_ch,0.99,0.2,5,3,120,65.2292,5,true,-65.2292,,,65.2292,180
sqz_coh_loss_ch_eta0p99_pn0p2_Nt5_ns4,sqz_coh,loss_ch,0.99,0.2,5,4,120,65.53,5,true,-65.53,,,65.53,180
sqz_coh_loss_ch_eta0p99_pn0p2_Nt5_ns5,sqz_coh,loss_ch,0.99,0.2,5,5,120,65.4989,5,true,-65.4989,,,65.4989,180
sqz_coh_loss_ch_eta0p99_pn0p2_Nt10_ns1,sqz_coh,loss_ch,0.99,0.2,10,1,200,66.8154,10,true,-66.8154,,,66.8132,300
sqz_coh_loss_ch_eta0p99_pn0p2_Nt20_ns1,sqz_coh,loss_ch,0.99,0.2,20,1,250,75.4117,20,true,-75.4117,,,75.3538,375
sqz_coh_loss_ch_eta0p99_pn0p2_Nt30_ns1,sqz_coh,loss_ch,0.99,0.2,30,1,300,75.7535,24.7416,true,-75.7535,,,75.7165,450
sqz_coh_loss_ch_eta0p99_pn0p25_Nt5_ns1,sqz_coh,loss_ch,0.99,0.25,5,1,120,49.6398,5,true,-49.6466,,,49.6386,180
sqz_coh_loss_ch_eta0p99_pn0p25_Nt5_ns2,sqz_coh,loss_ch,0.99,0.25,5,2,120,64.141,5,true,-64.141,,,64.141,180
sqz_coh_loss_ch_eta0p99_pn0p25_Nt5_ns3,sqz_coh,loss_ch,0.99,0.25,5,3,120,64.1518,5,true,-64.1517,,,64.1517,180
sqz_coh_loss_ch_eta0p99_pn0p25_Nt5_ns4,sqz_coh,loss_ch,0.99,0.25,5,4,110,64.1523,5,true,-64.1523,,,64.1523,165
sqz_coh_loss_ch_eta0p99_pn0p25_Nt5_ns5,sqz_coh,loss_ch,0.99,0.25,5,5,110,64.1401,5.00001,true,-64.1401,,,64.1401,165
sqz_coh_loss_ch_eta0p99_pn0p3_Nt5_ns1,sqz_coh,loss_ch,0.99,0.3,5,1,100,48.3401,5,true,-48.3401,,,48.3323,150
sqz_coh_loss_ch_eta0p99_pn0p3_Nt5_ns2,sqz_coh,loss_ch,0.99,0.3,5,2,100,62.5769,5,true,-62.5769,,,62.5769,150
sqz_coh_loss_ch_eta0p99_pn0p3_Nt5_ns3,sqz_coh,loss_ch,0.99,0.3,5,3,120,62.342,5.00001,true,-62.342,,,62.342,180
sqz_coh_loss_ch_eta0p99_pn0p3_Nt5_ns4,sqz_coh,loss_ch,0.99,0.3,5,4,100,62.5695,5,true,-62.5695,,,62.5695,150
sqz_coh_loss_ch_eta0p99_pn0p3_Nt5_ns5,sqz_coh,loss_ch,0.99,0.3,5,5,100,62.5807,5,true,-62.5807,,,62.5807,150
sqz_coh_loss_ch_eta0p99_pn0p35_Nt5_ns1,sqz_coh,loss_ch,0.99,0.35,5,1,120,46.9152,5,true,-46.922,,,46.914,180
sqz_coh_loss_ch_eta0p99_pn0p35_Nt5_ns2,sqz_coh,loss_ch,0.99,0.35,5,2,120,60.4007,5.00001,true,-60.4006,,,60.4006,180
sqz_coh_loss_ch_eta0p99_pn0p35_Nt5_ns3,sqz_coh,loss_ch,0.99,0.35,5,3,120,60.6432,4.99999,true,-60.6432,,,60.6432,180
sqz_coh_loss_ch_eta0p99_pn0p35_Nt5_ns4,sqz_coh,loss_ch,0.99,0.35,5,4,120,60.8621,5,true,-60.8621,,,60.8621,180
sqz_coh_loss_ch_eta0p99_pn0p35_Nt5_ns5,sqz_coh,loss_ch,0.99,0.35,5,5,120,60.8463,5,true,-60.8463,,,60.8463,180
sqz_coh_loss_ch_eta0p99_pn0p4_Nt5_ns1,sqz_coh,loss_ch,0.99,0.4,5,1,120,45.4077,5,true,-45.4145,,,45.4066,180
sqz_coh_loss_ch_eta0p99_pn0p4_Nt5_ns2,sqz_coh,loss_ch,0.99,0.4,5,2,120,59.0114,5,true,-59.0114,,,59.0114,180
sqz_coh_loss_ch_eta0p99_pn0p4_Nt5_ns3,sqz_coh,loss_ch,0.99,0.4,5,3,120,58.7183,5,true,-58.7183,,,58.7183,180
sqz_coh_loss_ch_eta0p99_pn0p4_Nt5_ns4,sqz_coh,loss_ch,0.99,0.4,5,4,120,59.0122,5.00001,true,-59.0122,,,59.0122,180
sqz_coh_loss_ch_eta0p99_pn0p4_Nt5_ns5,sqz_coh,loss_ch,0.99,0.4,5,5,120,58.9511,5.00001,true,-58.951,,,58.9511,180
sqz_coh_loss_ch_eta0p99_pn0p45_Nt5_ns1,sqz_coh,loss_ch,0.99,0.45,5,1,120,43.8405,5,true,-43.8473,,,43.8394,180
sqz_coh_loss_ch_eta0p99_pn0p45_Nt5_ns2,sqz_coh,loss_ch,0.99,0.45,5,2,120,56.6272,5,true,-56.6272,,,56.6272,180
sqz_coh_loss_ch_eta0p99_pn0p45_Nt5_ns3,sqz_coh,loss_ch,0.99,0.45,5,3,120,57.0962,5,true,-57.0962,,,57.0962,180
sqz_coh_loss_ch_eta0p99_pn0p45_Nt5_ns4,sqz_coh,loss_ch,0.99,0.45,5,4,120,57.0935,5,true,-57.0935,,,57.0935,180
sqz_coh_loss_ch_eta0p99_pn0p5_Nt5_ns1,sqz_coh,loss_ch,0.99,0.5,5,1,100,42.2522,5,true,-42.2522,,,42.2443,150
sqz_coh_loss_ch_eta0p99_pn0p5_Nt5_ns2,sqz_coh,loss_ch,0.99,0.5,5,2,100,55.1347,5,true,-55.1346,,,55.1347,150
sqz_coh_loss_ch_eta0p99_pn0p5_Nt5_ns3,sqz_coh,loss_ch,0.99,0.5,5,3,100,55.1353,5,true,-55.1352,,,55.1353,150
sqz_coh_loss_ch_eta0p99_pn0p5_Nt5_ns4,sqz_coh,loss_ch,0.99,0.5,5,4,100,55.1372,5,true,-55.1372,,,55.1372,150
sqz_coh_loss_ch_eta0p99_pn0p5_Nt5_ns5,sqz_coh,loss_ch,0.99,0.5,5,5,100,55.136,5,true,-55.136,,,55.136,150
sqz_coh_loss_ch_eta0p99_pn0p5_Nt15_ns1,sqz_coh,loss_ch,0.99,0.5,15,1,120,63.0571,15,true,-63.0571,,,60.8975,270
sqz_coh_loss_ch_eta0p9_pn0_Nt0p5_ns1,sqz_coh,loss_ch,0.9,0,0.5,1,100,11.1262,0.500045,true,-11.126,,,11.1262,150
sqz_coh_loss_ch_eta0p9_pn0_Nt0p5_ns2,sqz_coh,loss_ch,0.9,0,0.5,2,100,11.1262,0.500045,true,-11.126,,,11.1262,150
sqz_coh_loss_ch_eta0p9_pn0_Nt0p5_ns3,sqz_coh,loss_ch,0.9,0,0.5,3,100,11.1262,0.500045,true,-11.126,,,11.1262,150
sqz_coh_loss_ch_eta0p9_pn0_Nt0p5_ns4,sqz_coh,loss_ch,0.9,0,0.5,4,100,11.1262,0.500045,true,-11.126,,,11.1262,150
sqz_coh_loss_ch_eta0p9_pn0_Nt0p5_ns5,sqz_coh,loss_ch,0.9,0,0.5,5,180,11.1258,0.500005,true,-11.1258,,,11.1258,270
sqz_coh_loss_ch_eta0p9_pn0_Nt1_ns1,sqz_coh,loss_ch,0.9,0,1,1,180,14.919,1,true,-14.919,,,14.919,270
sqz_coh_loss_ch_eta0p9_pn0_Nt1_ns2,sqz_coh,loss_ch,0.9,0,1,2,180,14.9189,1,true,-14.9189,,,14.9189,270
sqz_coh_loss_ch_eta0p9_pn0_Nt1_ns3,sqz_coh,loss_ch,0.9,0,1,3,180,14.9188,1,true,-14.9188,,,14.9188,270
sqz_coh_loss_ch_eta0p9_pn0_Nt1_ns4,sqz_coh,loss_ch,0.9,0,1,4,180,14.9187,1,true,-14.9187,,,14.9187,270
sqz_coh_loss_ch_eta0p9_pn0_Nt1_ns5,sqz_coh,loss_ch,0.9,0,1,5,180,14.9188,1,true,-14.9188,,,14.9188,270
sqz_coh_loss_ch_eta0p9_pn0_Nt2_ns1,sqz_coh,loss_ch,0.9,0,2,1,180,19.8808,2,true,-19.8808,,,19.8808,270
sqz_coh_loss_ch_eta0p9_pn0_Nt2_ns2,sqz_coh,loss_ch,0.9,0,2,2,180,19.8808,2,true,-19.8808,,,19.8808,270
sqz_coh_loss_ch_eta0p9_pn0_Nt2_ns3,sqz_coh,loss_ch,0.9,0,2,3,180,23.2713,2,true,-23.2713,,,19.6865,405
sqz_coh_loss_ch_eta0p9_pn0_Nt2_ns4,sqz_coh,loss_ch,0.9,0,2,4,180,145.942,1.97254,true,-145.942,,,19.4378,405
sqz_coh_loss_ch_eta0p9_pn0_Nt2_ns5,sqz_coh,loss_ch,0.9,0,2,5,180,84.3386,1.99468,true,-84.3386,,,19.7221,405
sqz_coh_loss_ch_eta0p9_pn0_Nt5_ns1,sqz_coh,loss_ch,0.9,0,5,1,120,26.9835,5.00001,true,-26.7205,,,26.9841,180
sqz_coh_loss_ch_eta0p9_pn0_Nt5_ns2,sqz_coh,loss_ch,0.9,0,5,2,120,27.1964,5.00001,true,-26.7694,,,27.1663,180
sqz_coh_loss_ch_eta0p9_pn0_Nt5_ns3,sqz_coh,loss_ch,0.9,0,5,3,120,27.0262,5.00001,true,-26.7404,,,26.9872,180
sqz_coh_loss_ch_eta0p9_pn0_Nt5_ns4,sqz_coh,loss_ch,0.9,0,5,4,120,27.2594,5.00001,true,-26.8431,,,27.2616,180
sqz_coh_loss_ch_eta0p9_pn0_Nt5_ns5,sqz_coh,loss_ch,0.9,0,5,5,120,26.9413,5.00001,true,-26.8175,,,26.9418,180
sqz_coh_loss_ch_eta0p9_pn0_Nt10_ns1,sqz_coh,loss_ch,0.9,0,10,1,200,31.266,10,true,-31.1914,,,31.2399,300
sqz_coh_loss_ch_eta0p9_pn0_Nt15_ns1,sqz_coh,loss_ch,0.9,0,15,1,300,246.567,9.71671,true,-246.567,,,28.5852,450
sqz_coh_loss_ch_eta0p9_pn0_Nt20_ns1,sqz_coh,loss_ch,0.9,0,20,1,300,324.248,12.6362,true,-324.248,,,27.9604,450
sqz_coh_loss_ch_eta0p9_pn0_Nt30_ns1,sqz_coh,loss_ch,0.9,0,30,1,200,32.6094,16.7216,true,-32.6078,,,32.557,300
sqz_coh_loss_ch_eta0p9_pn0_Nt30_ns2,sqz_coh,loss_ch,0.9,0,30,2,200,34.8466,30,true,-34.8466,,,34.9816,300
sqz_coh_loss_ch_eta0p9_pn0_Nt35_ns1,sqz_coh,loss_ch,0.9,0,35,1,200,32.6094,16.7208,true,-32.6078,,,32.5592,300
sqz_coh_loss_ch_eta0p9_pn0_Nt35_ns2,sqz_coh,loss_ch,0.9,0,35,2,200,34.9347,34.5194,true,-34.9346,,,35.1003,300
sqz_coh_loss_ch_eta0p9_pn0_Nt40_ns1,sqz_coh,loss_ch,0.9,0,40,1,200,32.6094,16.7231,true,-32.6078,,,32.5564,300
sqz_coh_loss_ch_eta0p9_pn0_Nt40_ns2,sqz_coh,loss_ch,0.9,0,40,2,200,34.9384,35.4864,true,-34.9383,,,35.1159,300
sqz_coh_loss_ch_eta0p9_pn0_Nt50_ns1,sqz_coh,loss_ch,0.9,0,50,1,200,32.6094,16.7222,true,-32.6078,,,32.5556,300
sqz_coh_loss_ch_eta0p9_pn0_Nt50_ns2,sqz_coh,loss_ch,0.9,0,50,2,200,34.9384,35.4865,true,-34.9383,,,35.1159,300
sqz_coh_loss_ch_eta0p9_pn0p05_Nt0p5_ns1,sqz_coh,loss_ch,0.9,0.05,0.5,1,61,10.8919,0.500004,true,-10.8919,,,10.8919,92
sqz_coh_loss_ch_eta0p9_pn0p05_Nt1_ns1,sqz_coh,loss_ch,0.9,0.05,1,1,71,14.2673,1,true,-14.2673,,,14.2673,107
sqz_coh_loss_ch_eta0p9_pn0p05_Nt1_ns2,sqz_coh,loss_ch,0.9,0.05,1,2,40,14.3735,1,true,-14.3735,,,14.3735,60
sqz_coh_loss_ch_eta0p9_pn0p05_Nt1_ns3,sqz_coh,loss_ch,0.9,0.05,1,3,40,14.3762,1,true,-14.3762,,,14.3762,60
sqz_coh_loss_ch_eta0p9_pn0p05_Nt1_ns4,sqz_coh,loss_ch,0.9,0.05,1,4,40,14.3752,1,true,-14.3752,,,14.3752,60
sqz_coh_loss_ch_eta0p9_pn0p05_Nt1_ns5,sqz_coh,loss_ch,0.9,0.05,1,5,40,14.3762,1,true,-14.3762,,,14.3762,60
sqz_coh_loss_ch_eta0p9_pn0p05_Nt2_ns1,sqz_coh,loss_ch,0.9,0.05,2,1,87,18.0832,2,true,-18.0832,,,18.0832,131
sqz_coh_loss_ch_eta0p9_pn0p05_Nt3_ns1,sqz_coh,loss_ch,0.9,0.05,3,1,99,19.9795,3,true,-19.9795,,,19.9795,149
sqz_coh_loss_ch_eta0p9_pn0p05_Nt5_ns1,sqz_coh,loss_ch,0.9,0.05,5,1,120,21.4123,5,true,-21.4047,,,21.4123,180
sqz_coh_loss_ch_eta0p9_pn0p05_Nt5_ns2,sqz_coh,loss_ch,0.9,0.05,5,2,50,21.4807,5,true,-21.4807,,,21.4793,75
sqz_coh_loss_ch_eta0p9_pn0p05_Nt5_ns3,sqz_coh,loss_ch,0.9,0.05,5,3,50,21.8176,4.99984,true,-21.8176,,,21.82,75
sqz_coh_loss_ch_eta0p9_pn0p05_Nt5_ns4,sqz_coh,loss_ch,0.9,0.05,5,4,120,21.8893,4.99999,true,-21.8893,,,21.8893,405
sqz_coh_loss_ch_eta0p9_pn0p05_Nt5_ns5,sqz_coh,loss_ch,0.9,0.05,5,5,120,22.0171,5,true,-22.0171,,,22.0171,180
sqz_coh_loss_ch_eta0p9_pn0p05_Nt8_ns1,sqz_coh,loss_ch,0.9,0.05,8,1,147,21.6415,8,true,-21.6415,,,21.6575,221
sqz_coh_loss_ch_eta0p9_pn0p05_Nt10_ns1,sqz_coh,loss_ch,0.9,0.05,10,1,250,22.2453,6.66357,true,-22.2453,,,21.6388,500
sqz_coh_loss_ch_eta0p9_pn0p05_Nt10_ns2,sqz_coh,loss_ch,0.9,0.05,10,2,250,172.37,9.35789,true,-172.37,,,21.4959,500
sqz_coh_loss_ch_eta0p9_pn0p05_Nt10_ns3,sqz_coh,loss_ch,0.9,0.05,10,3,250,630.561,9.58885,true,-630.561,,,22.5514,500
sqz_coh_loss_ch_eta0p9_pn0p05_Nt10_ns4,sqz_coh,loss_ch,0.9,0.05,10,4,250,413.551,9.99969,true,-413.551,,,22.3952,500
sqz_coh_loss_ch_eta0p9_pn0p05_Nt10_ns5,sqz_coh,loss_ch,0.9,0.05,10,5,200,3152.84,9.21174,true,-3152.84,,,21.1008,450
sqz_coh_loss_ch_eta0p9_pn0p05_Nt15_ns1,sqz_coh,loss_ch,0.9,0.05,15,1,200,21.6557,15,true,-21.6557,,,21.6557,300
sqz_coh_loss_ch_eta0p9_pn0p05_Nt20_ns1,sqz_coh,loss_ch,0.9,0.05,20,1,233,500.054,18.0002,true,-500.054,,,21.6201,500
sqz_coh_loss_ch_eta0p9_pn0p05_Nt25_ns1,sqz_coh,loss_ch,0.9,0.05,25,1,263,23.9671,21.0175,true,-23.9671,,,21.642,500
sqz_coh_loss_ch_eta0p9_pn0p05_Nt30_ns1,sqz_coh,loss_ch,0.9,0.05,30,1,293,26.884,9.54729,true,-26.884,,,21.575,500
sqz_coh_loss_ch_eta0p9_pn0p05_Nt40_ns1,sqz_coh,loss_ch,0.9,0.05,40,1,348,187.041,23.6058,true,-187.041,,,21.9141,500
sqz_coh_loss_ch_eta0p9_pn0p1_Nt0p5_ns1,sqz_coh,loss_ch,0.9,0.1,0.5,1,100,10.3603,0.500035,true,-10.3602,,,10.3603,150
sqz_coh_loss_ch_eta0p9_pn0p1_Nt0p5_ns2,sqz_coh,loss_ch,0.9,0.1,0.5,2,100,10.5439,0.500038,true,-10.5437,,,10.5439,150
sqz_coh_loss_ch_eta0p9_pn0p1_Nt0p5_ns3,sqz_coh,loss_ch,0.9,0.1,0.5,3,100,10.544,0.500041,true,-10.5439,,,10.544,150
sqz_coh_loss_ch_eta0p9_pn0p1_Nt0p5_ns4,sqz_coh,loss_ch,0.9,0.1,0.5,4,100,10.546,0.500004,true,-10.546,,,10.546,150
sqz_coh_loss_ch_eta0p9_pn0p1_Nt0p5_ns5,sqz_coh,loss_ch,0.9,0.1,0.5,5,100,10.5461,0.500004,true,-10.5461,,,10.5461,150
sqz_coh_loss_ch_eta0p9_pn0p1_Nt1_ns1,sqz_coh,loss_ch,0.9,0.1,1,1,100,12.977,1.00002,true,-12.977,,,12.977,150
sqz_coh_loss_ch_eta0p9_pn0p1_Nt1_ns2,sqz_coh,loss_ch,0.9,0.1,1,2,50,13.5806,1.00002,true,-13.5806,,,13.5806,75
sqz_coh_loss_ch_eta0p9_pn0p1_Nt1_ns3,sqz_coh,loss_ch,0.9,0.1,1,3,50,13.4754,1.00003,true,-13.4753,,,13.4579,75
sqz_coh_loss_ch_eta0p9_pn0p1_Nt1_ns4,sqz_coh,loss_ch,0.9,0.1,1,4,100,13.5856,1,true,-13.5856,,,13.5856,150
sqz_coh_loss_ch_eta0p9_pn0p1_Nt1_ns5,sqz_coh,loss_ch,0.9,0.1,1,5,100,13.5861,1,true,-13.5861,,,13.5861,150
sqz_coh_loss_ch_eta0p9_pn0p1_Nt2_ns1,sqz_coh,loss_ch,0.9,0.1,2,1,100,15.2632,2.00001,true,-15.2633,,,15.2632,150
sqz_coh_loss_ch_eta0p9_pn0p1_Nt2_ns2,sqz_coh,loss_ch,0.9,0.1,2,2,100,16.5164,2.00001,true,-16.5164,,,16.5164,150
sqz_coh_loss_ch_eta0p9_pn0p1_Nt2_ns3,sqz_coh,loss_ch,0.9,0.1,2,3,100,16.479,2.00001,true,-16.479,,,16.479,150
sqz_coh_loss_ch_eta0p9_pn0p1_Nt2_ns4,sqz_coh,loss_ch,0.9,0.1,2,4,100,16.5191,2,true,-16.5191,,,16.5191,150
sqz_coh_loss_ch_eta0p9_pn0p1_Nt2_ns5,sqz_coh,loss_ch,0.9,0.1,2,5,100,16.5187,2,true,-16.5187,,,16.5187,150
sqz_coh_loss_ch_eta0p9_pn0p1_Nt3_ns1,sqz_coh,loss_ch,0.9,0.1,3,1,100,15.9542,3,true,-15.9559,,,15.9542,150
sqz_coh_loss_ch_eta0p9_pn0p1_Nt3_ns2,sqz_coh,loss_ch,0.9,0.1,3,2,50,17.5603,2.99999,true,-17.5603,,,17.5603,75
sqz_coh_loss_ch_eta0p9_pn0p1_Nt3_ns3,sqz_coh,loss_ch,0.9,0.1,3,3,50,17.5414,3.00001,true,-17.5414,,,17.5414,75
sqz_coh_loss_ch_eta0p9_pn0p1_Nt3_ns4,sqz_coh,loss_ch,0.9,0.1,3,4,100,17.6092,3,true,-17.6092,,,17.6092,150
sqz_coh_loss_ch_eta0p9_pn0p1_Nt3_ns5,sqz_coh,loss_ch,0.9,0.1,3,5,100,17.678,2.99999,true,-17.678,,,17.678,150
sqz_coh_loss_ch_eta0p9_pn0p1_Nt4_ns1,sqz_coh,loss_ch,0.9,0.1,4,1,50,16.0639,4,true,-16.0639,,,16.0549,75
sqz_coh_loss_ch_eta0p9_pn0p1_Nt4_ns2,sqz_coh,loss_ch,0.9,0.1,4,2,50,18.3128,4,true,-18.3128,,,18.3128,75
sqz_coh_loss_ch_eta0p9_pn0p1_Nt4_ns3,sqz_coh,loss_ch,0.9,0.1,4,3,50,18.3744,4.00002,true,-18.3744,,,18.3744,75
sqz_coh_loss_ch_eta0p9_pn0p1_Nt5_ns1,sqz_coh,loss_ch,0.9,0.1,5,1,121,16.0697,5,true,-16.0777,,,16.0697,182
sqz_coh_loss_ch_eta0p9_pn0p1_Nt5_ns2,sqz_coh,loss_ch,0.9,0.1,5,2,100,18.9252,5,true,-18.9252,,,18.9252,150
sqz_coh_loss_ch_eta0p9_pn0p1_Nt5_ns3,sqz_coh,loss_ch,0.9,0.1,5,3,120,19.0804,4.99998,true,-19.0804,,,19.0804,180
sqz_coh_loss_ch_eta0p9_pn0p1_Nt5_ns4,sqz_coh,loss_ch,0.9,0.1,5,4,120,19.2707,5,true,-19.2707,,,19.2707,180
sqz_coh_loss_ch_eta0p9_pn0p1_Nt5_ns5,sqz_coh,loss_ch,0.9,0.1,5,5,120,19.2942,5,true,-19.2942,,,19.2942,180
sqz_coh_loss_ch_eta0p9_pn0p1_Nt6_ns1,sqz_coh,loss_ch,0.9,0.1,6,1,100,16.0834,6,true,-16.0834,,,16.0834,150
sqz_coh_loss_ch_eta0p9_pn0p1_Nt7_ns1,sqz_coh,loss_ch,0.9,0.1,7,1,100,16.0971,7,true,-16.0971,,,16.0971,150
sqz_coh_loss_ch_eta0p9_pn0p1_Nt8_ns1,sqz_coh,loss_ch,0.9,0.1,8,1,180,16.1107,8,true,-16.1107,,,16.1107,270
sqz_coh_loss_ch_eta0p9_pn0p1_Nt10_ns1,sqz_coh,loss_ch,0.9,0.1,10,1,200,16.1376,10,true,-16.1376,,,16.1376,300
sqz_coh_loss_ch_eta0p9_pn0p1_Nt10_ns2,sqz_coh,loss_ch,0.9,0.1,10,2,200,20.767,10,true,-20.767,,,20.767,300
sqz_coh_loss_ch_eta0p9_pn0p1_Nt10_ns3,sqz_coh,loss_ch,0.9,0.1,10,3,100,21.4645,10,true,-21.4645,,,21.4644,150
sqz_coh_loss_ch_eta0p9_pn0p1_Nt10_ns4,sqz_coh,loss_ch,0.9,0.1,10,4,100,21.4974,10,true,-21.4974,,,21.4974,150
sqz_coh_loss_ch_eta0p9_pn0p1_Nt10_ns5,sqz_coh,loss_ch,0.9,0.1,10,5,100,21.5523,10,true,-21.5523,,,21.5523,150
sqz_coh_loss_ch_eta0p9_pn0p1_Nt15_ns1,sqz_coh,loss_ch,0.9,0.1,15,1,220,990.088,10.0534,true,-990.088,,,15.5243,495
sqz_coh_loss_ch_eta0p9_pn0p1_Nt20_ns1,sqz_coh,loss_ch,0.9,0.1,20,1,250,16.2671,20,true,-16.2671,,,16.2671,375
sqz_coh_loss_ch_eta0p9_pn0p1_Nt20_ns2,sqz_coh,loss_ch,0.9,0.1,20,2,250,22.3182,20,true,-22.3182,,,22.3182,375
sqz_coh_loss_ch_eta0p9_pn0p1_Nt20_ns3,sqz_coh,loss_ch,0.9,0.1,20,3,250,194.089,19.7077,true,-194.089,,,18.8479,500
sqz_coh_loss_ch_eta0p9_pn0p1_Nt20_ns4,sqz_coh,loss_ch,0.9,0.1,20,4,250,28.1704,19.0344,true,-28.1703,,,23.0516,500
sqz_coh_loss_ch_eta0p9_pn0p1_Nt25_ns1,sqz_coh,loss_ch,0.9,0.1,25,1,263,16.3292,25,true,-16.3292,,,16.3292,395
sqz_coh_loss_ch_eta0p9_pn0p1_Nt30_ns1,sqz_coh,loss_ch,0.9,0.1,30,1,300,16.3897,30,true,-16.3897,,,16.3897,450
sqz_coh_loss_ch_eta0p9_pn0p1_Nt40_ns1,sqz_coh,loss_ch,0.9,0.1,40,1,400,16.5067,40,true,-16.5067,,,16.5067,500
sqz_coh_loss_ch_eta0p9_pn0p1_Nt50_ns1,sqz_coh,loss_ch,0.9,0.1,50,1,401,16.6188,50,true,-16.6188,,,16.6188,500
sqz_coh_loss_ch_eta0p9_pn0p15_Nt1_ns1,sqz_coh,loss_ch,0.9,0.15,1,1,40,11.7843,1,true,-11.7843,,,11.7843,60
sqz_coh_loss_ch_eta0p9_pn0p15_Nt1_ns2,sqz_coh,loss_ch,0.9,0.15,1,2,40,12.7943,1,true,-12.7943,,,12.7943,60
sqz_coh_loss_ch_eta0p9_pn0p15_Nt1_ns3,sqz_coh,loss_ch,0.9,0.15,1,3,40,12.9714,1,true,-12.9714,,,12.9714,60
sqz_coh_loss_ch_eta0p9_pn0p15_Nt1_ns4,sqz_coh,loss_ch,0.9,0.15,1,4,40,12.9797,1,true,-12.9797,,,12.9797,60
sqz_coh_loss_ch_eta0p9_pn0p15_Nt1_ns5,sqz_coh,loss_ch,0.9,0.15,1,5,40,12.9804,1,true,-12.9804,,,12.9804,60
sqz_coh_loss_ch_eta0p9_pn0p15_Nt5_ns1,sqz_coh,loss_ch,0.9,0.15,5,1,50,13.3868,5,true,-13.3868,,,13.386,75
sqz_coh_loss_ch_eta0p9_pn0p15_Nt5_ns2,sqz_coh,loss_ch,0.9,0.15,5,2,50,17.8797,5.00001,true,-17.8797,,,17.8797,75
sqz_coh_loss_ch_eta0p9_pn0p15_Nt5_ns3,sqz_coh,loss_ch,0.9,0.15,5,3,50,18.1396,4.99911,true,-18.1396,,,18.1395,75
sqz_coh_loss_ch_eta0p9_pn0p15_Nt5_ns4,sqz_coh,loss_ch,0.9,0.15,5,4,120,18.513,5,true,-18.513,,,18.513,180
sqz_coh_loss_ch_eta0p9_pn0p15_Nt5_ns5,sqz_coh,loss_ch,0.9,0.15,5,5,120,18.5626,5,true,-18.5626,,,18.5626,180
sqz_coh_loss_ch_eta0p9_pn0p15_Nt10_ns1,sqz_coh,loss_ch,0.9,0.15,10,1,200,15.3495,8.06506,true,-15.3495,,,12.6351,450
sqz_coh_loss_ch_eta0p9_pn0p15_Nt10_ns2,sqz_coh,loss_ch,0.9,0.15,10,2,200,19.7059,10,true,-19.7059,,,19.7059,300
sqz_coh_loss_ch_eta0p9_pn0p2_Nt0p5_ns1,sqz_coh,loss_ch,0.9,0.2,0.5,1,100,9.27053,0.500024,true,-9.27047,,,9.27052,150
sqz_coh_loss_ch_eta0p9_pn0p2_Nt0p5_ns2,sqz_coh,loss_ch,0.9,0.2,0.5,2,100,9.85341,0.500032,true,-9.85331,,,9.85341,150
sqz_coh_loss_ch_eta0p9_pn0p2_Nt0p5_ns3,sqz_coh,loss_ch,0.9,0.2,0.5,3,100,9.84103,0.500039,true,-9.84088,,,9.84104,150
sqz_coh_loss_ch_eta0p9_pn0p2_Nt0p5_ns4,sqz_coh,loss_ch,0.9,0.2,0.5,4,100,9.85229,0.500003,true,-9.85228,,,9.85229,150
sqz_coh_loss_ch_eta0p9_pn0p2_Nt0p5_ns5,sqz_coh,loss_ch,0.9,0.2,0.5,5,100,9.85341,0.500003,true,-9.85339,,,9.85341,150
sqz_coh_loss_ch_eta0p9_pn0p2_Nt1_ns1,sqz_coh,loss_ch,0.9,0.2,1,1,100,10.8544,1.00001,true,-10.8544,,,10.8544,150
sqz_coh_loss_ch_eta0p9_pn0p2_Nt1_ns2,sqz_coh,loss_ch,0.9,0.2,1,2,100,12.4928,1.00003,true,-12.4927,,,12.4928,150
sqz_coh_loss_ch_eta0p9_pn0p2_Nt1_ns3,sqz_coh,loss_ch,0.9,0.2,1,3,100,12.4685,1.00003,true,-12.4684,,,12.4685,150
sqz_coh_loss_ch_eta0p9_pn0p2_Nt1_ns4,sqz_coh,loss_ch,0.9,0.2,1,4,100,12.504,1,true,-12.504,,,12.504,150
sqz_coh_loss_ch_eta0p9_pn0p2_Nt1_ns5,sqz_coh,loss_ch,0.9,0.2,1,5,100,12.5037,1,true,-12.5037,,,12.5037,150
sqz_coh_loss_ch_eta0p9_pn0p2_Nt2_ns1,sqz_coh,loss_ch,0.9,0.2,2,1,100,11.6993,2,true,-11.6994,,,11.6993,150
sqz_coh_loss_ch_eta0p9_pn0p2_Nt2_ns2,sqz_coh,loss_ch,0.9,0.2,2,2,100,14.9367,2,true,-14.9368,,,14.9367,150
sqz_coh_loss_ch_eta0p9_pn0p2_Nt2_ns3,sqz_coh,loss_ch,0.9,0.2,2,3,100,14.9542,1.99992,true,-14.9542,,,14.9542,150
sqz_coh_loss_ch_eta0p9_pn0p2_Nt2_ns4,sqz_coh,loss_ch,0.9,0.2,2,4,100,15.0115,2,true,-15.0115,,,15.0115,150
sqz_coh_loss_ch_eta0p9_pn0p2_Nt2_ns5,sqz_coh,loss_ch,0.9,0.2,2,5,100,15.0104,2,true,-15.0104,,,15.0105,150
sqz_coh_loss_ch_eta0p9_pn0p2_Nt3_ns1,sqz_coh,loss_ch,0.9,0.2,3,1,50,11.7707,3,true,-11.7707,,,11.7705,75
sqz_coh_loss_ch_eta0p9_pn0p2_Nt3_ns2,sqz_coh,loss_ch,0.9,0.2,3,2,50,15.9386,3,true,-15.9386,,,15.9386,75
sqz_coh_loss_ch_eta0p9_pn0p2_Nt3_ns3,sqz_coh,loss_ch,0.9,0.2,3,3,50,15.932,2.99999,true,-15.932,,,15.932,75
sqz_coh_loss_ch_eta0p9_pn0p2_Nt4_ns1,sqz_coh,loss_ch,0.9,0.2,4,1,50,11.8291,4,true,-11.8291,,,11.8289,75
sqz_coh_loss_ch_eta0p9_pn0p2_Nt4_ns2,sqz_coh,loss_ch,0.9,0.2,4,2,50,13.7567,4,true,-13.7567,,,9.92149,500
sqz_coh_loss_ch_eta0p9_pn0p2_Nt4_ns3,sqz_coh,loss_ch,0.9,0.2,4,3,50,17.1547,3.99999,true,-17.1547,,,17.1547,75
sqz_coh_loss_ch_eta0p9_pn0p2_Nt5_ns1,sqz_coh,loss_ch,0.9,0.2,5,1,120,11.8829,5,true,-11.883,,,11.8829,180
sqz_coh_loss_ch_eta0p9_pn0p2_Nt5_ns2,sqz_coh,loss_ch,0.9,0.2,5,2,120,17.3174,5,true,-17.3174,,,17.3174,180
sqz_coh_loss_ch_eta0p9_pn0p2_Nt5_ns3,sqz_coh,loss_ch,0.9,0.2,5,3,120,17.4969,4.99999,true,-17.4969,,,17.4969,180
sqz_coh_loss_ch_eta0p9_pn0p2_Nt5_ns4,sqz_coh,loss_ch,0.9,0.2,5,4,120,18.1308,5,true,-18.1308,,,18.1308,180
sqz_coh_loss_ch_eta0p9_pn0p2_Nt5_ns5,sqz_coh,loss_ch,0.9,0.2,5,5,120,18.1489,5,true,-18.1489,,,18.1489,180
sqz_coh_loss_ch_eta0p9_pn0p2_Nt8_ns1,sqz_coh,loss_ch,0.9,0.2,8,1,100,12.0281,8,true,-12.0281,,,12.0282,150
sqz_coh_loss_ch_eta0p9_pn0p2_Nt9_ns1,sqz_coh,loss_ch,0.9,0.2,9,1,100,12.0728,9,true,-12.0728,,,12.0728,150
sqz_coh_loss_ch_eta0p9_pn0p2_Nt10_ns1,sqz_coh,loss_ch,0.9,0.2,10,1,200,12.1162,10,true,-12.1162,,,12.1162,300
sqz_coh_loss_ch_eta0p9_pn0p2_Nt10_ns2,sqz_coh,loss_ch,0.9,0.2,10,2,100,19.0478,9.99998,true,-19.0478,,,19.0478,150
sqz_coh_loss_ch_eta0p9_pn0p2_Nt10_ns3,sqz_coh,loss_ch,0.9,0.2,10,3,100,20.4069,10,true,-20.4069,,,20.4069,150
sqz_coh_loss_ch_eta0p9_pn0p2_Nt10_ns4,sqz_coh,loss_ch,0.9,0.2,10,4,100,20.325,10,true,-20.325,,,20.3248,150
sqz_coh_loss_ch_eta0p9_pn0p2_Nt10_ns5,sqz_coh,loss_ch,0.9,0.2,10,5,100,20.2726,10,true,-20.2726,,,20.2726,150
sqz_coh_loss_ch_eta0p9_pn0p2_Nt15_ns1,sqz_coh,loss_ch,0.9,0.2,15,1,120,12.3184,15,true,-12.3184,,,12.3184,180
sqz_coh_loss_ch_eta0p9_pn0p2_Nt20_ns1,sqz_coh,loss_ch,0.9,0.2,20,1,250,12.5036,20,true,-12.5036,,,12.5036,375
sqz_coh_loss_ch_eta0p9_pn0p2_Nt25_ns1,sqz_coh,loss_ch,0.9,0.2,25,1,120,12.6768,25,true,-12.6768,,,12.6768,180
sqz_coh_loss_ch_eta0p9_pn0p2_Nt30_ns1,sqz_coh,loss_ch,0.9,0.2,30,1,300,12.8403,30,true,-12.8403,,,12.8403,450
sqz_coh_loss_ch_eta0p9_pn0p2_Nt50_ns1,sqz_coh,loss_ch,0.9,0.2,50,1,300,13.4178,50,true,-13.4178,,,13.4178,450
sqz_coh_loss_ch_eta0p9_pn0p25_Nt5_ns1,sqz_coh,loss_ch,0.9,0.25,5,1,50,10.9107,5,true,-10.9107,,,10.9107,75
sqz_coh_loss_ch_eta0p9_pn0p25_Nt5_ns2,sqz_coh,loss_ch,0.9,0.25,5,2,50,16.2372,4.99999,true,-16.2372,,,16.2372,75
sqz_coh_loss_ch_eta0p9_pn0p25_Nt5_ns3,sqz_coh,loss_ch,0.9,0.25,5,3,50,16.8786,5,true,-16.8786,,,16.8776,75
sqz_coh_loss_ch_eta0p9_pn0p25_Nt5_ns4,sqz_coh,loss_ch,0.9,0.25,5,4,50,17.8926,5,true,-17.8926,,,17.8926,75
sqz_coh_loss_ch_eta0p9_pn0p3_Nt1_ns1,sqz_coh,loss_ch,0.9,0.3,1,1,40,9.55778,1,true,-9.55778,,,9.55778,60
sqz_coh_loss_ch_eta0p9_pn0p3_Nt1_ns2,sqz_coh,loss_ch,0.9,0.3,1,2,40,11.7015,1,true,-11.7015,,,11.7015,60
sqz_coh_loss_ch_eta0p9_pn0p3_Nt1_ns3,sqz_coh,loss_ch,0.9,0.3,1,3,40,11.7062,1,true,-11.7062,,,11.7062,60
sqz_coh_loss_ch_eta0p9_pn0p3_Nt1_ns4,sqz_coh,loss_ch,0.9,0.3,1,4,40,11.7066,1,true,-11.7066,,,11.7066,60
sqz_coh_loss_ch_eta0p9_pn0p3_Nt1_ns5,sqz_coh,loss_ch,0.9,0.3,1,5,40,11.702,1,true,-11.702,,,11.702,60
sqz_coh_loss_ch_eta0p9_pn0p3_Nt2_ns1,sqz_coh,loss_ch,0.9,0.3,2,1,60,9.9669,2,true,-9.9669,,,9.96689,90
sqz_coh_loss_ch_eta0p9_pn0p3_Nt2_ns2,sqz_coh,loss_ch,0.9,0.3,2,2,60,14.379,2,true,-14.379,,,14.379,90
sqz_coh_loss_ch_eta0p9_pn0p3_Nt5_ns1,sqz_coh,loss_ch,0.9,0.3,5,1,100,10.1889,5,true,-10.1889,,,10.1889,150
sqz_coh_loss_ch_eta0p9_pn0p3_Nt5_ns2,sqz_coh,loss_ch,0.9,0.3,5,2,100,15.7286,5,true,-15.7286,,,15.7286,150
sqz_coh_loss_ch_eta0p9_pn0p3_Nt5_ns3,sqz_coh,loss_ch,0.9,0.3,5,3,100,17.2071,4.99953,true,-17.2071,,,17.2071,150
sqz_coh_loss_ch_eta0p9_pn0p3_Nt5_ns4,sqz_coh,loss_ch,0.9,0.3,5,4,100,18.1151,4.99999,true,-18.1151,,,18.1151,150
sqz_coh_loss_ch_eta0p9_pn0p3_Nt5_ns5,sqz_coh,loss_ch,0.9,0.3,5,5,100,17.3482,5,true,-17.3483,,,17.3482,150
sqz_coh_loss_ch_eta0p9_pn0p35_Nt5_ns1,sqz_coh,loss_ch,0.9,0.35,5,1,50,9.59356,5,true,-9.59356,,,9.59355,75
sqz_coh_loss_ch_eta0p9_pn0p35_Nt5_ns2,sqz_coh,loss_ch,0.9,0.35,5,2,50,15.876,4.99992,true,-15.876,,,15.8759,75
sqz_coh_loss_ch_eta0p9_pn0p35_Nt5_ns3,sqz_coh,loss_ch,0.9,0.35,5,3,50,16.8604,4.99995,true,-16.8604,,,16.8604,75
sqz_coh_loss_ch_eta0p9_pn0p4_Nt1_ns1,sqz_coh,loss_ch,0.9,0.4,1,1,200,8.63783,1,true,-8.63786,,,8.63784,300
sqz_coh_loss_ch_eta0p9_pn0p4_Nt1_ns2,sqz_coh,loss_ch,0.9,0.4,1,2,200,10.9113,1,true,-10.9113,,,10.9113,300
sqz_coh_loss_ch_eta0p9_pn0p4_Nt1_ns3,sqz_coh,loss_ch,0.9,0.4,1,3,200,10.9713,1,true,-10.9713,,,10.9713,300
sqz_coh_loss_ch_eta0p9_pn0p4_Nt1_ns4,sqz_coh,loss_ch,0.9,0.4,1,4,200,10.9748,1,true,-10.9748,,,10.9748,300
sqz_coh_loss_ch_eta0p9_pn0p4_Nt1_ns5,sqz_coh,loss_ch,0.9,0.4,1,5,200,10.9748,1,true,-10.9748,,,10.9748,300
sqz_coh_loss_ch_eta0p9_pn0p4_Nt2_ns1,sqz_coh,loss_ch,0.9,0.4,2,1,60,8.89148,2,true,-8.89148,,,8.89148,90
sqz_coh_loss_ch_eta0p9_pn0p4_Nt2_ns2,sqz_coh,loss_ch,0.9,0.4,2,2,60,13.581,2,true,-13.581,,,13.581,90
sqz_coh_loss_ch_eta0p9_pn0p4_Nt5_ns1,sqz_coh,loss_ch,0.9,0.4,5,1,100,9.06789,5,true,-9.06789,,,9.0679,150
sqz_coh_loss_ch_eta0p9_pn0p4_Nt5_ns2,sqz_coh,loss_ch,0.9,0.4,5,2,100,15.5272,5,true,-15.5272,,,15.5272,150
sqz_coh_loss_ch_eta0p9_pn0p4_Nt5_ns3,sqz_coh,loss_ch,0.9,0.4,5,3,100,15.0259,5.00001,true,-15.0259,,,15.0259,150
sqz_coh_loss_ch_eta0p9_pn0p4_Nt5_ns4,sqz_coh,loss_ch,0.9,0.4,5,4,100,16.2433,4.83173,true,-16.2464,,,16.2661,150
sqz_coh_loss_ch_eta0p9_pn0p4_Nt5_ns5,sqz_coh,loss_ch,0.9,0.4,5,5,100,17.1092,4.04354,true,-17.1092,,,17.1092,150
sqz_coh_loss_ch_eta0p9_pn0p45_Nt5_ns1,sqz_coh,loss_ch,0.9,0.45,5,1,50,8.58525,5,true,-8.58525,,,8.58525,75
sqz_coh_loss_ch_eta0p9_pn0p45_Nt5_ns2,sqz_coh,loss_ch,0.9,0.45,5,2,50,15.061,5,true,-15.061,,,15.061,75
sqz_coh_loss_ch_eta0p9_pn0p45_Nt5_ns3,sqz_coh,loss_ch,0.9,0.45,5,3,50,16.1084,4.99997,true,-16.1084,,,16.1084,75
sqz_coh_loss_ch_eta0p9_pn0p5_Nt1_ns1,sqz_coh,loss_ch,0.9,0.5,1,1,100,7.8851,1,true,-7.88511,,,7.88509,150
sqz_coh_loss_ch_eta0p9_pn0p5_Nt1_ns2,sqz_coh,loss_ch,0.9,0.5,1,2,100,10.258,1,true,-10.258,,,10.258,150
sqz_coh_loss_ch_eta0p9_pn0p5_Nt1_ns3,sqz_coh,loss_ch,0.9,0.5,1,3,100,10.3102,1,true,-10.3102,,,10.3102,150
sqz_coh_loss_ch_eta0p9_pn0p5_Nt1_ns4,sqz_coh,loss_ch,0.9,0.5,1,4,100,10.3066,1,true,-10.3066,,,10.3066,150
sqz_coh_loss_ch_eta0p9_pn0p5_Nt1_ns5,sqz_coh,loss_ch,0.9,0.5,1,5,100,10.3114,1,true,-10.3114,,,10.3114,150
sqz_coh_loss_ch_eta0p9_pn0p5_Nt2_ns1,sqz_coh,loss_ch,0.9,0.5,2,1,60,8.02231,1.50492,true,-8.02231,,,8.0223,90
sqz_coh_loss_ch_eta0p9_pn0p5_Nt2_ns2,sqz_coh,loss_ch,0.9,0.5,2,2,60,12.0638,2,true,-12.0638,,,12.0638,90
sqz_coh_loss_ch_eta0p9_pn0p5_Nt5_ns1,sqz_coh,loss_ch,0.9,0.5,5,1,100,8.13363,5,true,-8.13363,,,8.13364,150
sqz_coh_loss_ch_eta0p9_pn0p5_Nt5_ns2,sqz_coh,loss_ch,0.9,0.5,5,2,100,14.589,5,true,-14.589,,,14.589,150
sqz_coh_loss_ch_eta0p9_pn0p5_Nt5_ns3,sqz_coh,loss_ch,0.9,0.5,5,3,100,15.4069,4.99913,true,-15.4069,,,15.4069,150
sqz_coh_loss_ch_eta0p9_pn0p5_Nt5_ns4,sqz_coh,loss_ch,0.9,0.5,5,4,100,15.6766,3.08633,true,-15.6766,,,15.6766,150
sqz_coh_loss_ch_eta0p9_pn0p5_Nt5_ns5,sqz_coh,loss_ch,0.9,0.5,5,5,100,15.6767,3.08683,true,-15.6767,,,15.6767,150
sqz_coh_loss_ch_eta1_pn0_Nt1_ns1,sqz_coh,loss_ch,1,0,1,1,40,23.3138,1.00001,true,-23.3137,,,23.3139,60
sqz_coh_loss_ch_eta1_pn0_Nt1_ns2,sqz_coh,loss_ch,1,0,1,2,40,23.3138,1.00001,true,-23.3137,,,23.314,60
sqz_coh_loss_ch_eta1_pn0_Nt1_ns3,sqz_coh,loss_ch,1,0,1,3,40,23.3136,1.00001,true,-23.3136,,,23.3137,60
sqz_coh_loss_ch_eta1_pn0_Nt1_ns4,sqz_coh,loss_ch,1,0,1,4,40,23.3133,1.00001,true,-23.3133,,,23.3133,60
sqz_coh_loss_ch_eta1_pn0_Nt1_ns5,sqz_coh,loss_ch,1,0,1,5,40,23.3137,1.00001,true,-23.3137,,,23.3138,60
sqz_coh_loss_ch_eta1_pn0_Nt2_ns1,sqz_coh,loss_ch,1,0,2,1,60,39.5954,2.00001,true,-39.5953,,,39.5962,90
sqz_coh_loss_ch_eta1_pn0_Nt2_ns2,sqz_coh,loss_ch,1,0,2,2,60,39.5958,2.00001,true,-39.5957,,,39.5968,90
sqz_coh_loss_ch_eta1_pn0_Nt5_ns1,sqz_coh,loss_ch,1,0,5,1,120,87.819,5.00008,true,-87.7909,,,87.8248,180
sqz_coh_loss_ch_eta1_pn0_Nt5_ns2,sqz_coh,loss_ch,1,0,5,2,120,87.7379,5.00008,true,-87.7343,,,87.7382,180
sqz_coh_loss_ch_eta1_pn0_Nt5_ns3,sqz_coh,loss_ch,1,0,5,3,120,88.0024,5.00013,true,-87.6877,,,88.0024,180
sqz_coh_loss_ch_eta1_pn0_Nt5_ns4,sqz_coh,loss_ch,1,0,5,4,100,87.9468,5.00008,true,-87.7575,,,87.9459,150
sqz_coh_loss_ch_eta1_pn0_Nt5_ns5,sqz_coh,loss_ch,1,0,5,5,120,88.0213,5.00008,true,-87.7807,,,88.0213,180
sqz_coh_loss_ch_eta1_pn0_Nt10_ns1,sqz_coh,loss_ch,1,0,10,1,200,168.26,10.0001,true,-166.704,,,168.304,300
sqz_coh_loss_ch_eta1_pn0_Nt10_ns2,sqz_coh,loss_ch,1,0,10,2,200,167.793,9.99996,true,-167.793,,,167.806,300
sqz_coh_loss_ch_eta1_pn0_Nt10_ns3,sqz_coh,loss_ch,1,0,10,3,200,167.777,9.99998,true,-167.777,,,167.809,300
sqz_coh_loss_ch_eta1_pn0_Nt10_ns4,sqz_coh,loss_ch,1,0,10,4,200,167.824,10,true,-167.824,,,167.835,300
sqz_coh_loss_ch_eta1_pn0_Nt10_ns5,sqz_coh,loss_ch,1,0,10,5,200,167.774,9.99998,true,-167.774,,,167.774,300
sqz_coh_loss_ch_eta1_pn0p05_Nt1_ns1,sqz_coh,loss_ch,1,0.05,1,1,40,23.2573,1.00001,true,-23.2573,,,23.2574,60
sqz_coh_loss_ch_eta1_pn0p05_Nt1_ns2,sqz_coh,loss_ch,1,0.05,1,2,40,23.2573,1.00001,true,-23.2572,,,23.2574,60
sqz_coh_loss_ch_eta1_pn0p05_Nt1_ns3,sqz_coh,loss_ch,1,0.05,1,3,40,23.2574,1.00001,true,-23.2573,,,23.2577,60
sqz_coh_loss_ch_eta1_pn0p05_Nt1_ns4,sqz_coh,loss_ch,1,0.05,1,4,40,23.2573,1.00001,true,-23.2573,,,23.2575,60
sqz_coh_loss_ch_eta1_pn0p05_Nt1_ns5,sqz_coh,loss_ch,1,0.05,1,5,40,23.2572,1.00001,true,-23.2571,,,23.2572,60
sqz_coh_loss_ch_eta1_pn0p05_Nt5_ns1,sqz_coh,loss_ch,1,0.05,5,1,120,87.6005,5.00008,true,-87.5725,,,87.6063,180
sqz_coh_loss_ch_eta1_pn0p05_Nt5_ns2,sqz_coh,loss_ch,1,0.05,5,2,120,87.5907,5.00008,true,-87.5875,,,87.5905,180
sqz_coh_loss_ch_eta1_pn0p05_Nt5_ns3,sqz_coh,loss_ch,1,0.05,5,3,120,87.5954,5.00008,true,-87.5914,,,87.5957,180
sqz_coh_loss_ch_eta1_pn0p05_Nt5_ns4,sqz_coh,loss_ch,1,0.05,5,4,120,87.574,5.00001,true,-87.5696,,,87.5742,180
sqz_coh_loss_ch_eta1_pn0p05_Nt5_ns5,sqz_coh,loss_ch,1,0.05,5,5,120,87.5814,5.00001,true,-87.563,,,87.5855,180
sqz_coh_loss_ch_eta1_pn0p05_Nt10_ns1,sqz_coh,loss_ch,1,0.05,10,1,200,167.45,10,true,-167.45,,,167.493,300
sqz_coh_loss_ch_eta1_pn0p05_Nt10_ns2,sqz_coh,loss_ch,1,0.05,10,2,200,167.451,10,true,-167.451,,,167.493,300
sqz_coh_loss_ch_eta1_pn0p05_Nt10_ns3,sqz_coh,loss_ch,1,0.05,10,3,200,167.42,10,true,-167.419,,,167.422,300
sqz_coh_loss_ch_eta1_pn0p05_Nt10_ns4,sqz_coh,loss_ch,1,0.05,10,4,200,167.461,10,true,-167.461,,,167.462,300
sqz_coh_loss_ch_eta1_pn0p05_Nt10_ns5,sqz_coh,loss_ch,1,0.05,10,5,200,167.459,10,true,-167.459,,,167.484,300
sqz_coh_loss_ch_eta1_pn0p1_Nt1_ns1,sqz_coh,loss_ch,1,0.1,1,1,40,23.0897,1.00001,true,-23.0897,,,23.0898,60
sqz_coh_loss_ch_eta1_pn0p1_Nt1_ns2,sqz_coh,loss_ch,1,0.1,1,2,40,23.0898,1.00001,true,-23.0897,,,23.0899,60
sqz_coh_loss_ch_eta1_pn0p1_Nt1_ns3,sqz_coh,loss_ch,1,0.1,1,3,40,23.0896,1.00001,true,-23.0896,,,23.0897,60
sqz_coh_loss_ch_eta1_pn0p1_Nt1_ns4,sqz_coh,loss_ch,1,0.1,1,4,40,23.0896,1.00001,true,-23.0896,,,23.0902,60
sqz_coh_loss_ch_eta1_pn0p1_Nt1_ns5,sqz_coh,loss_ch,1,0.1,1,5,40,23.0893,1.00001,true,-23.0892,,,23.0899,60
sqz_coh_loss_ch_eta1_pn0p1_Nt2_ns1,sqz_coh,loss_ch,1,0.1,2,1,60,39.2074,2.00001,true,-39.2073,,,39.2081,90
sqz_coh_loss_ch_eta1_pn0p1_Nt2_ns2,sqz_coh,loss_ch,1,0.1,2,2,60,39.2073,2.00001,true,-39.2072,,,39.2077,90
sqz_coh_loss_ch_eta1_pn0p1_Nt5_ns1,sqz_coh,loss_ch,1,0.1,5,1,120,86.9514,5.00008,true,-86.9238,,,86.9571,180
sqz_coh_loss_ch_eta1_pn0p1_Nt5_ns2,sqz_coh,loss_ch,1,0.1,5,2,100,87.424,5.00008,true,-86.8841,,,87.4236,150
sqz_coh_loss_ch_eta1_pn0p1_Nt5_ns3,sqz_coh,loss_ch,1,0.1,5,3,120,86.9444,5,true,-86.9396,,,86.945,180
sqz_coh_loss_ch_eta1_pn0p1_Nt5_ns4,sqz_coh,loss_ch,1,0.1,5,4,100,86.8761,5.00008,true,-86.8814,,,86.876,150
sqz_coh_loss_ch_eta1_pn0p1_Nt5_ns5,sqz_coh,loss_ch,1,0.1,5,5,120,87.1007,5.00008,true,-86.841,,,87.1007,180
sqz_coh_loss_ch_eta1_pn0p15_Nt1_ns1,sqz_coh,loss_ch,1,0.15,1,1,40,22.8159,1.00001,true,-22.8159,,,22.816,60
sqz_coh_loss_ch_eta1_pn0p15_Nt1_ns2,sqz_coh,loss_ch,1,0.15,1,2,40,22.8159,1.00001,true,-22.8159,,,22.816,60
sqz_coh_loss_ch_eta1_pn0p15_Nt1_ns3,sqz_coh,loss_ch,1,0.15,1,3,40,22.816,1.00001,true,-22.8159,,,22.8161,60
sqz_coh_loss_ch_eta1_pn0p15_Nt1_ns4,sqz_coh,loss_ch,1,0.15,1,4,40,22.816,1.00001,true,-22.8159,,,22.8161,60
sqz_coh_loss_ch_eta1_pn0p15_Nt1_ns5,sqz_coh,loss_ch,1,0.15,1,5,40,22.8158,1.00001,true,-22.8157,,,22.8158,60
sqz_coh_loss_ch_eta1_pn0p15_Nt5_ns1,sqz_coh,loss_ch,1,0.15,5,1,120,85.891,5.00008,true,-85.864,,,85.8966,180
sqz_coh_loss_ch_eta1_pn0p15_Nt5_ns2,sqz_coh,loss_ch,1,0.15,5,2,120,85.8852,5,true,-85.8709,,,85.8877,180
sqz_coh_loss_ch_eta1_pn0p15_Nt5_ns3,sqz_coh,loss_ch,1,0.15,5,3,120,85.8891,5.00001,true,-85.8665,,,85.8937,180
sqz_coh_loss_ch_eta1_pn0p15_Nt5_ns4,sqz_coh,loss_ch,1,0.15,5,4,120,85.867,5,true,-85.8629,,,85.8675,180
sqz_coh_loss_ch_eta1_pn0p15_Nt5_ns5,sqz_coh,loss_ch,1,0.15,5,5,120,85.8644,5.00001,true,-85.8484,,,85.8679,180
sqz_coh_loss_ch_eta1_pn0p2_Nt1_ns1,sqz_coh,loss_ch,1,0.2,1,1,40,22.4439,1.00001,true,-22.4439,,,22.444,60
sqz_coh_loss_ch_eta1_pn0p2_Nt1_ns2,sqz_coh,loss_ch,1,0.2,1,2,40,22.4439,1.00001,true,-22.4439,,,22.444,60
sqz_coh_loss_ch_eta1_pn0p2_Nt1_ns3,sqz_coh,loss_ch,1,0.2,1,3,40,22.4438,1.00001,true,-22.4437,,,22.4438,60
sqz_coh_loss_ch_eta1_pn0p2_Nt1_ns4,sqz_coh,loss_ch,1,0.2,1,4,40,22.4439,1.00001,true,-22.4439,,,22.444,60
sqz_coh_loss_ch_eta1_pn0p2_Nt1_ns5,sqz_coh,loss_ch,1,0.2,1,5,40,22.4439,1.00001,true,-22.4439,,,22.4441,60
sqz_coh_loss_ch_eta1_pn0p2_Nt2_ns1,sqz_coh,loss_ch,1,0.2,2,1,60,38.0888,2.00001,true,-38.0887,,,38.0895,90
sqz_coh_loss_ch_eta1_pn0p2_Nt2_ns2,sqz_coh,loss_ch,1,0.2,2,2,60,38.0889,2.00001,true,-38.0888,,,38.0894,90
sqz_coh_loss_ch_eta1_pn0p2_Nt5_ns1,sqz_coh,loss_ch,1,0.2,5,1,120,85.136,5.00007,true,-82.8491,,,85.1419,180
sqz_coh_loss_ch_eta1_pn0p2_Nt5_ns2,sqz_coh,loss_ch,1,0.2,5,2,120,83.9807,5.00008,true,-83.1266,,,84.6231,180
sqz_coh_loss_ch_eta1_pn0p2_Nt5_ns3,sqz_coh,loss_ch,1,0.2,5,3,120,85.1861,5.00003,true,-83.0445,,,85.2373,180
sqz_coh_loss_ch_eta1_pn0p2_Nt5_ns4,sqz_coh,loss_ch,1,0.2,5,4,120,84.6339,5.00008,true,-84.3762,,,84.6339,180
sqz_coh_loss_ch_eta1_pn0p2_Nt5_ns5,sqz_coh,loss_ch,1,0.2,5,5,100,84.317,5.00008,true,-84.3524,,,84.317,150
sqz_coh_loss_ch_eta1_pn0p3_Nt1_ns1,sqz_coh,loss_ch,1,0.3,1,1,40,21.4501,1.00001,true,-21.45,,,21.4501,60
sqz_coh_loss_ch_eta1_pn0p3_Nt1_ns2,sqz_coh,loss_ch,1,0.3,1,2,40,21.45,1.00001,true,-21.45,,,21.4501,60
sqz_coh_loss_ch_eta1_pn0p3_Nt1_ns3,sqz_coh,loss_ch,1,0.3,1,3,40,21.45,1.00001,true,-21.45,,,21.4501,60
sqz_coh_loss_ch_eta1_pn0p3_Nt1_ns4,sqz_coh,loss_ch,1,0.3,1,4,40,21.45,1.00001,true,-21.45,,,21.4502,60
sqz_coh_loss_ch_eta1_pn0p3_Nt1_ns5,sqz_coh,loss_ch,1,0.3,1,5,40,21.45,1.00001,true,-21.4499,,,21.4501,60
sqz_coh_loss_ch_eta1_pn0p3_Nt2_ns1,sqz_coh,loss_ch,1,0.3,2,1,60,36.3674,2.00001,true,-36.3674,,,36.3681,90
sqz_coh_loss_ch_eta1_pn0p3_Nt2_ns2,sqz_coh,loss_ch,1,0.3,2,2,60,36.3676,2.00001,true,-36.3675,,,36.3684,90
sqz_coh_loss_ch_eta1_pn0p3_Nt5_ns1,sqz_coh,loss_ch,1,0.3,5,1,140,81.26,5.00007,true,-79.1521,,,81.2609,210
sqz_coh_loss_ch_eta1_pn0p3_Nt5_ns2,sqz_coh,loss_ch,1,0.3,5,2,140,80.7792,5.00007,true,-79.6774,,,80.817,210
sqz_coh_loss_ch_eta1_pn0p3_Nt5_ns3,sqz_coh,loss_ch,1,0.3,5,3,140,80.7213,5.00007,true,-80.5021,,,80.7213,210
sqz_coh_loss_ch_eta1_pn0p3_Nt5_ns4,sqz_coh,loss_ch,1,0.3,5,4,140,80.4565,5.00007,true,-80.5562,,,80.4565,210
sqz_coh_loss_ch_eta1_pn0p3_Nt5_ns5,sqz_coh,loss_ch,1,0.3,5,5,140,83.4963,5.00007,true,-80.5411,,,83.4962,210
sqz_coh_loss_ch_eta1_pn0p4_Nt1_ns1,sqz_coh,loss_ch,1,0.4,1,1,40,20.2155,1.00001,true,-20.2154,,,20.2155,60
sqz_coh_loss_ch_eta1_pn0p4_Nt1_ns2,sqz_coh,loss_ch,1,0.4,1,2,40,20.2155,1.00001,true,-20.2154,,,20.2155,60
sqz_coh_loss_ch_eta1_pn0p4_Nt1_ns3,sqz_coh,loss_ch,1,0.4,1,3,40,20.2149,1.00001,true,-20.2149,,,20.2151,60
sqz_coh_loss_ch_eta1_pn0p4_Nt1_ns4,sqz_coh,loss_ch,1,0.4,1,4,40,20.2155,1.00001,true,-20.2154,,,20.2159,60
sqz_coh_loss_ch_eta1_pn0p4_Nt1_ns5,sqz_coh,loss_ch,1,0.4,1,5,40,20.2153,1.00001,true,-20.2153,,,20.2154,60
sqz_coh_loss_ch_eta1_pn0p4_Nt2_ns1,sqz_coh,loss_ch,1,0.4,2,1,60,34.2292,2.00001,true,-34.2291,,,34.2297,90
sqz_coh_loss_ch_eta1_pn0p4_Nt2_ns2,sqz_coh,loss_ch,1,0.4,2,2,60,34.2291,2.00001,true,-34.2291,,,34.2297,90
sqz_coh_loss_ch_eta1_pn0p4_Nt5_ns1,sqz_coh,loss_ch,1,0.4,5,1,50,74.5602,5.00006,true,-74.5598,,,76.4301,113
sqz_coh_loss_ch_eta1_pn0p4_Nt5_ns2,sqz_coh,loss_ch,1,0.4,5,2,50,75.6621,5.00007,true,-75.6617,,,76.0148,75
sqz_coh_loss_ch_eta1_pn0p4_Nt5_ns3,sqz_coh,loss_ch,1,0.4,5,3,50,75.6347,5.00007,true,-75.6342,,,75.6803,75
sqz_coh_loss_ch_eta1_pn0p4_Nt5_ns4,sqz_coh,loss_ch,1,0.4,5,4,50,75.7186,5.00007,true,-75.7181,,,75.6989,75
sqz_coh_loss_ch_eta1_pn0p4_Nt5_ns5,sqz_coh,loss_ch,1,0.4,5,5,50,75.794,5.00007,true,-75.7935,,,76.6427,113
sqz_coh_loss_ch_eta1_pn0p5_Nt1_ns1,sqz_coh,loss_ch,1,0.5,1,1,40,18.8622,1.00001,true,-18.8621,,,18.8622,60
sqz_coh_loss_ch_eta1_pn0p5_Nt1_ns2,sqz_coh,loss_ch,1,0.5,1,2,40,18.862,1.00001,true,-18.8619,,,18.862,60
sqz_coh_loss_ch_eta1_pn0p5_Nt1_ns3,sqz_coh,loss_ch,1,0.5,1,3,40,18.8622,1.00001,true,-18.8621,,,18.8622,60
sqz_coh_loss_ch_eta1_pn0p5_Nt1_ns4,sqz_coh,loss_ch,1,0.5,1,4,40,18.8621,1.00001,true,-18.8621,,,18.8622,60
sqz_coh_loss_ch_eta1_pn0p5_Nt1_ns5,sqz_coh,loss_ch,1,0.5,1,5,40,18.8622,1.00001,true,-18.8621,,,18.8623,60
sqz_coh_loss_ch_eta1_pn0p5_Nt2_ns1,sqz_coh,loss_ch,1,0.5,2,1,60,31.8852,2.00001,true,-31.8852,,,31.8857,90
sqz_coh_loss_ch_eta1_pn0p5_Nt2_ns2,sqz_coh,loss_ch,1,0.5,2,2,60,31.8852,2.00001,true,-31.8852,,,31.8857,90
sqz_coh_loss_ch_eta1_pn0p5_Nt5_ns1,sqz_coh,loss_ch,1,0.5,5,1,50,69.5261,5.00006,true,-69.5257,,,71.1466,113
sqz_coh_loss_ch_eta1_pn0p5_Nt5_ns2,sqz_coh,loss_ch,1,0.5,5,2,50,70.2256,5.00006,true,-70.2252,,,70.5729,75
sqz_coh_loss_ch_eta1_pn0p5_Nt5_ns3,sqz_coh,loss_ch,1,0.5,5,3,50,70.4746,5.00006,true,-70.4742,,,70.525,75
sqz_coh_loss_ch_eta1_pn0p5_Nt5_ns4,sqz_coh,loss_ch,1,0.5,5,4,50,70.5422,5.00006,true,-70.5418,,,70.6509,75
sqz_coh_loss_ch_eta1_pn0p5_Nt5_ns5,sqz_coh,loss_ch,1,0.5,5,5,50,70.5141,5.00006,true,-70.5137,,,70.6308,75
sqz_coh_loss_in_eta0p05_pn0_Nt5_ns1,sqz_coh,loss_in,0.05,0,5,1,50,4.19109,2.99024,false,-4.19109,,,4.19275,75
sqz_coh_loss_in_eta0p05_pn0_Nt5_ns2,sqz_coh,loss_in,0.05,0,5,2,50,4.19517,4.91287,false,-4.19517,,,4.1959,75
sqz_coh_loss_in_eta0p05_pn0_Nt5_ns3,sqz_coh,loss_in,0.05,0,5,3,50,4.19819,4.99932,true,-4.19819,,,4.19885,75
sqz_coh_loss_in_eta0p05_pn0p1_Nt5_ns1,sqz_coh,loss_in,0.05,0.1,5,1,50,4.16706,3.57312,true,-4.16706,,,4.16708,75
sqz_coh_loss_in_eta0p05_pn0p1_Nt5_ns2,sqz_coh,loss_in,0.05,0.1,5,2,50,4.1672,2.06673,true,-4.1672,,,4.16709,75
sqz_coh_loss_in_eta0p05_pn0p1_Nt5_ns3,sqz_coh,loss_in,0.05,0.1,5,3,50,4.16729,2.53788,true,-4.16729,,,4.1671,75
sqz_coh_loss_in_eta0p05_pn0p2_Nt1_ns2,sqz_coh,loss_in,0.05,0.2,1,2,50,4.12723,0.80874,false,-4.12723,,,4.12706,75
sqz_coh_loss_in_eta0p05_pn0p2_Nt5_ns1,sqz_coh,loss_in,0.05,0.2,5,1,50,4.12712,1.09445,false,-4.12712,,,4.12677,75
sqz_coh_loss_in_eta0p05_pn0p2_Nt5_ns2,sqz_coh,loss_in,0.05,0.2,5,2,50,4.12731,0.895773,false,-4.12731,,,4.12704,75
sqz_coh_loss_in_eta0p05_pn0p2_Nt5_ns3,sqz_coh,loss_in,0.05,0.2,5,3,50,4.12721,0.841134,false,-4.12721,,,4.12705,75
sqz_coh_loss_in_eta0p15_pn0_Nt5_ns1,sqz_coh,loss_in,0.15,0,5,1,50,4.64808,4.00367,false,-4.64808,,,4.65727,75
sqz_coh_loss_in_eta0p15_pn0_Nt5_ns2,sqz_coh,loss_in,0.15,0,5,2,50,4.6613,4.98946,false,-4.6613,,,4.66464,75
sqz_coh_loss_in_eta0p15_pn0p1_Nt5_ns1,sqz_coh,loss_in,0.15,0.1,5,1,50,4.5479,5,true,-4.5479,,,4.54821,75
sqz_coh_loss_in_eta0p15_pn0p1_Nt5_ns2,sqz_coh,loss_in,0.15,0.1,5,2,50,4.54783,2.05584,true,-4.54783,,,4.54771,75
sqz_coh_loss_in_eta0p15_pn0p1_Nt5_ns3,sqz_coh,loss_in,0.15,0.1,5,3,50,4.54877,4.45548,true,-4.54877,,,4.54886,75
sqz_coh_loss_in_eta0p15_pn0p2_Nt1_ns2,sqz_coh,loss_in,0.15,0.2,1,2,50,4.40918,1,false,-4.40918,,,4.40897,75
sqz_coh_loss_in_eta0p15_pn0p2_Nt5_ns1,sqz_coh,loss_in,0.15,0.2,5,1,50,4.4116,4.99995,false,-4.4116,,,4.4116,75
sqz_coh_loss_in_eta0p15_pn0p2_Nt5_ns2,sqz_coh,loss_in,0.15,0.2,5,2,50,4.41754,4.99998,false,-4.41754,,,4.41754,75
sqz_coh_loss_in_eta0p15_pn0p2_Nt5_ns3,sqz_coh,loss_in,0.15,0.2,5,3,50,4.412,2.33978,false,-4.41199,,,4.412,75
sqz_coh_loss_in_eta0p1_pn0_Nt5_ns1,sqz_coh,loss_in,0.1,0,5,1,50,4.40471,3.07677,false,-4.40471,,,4.4097,75
sqz_coh_loss_in_eta0p1_pn0_Nt5_ns2,sqz_coh,loss_in,0.1,0,5,2,50,4.41408,4.63593,false,-4.41408,,,4.41777,75
sqz_coh_loss_in_eta0p1_pn0_Nt5_ns3,sqz_coh,loss_in,0.1,0,5,3,50,4.41647,4.99607,true,-4.41647,,,4.41959,75
sqz_coh_loss_in_eta0p1_pn0p1_Nt5_ns1,sqz_coh,loss_in,0.1,0.1,5,1,50,4.34913,4.61541,true,-4.34913,,,4.34903,75
sqz_coh_loss_in_eta0p1_pn0p1_Nt5_ns2,sqz_coh,loss_in,0.1,0.1,5,2,50,4.34906,2.01765,true,-4.34906,,,4.34896,75
sqz_coh_loss_in_eta0p1_pn0p1_Nt5_ns3,sqz_coh,loss_in,0.1,0.1,5,3,50,4.34924,2.04659,true,-4.34924,,,4.34897,75
sqz_coh_loss_in_eta0p1_pn0p2_Nt1_ns2,sqz_coh,loss_in,0.1,0.2,1,2,50,4.26299,0.819802,false,-4.26299,,,4.2628,75
sqz_coh_loss_in_eta0p1_pn0p2_Nt5_ns1,sqz_coh,loss_in,0.1,0.2,5,1,50,4.26301,2.2469,false,-4.26301,,,4.26287,75
sqz_coh_loss_in_eta0p1_pn0p2_Nt5_ns2,sqz_coh,loss_in,0.1,0.2,5,2,50,4.26469,4.69733,false,-4.26469,,,4.26435,75
sqz_coh_loss_in_eta0p1_pn0p2_Nt5_ns3,sqz_coh,loss_in,0.1,0.2,5,3,50,4.26334,1.52056,false,-4.26334,,,4.26317,75
sqz_coh_loss_in_eta0p25_pn0_Nt5_ns1,sqz_coh,loss_in,0.25,0,5,1,50,5.23719,4.9999,false,-5.23719,,,5.252,75
sqz_coh_loss_in_eta0p25_pn0_Nt5_ns2,sqz_coh,loss_in,0.25,0,5,2,50,5.24382,4.99995,false,-5.24382,,,5.25116,75
sqz_coh_loss_in_eta0p25_pn0_Nt5_ns3,sqz_coh,loss_in,0.25,0,5,3,50,5.24325,5,true,-5.24325,,,5.25019,75
sqz_coh_loss_in_eta0p25_pn0p1_Nt5_ns1,sqz_coh,loss_in,0.25,0.1,5,1,50,5.00884,4.98368,true,-5.00884,,,5.00817,75
sqz_coh_loss_in_eta0p25_pn0p1_Nt5_ns2,sqz_coh,loss_in,0.25,0.1,5,2,50,5.01142,4.46679,true,-5.01142,,,5.01184,75
sqz_coh_loss_in_eta0p25_pn0p1_Nt5_ns3,sqz_coh,loss_in,0.25,0.1,5,3,50,5.0109,5,true,-5.0109,,,5.01082,75
sqz_coh_loss_in_eta0p25_pn0p2_Nt1_ns2,sqz_coh,loss_in,0.25,0.2,1,2,50,4.7382,0.999993,false,-4.7382,,,4.7382,75
sqz_coh_loss_in_eta0p25_pn0p2_Nt5_ns1,sqz_coh,loss_in,0.25,0.2,5,1,50,4.75034,4.99995,false,-4.75034,,,4.75033,75
sqz_coh_loss_in_eta0p25_pn0p2_Nt5_ns2,sqz_coh,loss_in,0.25,0.2,5,2,50,4.77719,4.99998,false,-4.77719,,,4.77719,75
sqz_coh_loss_in_eta0p25_pn0p2_Nt5_ns3,sqz_coh,loss_in,0.25,0.2,5,3,50,4.77636,4.99869,false,-4.77636,,,4.77628,75
sqz_coh_loss_in_eta0p2_pn0_Nt5_ns1,sqz_coh,loss_in,0.2,0,5,1,50,4.92607,4.71363,false,-4.92606,,,4.93942,75
sqz_coh_loss_in_eta0p2_pn0_Nt5_ns2,sqz_coh,loss_in,0.2,0,5,2,50,4.93485,4.99992,false,-4.93485,,,4.93988,75
sqz_coh_loss_in_eta0p2_pn0p1_Nt5_ns1,sqz_coh,loss_in,0.2,0.1,5,1,50,4.76667,5,true,-4.76667,,,4.76692,75
sqz_coh_loss_in_eta0p2_pn0p1_Nt5_ns2,sqz_coh,loss_in,0.2,0.1,5,2,50,4.76901,4.99691,true,-4.76901,,,4.76892,75
sqz_coh_loss_in_eta0p2_pn0p1_Nt5_ns3,sqz_coh,loss_in,0.2,0.1,5,3,50,4.76668,4.99989,true,-4.76668,,,4.76674,75
sqz_coh_loss_in_eta0p2_pn0p2_Nt1_ns2,sqz_coh,loss_in,0.2,0.2,1,2,50,4.56698,1.00004,false,-4.56679,,,4.5668,75
sqz_coh_loss_in_eta0p2_pn0p2_Nt5_ns1,sqz_coh,loss_in,0.2,0.2,5,1,50,4.57359,4.99995,false,-4.57359,,,4.57359,75
sqz_coh_loss_in_eta0p2_pn0p2_Nt5_ns2,sqz_coh,loss_in,0.2,0.2,5,2,50,4.58724,4.99997,false,-4.58724,,,4.58715,75
sqz_coh_loss_in_eta0p2_pn0p2_Nt5_ns3,sqz_coh,loss_in,0.2,0.2,5,3,50,4.58612,4.9999,false,-4.58612,,,4.58605,75
sqz_coh_loss_in_eta0p35_pn0_Nt5_ns1,sqz_coh,loss_in,0.35,0,5,1,50,5.98779,4.99991,false,-5.98779,,,6.00516,75
sqz_coh_loss_in_eta0p35_pn0_Nt5_ns2,sqz_coh,loss_in,0.35,0,5,2,50,5.97809,4.95508,false,-5.97809,,,5.99138,75
sqz_coh_loss_in_eta0p35_pn0_Nt5_ns3,sqz_coh,loss_in,0.35,0,5,3,50,5.99164,5,true,-5.99164,,,6.00442,75
sqz_coh_loss_in_eta0p35_pn0p1_Nt5_ns1,sqz_coh,loss_in,0.35,0.1,5,1,50,5.5955,4.79418,true,-5.5955,,,5.57383,75
sqz_coh_loss_in_eta0p35_pn0p1_Nt5_ns2,sqz_coh,loss_in,0.35,0.1,5,2,50,5.59653,4.89466,true,-5.59653,,,5.57535,75
sqz_coh_loss_in_eta0p35_pn0p1_Nt5_ns3,sqz_coh,loss_in,0.35,0.1,5,3,50,5.59836,4.97655,true,-5.59836,,,5.57527,75
sqz_coh_loss_in_eta0p35_pn0p2_Nt1_ns2,sqz_coh,loss_in,0.35,0.2,1,2,50,5.13051,0.999917,false,-5.13051,,,5.13051,75
sqz_coh_loss_in_eta0p35_pn0p2_Nt5_ns1,sqz_coh,loss_in,0.35,0.2,5,1,50,5.15666,4.99995,false,-5.15666,,,5.15666,75
sqz_coh_loss_in_eta0p35_pn0p2_Nt5_ns2,sqz_coh,loss_in,0.35,0.2,5,2,50,5.23186,4.99998,false,-5.23186,,,5.23186,75
sqz_coh_loss_in_eta0p35_pn0p2_Nt5_ns3,sqz_coh,loss_in,0.35,0.2,5,3,50,5.23092,4.99998,false,-5.23092,,,5.23092,75
sqz_coh_loss_in_eta0p3_pn0_Nt5_ns1,sqz_coh,loss_in,0.3,0,5,1,50,5.58768,4.99991,false,-5.58768,,,5.60351,75
sqz_coh_loss_in_eta0p3_pn0_Nt5_ns2,sqz_coh,loss_in,0.3,0,5,2,50,5.58757,4.99991,false,-5.58757,,,5.60325,75
sqz_coh_loss_in_eta0p3_pn0_Nt5_ns3,sqz_coh,loss_in,0.3,0,5,3,50,5.5925,5,true,-5.5925,,,5.60339,75
sqz_coh_loss_in_eta0p3_pn0p1_Nt5_ns1,sqz_coh,loss_in,0.3,0.1,5,1,50,5.27662,3.89082,true,-5.27662,,,5.27575,75
sqz_coh_loss_in_eta0p3_pn0p1_Nt5_ns2,sqz_coh,loss_in,0.3,0.1,5,2,50,5.28139,4.98276,true,-5.28139,,,5.28143,75
sqz_coh_loss_in_eta0p3_pn0p1_Nt5_ns3,sqz_coh,loss_in,0.3,0.1,5,3,50,5.28413,4.98329,true,-5.28413,,,5.28403,75
sqz_coh_loss_in_eta0p3_pn0p2_Nt1_ns2,sqz_coh,loss_in,0.3,0.2,1,2,50,4.9252,0.999995,false,-4.9252,,,4.9252,75
sqz_coh_loss_in_eta0p3_pn0p2_Nt5_ns1,sqz_coh,loss_in,0.3,0.2,5,1,50,4.94387,4.99899,false,-4.94387,,,4.94387,75
sqz_coh_loss_in_eta0p3_pn0p2_Nt5_ns2,sqz_coh,loss_in,0.3,0.2,5,2,50,4.99046,5,false,-4.99046,,,4.99046,75
sqz_coh_loss_in_eta0p3_pn0p2_Nt5_ns3,sqz_coh,loss_in,0.3,0.2,5,3,50,4.99077,4.99998,false,-4.99077,,,4.99079,75
sqz_coh_loss_in_eta0p45_pn0_Nt5_ns1,sqz_coh,loss_in,0.45,0,5,1,50,6.98722,4.99991,false,-6.98722,,,7.00987,75
sqz_coh_loss_in_eta0p45_pn0_Nt5_ns2,sqz_coh,loss_in,0.45,0,5,2,50,6.98743,4.99991,false,-6.98743,,,7.01025,75
sqz_coh_loss_in_eta0p45_pn0_Nt5_ns3,sqz_coh,loss_in,0.45,0,5,3,50,6.99106,4.99688,true,-6.99106,,,7.00715,75
sqz_coh_loss_in_eta0p45_pn0p1_Nt5_ns1,sqz_coh,loss_in,0.45,0.1,5,1,50,6.29605,5,true,-6.29605,,,6.29632,75
sqz_coh_loss_in_eta0p45_pn0p1_Nt5_ns2,sqz_coh,loss_in,0.45,0.1,5,2,50,6.29614,5,true,-6.29614,,,6.29768,75
sqz_coh_loss_in_eta0p45_pn0p1_Nt5_ns3,sqz_coh,loss_in,0.45,0.1,5,3,50,6.29624,4.99999,true,-6.29624,,,6.29679,75
sqz_coh_loss_in_eta0p45_pn0p2_Nt1_ns2,sqz_coh,loss_in,0.45,0.2,1,2,50,5.61035,0.999997,false,-5.61035,,,5.61035,75
sqz_coh_loss_in_eta0p45_pn0p2_Nt5_ns1,sqz_coh,loss_in,0.45,0.2,5,1,50,5.65389,4.99995,false,-5.65389,,,5.6539,75
sqz_coh_loss_in_eta0p45_pn0p2_Nt5_ns2,sqz_coh,loss_in,0.45,0.2,5,2,50,5.82475,4.99999,false,-5.82475,,,5.82475,75
sqz_coh_loss_in_eta0p45_pn0p2_Nt5_ns3,sqz_coh,loss_in,0.45,0.2,5,3,50,5.65748,4.99995,false,-5.65748,,,5.65748,75
sqz_coh_loss_in_eta0p4_pn0_Nt5_ns1,sqz_coh,loss_in,0.4,0,5,1,50,6.44894,4.99991,false,-6.44894,,,6.46887,75
sqz_coh_loss_in_eta0p4_pn0_Nt5_ns2,sqz_coh,loss_in,0.4,0,5,2,50,6.45396,4.99833,false,-6.45396,,,6.46994,75
sqz_coh_loss_in_eta0p4_pn0_Nt5_ns3,sqz_coh,loss_in,0.4,0,5,3,50,6.44987,4.93326,true,-6.44987,,,6.45991,75
sqz_coh_loss_in_eta0p4_pn0p1_Nt5_ns1,sqz_coh,loss_in,0.4,0.1,5,1,50,5.92647,2.56672,true,-5.92647,,,5.91039,75
sqz_coh_loss_in_eta0p4_pn0p1_Nt5_ns2,sqz_coh,loss_in,0.4,0.1,5,2,50,5.931,2.59862,true,-5.931,,,5.90713,75
sqz_coh_loss_in_eta0p4_pn0p1_Nt5_ns3,sqz_coh,loss_in,0.4,0.1,5,3,50,5.92785,4.19816,true,-5.92785,,,5.92418,75
sqz_coh_loss_in_eta0p4_pn0p2_Nt1_ns2,sqz_coh,loss_in,0.4,0.2,1,2,50,5.35734,1,false,-5.35734,,,5.35734,75
sqz_coh_loss_in_eta0p4_pn0p2_Nt5_ns1,sqz_coh,loss_in,0.4,0.2,5,1,50,5.39194,4.99995,false,-5.39194,,,5.39194,75
sqz_coh_loss_in_eta0p4_pn0p2_Nt5_ns2,sqz_coh,loss_in,0.4,0.2,5,2,50,5.50734,4.99998,false,-5.50734,,,5.50734,75
sqz_coh_loss_in_eta0p4_pn0p2_Nt5_ns3,sqz_coh,loss_in,0.4,0.2,5,3,50,5.48514,4.99998,false,-5.48514,,,5.48514,75
sqz_coh_loss_in_eta0p55_pn0_Nt5_ns1,sqz_coh,loss_in,0.55,0,5,1,50,8.38859,4.99991,false,-8.38859,,,8.41932,75
sqz_coh_loss_in_eta0p55_pn0_Nt5_ns2,sqz_coh,loss_in,0.55,0,5,2,50,8.39432,4.99999,false,-8.39432,,,8.4131,75
sqz_coh_loss_in_eta0p55_pn0_Nt5_ns3,sqz_coh,loss_in,0.55,0,5,3,50,8.39267,5,true,-8.39267,,,8.42596,75
sqz_coh_loss_in_eta0p55_pn0p1_Nt5_ns1,sqz_coh,loss_in,0.55,0.1,5,1,50,7.24252,5,true,-7.24252,,,7.24301,75
sqz_coh_loss_in_eta0p55_pn0p1_Nt5_ns2,sqz_coh,loss_in,0.55,0.1,5,2,50,7.28923,4.99989,true,-7.28923,,,7.29046,75
sqz_coh_loss_in_eta0p55_pn0p1_Nt5_ns3,sqz_coh,loss_in,0.55,0.1,5,3,50,7.26171,5,true,-7.26171,,,7.26278,75
sqz_coh_loss_in_eta0p55_pn0p2_Nt1_ns2,sqz_coh,loss_in,0.55,0.2,1,2,50,6.22053,0.999999,false,-6.22053,,,6.22053,75
sqz_coh_loss_in_eta0p55_pn0p2_Nt5_ns1,sqz_coh,loss_in,0.55,0.2,5,1,50,6.28072,4.99996,false,-6.28072,,,6.28072,75
sqz_coh_loss_in_eta0p55_pn0p2_Nt5_ns2,sqz_coh,loss_in,0.55,0.2,5,2,50,6.63785,4.99999,false,-6.63785,,,6.63785,75
sqz_coh_loss_in_eta0p55_pn0p2_Nt5_ns3,sqz_coh,loss_in,0.55,0.2,5,3,50,6.56607,5.00001,false,-6.56607,,,6.56176,75
sqz_coh_loss_in_eta0p5_pn0_Nt5_ns1,sqz_coh,loss_in,0.5,0,5,1,50,7.62405,4.99991,false,-7.62405,,,7.64971,75
sqz_coh_loss_in_eta0p5_pn0_Nt5_ns2,sqz_coh,loss_in,0.5,0,5,2,50,7.62423,4.99991,false,-7.62423,,,7.64999,75
sqz_coh_loss_in_eta0p5_pn0_Nt5_ns3,sqz_coh,loss_in,0.5,0,5,3,50,7.62114,4.99993,true,-7.62114,,,7.6343,75
sqz_coh_loss_in_eta0p5_pn0p1_Nt5_ns1,sqz_coh,loss_in,0.5,0.1,5,1,50,6.73452,5,true,-6.73452,,,6.73494,75
sqz_coh_loss_in_eta0p5_pn0p1_Nt5_ns2,sqz_coh,loss_in,0.5,0.1,5,2,50,6.73477,5,true,-6.73477,,,6.73498,75
sqz_coh_loss_in_eta0p5_pn0p1_Nt5_ns3,sqz_coh,loss_in,0.5,0.1,5,3,50,6.78406,4.99972,true,-6.78406,,,6.78408,75
sqz_coh_loss_in_eta0p5_pn0p2_Nt1_ns2,sqz_coh,loss_in,0.5,0.2,1,2,50,5.89546,1,false,-5.89546,,,5.89546,75
sqz_coh_loss_in_eta0p5_pn0p2_Nt5_ns1,sqz_coh,loss_in,0.5,0.2,5,1,50,5.94772,4.99996,false,-5.94772,,,5.94772,75
sqz_coh_loss_in_eta0p5_pn0p2_Nt5_ns2,sqz_coh,loss_in,0.5,0.2,5,2,50,6.19471,4.99999,false,-6.19471,,,6.19471,75
sqz_coh_loss_in_eta0p5_pn0p2_Nt5_ns3,sqz_coh,loss_in,0.5,0.2,5,3,50,6.16884,4.99998,false,-6.16884,,,6.16907,75
sqz_coh_loss_in_eta0p65_pn0_Nt5_ns1,sqz_coh,loss_in,0.65,0,5,1,50,10.4928,4.99992,false,-10.4928,,,10.5355,75
sqz_coh_loss_in_eta0p65_pn0_Nt5_ns2,sqz_coh,loss_in,0.65,0,5,2,50,10.4709,4.99993,false,-10.4709,,,10.5449,75
sqz_coh_loss_in_eta0p65_pn0_Nt5_ns3,sqz_coh,loss_in,0.65,0,5,3,50,10.5043,4.99995,true,-10.5043,,,10.5029,75
sqz_coh_loss_in_eta0p65_pn0p1_Nt5_ns1,sqz_coh,loss_in,0.65,0.1,5,1,50,8.55094,5,true,-8.55094,,,8.55118,75
sqz_coh_loss_in_eta0p65_pn0p1_Nt5_ns2,sqz_coh,loss_in,0.65,0.1,5,2,50,8.70892,4.99934,true,-8.70892,,,8.70893,75
sqz_coh_loss_in_eta0p65_pn0p1_Nt5_ns3,sqz_coh,loss_in,0.65,0.1,5,3,50,8.70952,4.99998,true,-8.70952,,,8.70897,75
sqz_coh_loss_in_eta0p65_pn0p2_Nt1_ns2,sqz_coh,loss_in,0.65,0.2,1,2,50,7.0476,1,false,-7.04759,,,7.0476,75
sqz_coh_loss_in_eta0p65_pn0p2_Nt5_ns1,sqz_coh,loss_in,0.65,0.2,5,1,50,7.10818,4.99996,false,-7.10818,,,7.10818,75
sqz_coh_loss_in_eta0p65_pn0p2_Nt5_ns2,sqz_coh,loss_in,0.65,0.2,5,2,50,7.70752,4.99999,false,-7.70752,,,7.70748,75
sqz_coh_loss_in_eta0p65_pn0p2_Nt5_ns3,sqz_coh,loss_in,0.65,0.2,5,3,50,7.72246,4.99996,false,-7.72246,,,7.72244,75
sqz_coh_loss_in_eta0p6_pn0_Nt5_ns1,sqz_coh,loss_in,0.6,0,5,1,50,9.32319,4.99991,false,-9.32319,,,9.35943,75
sqz_coh_loss_in_eta0p6_pn0_Nt5_ns2,sqz_coh,loss_in,0.6,0,5,2,50,9.33275,4.9999,false,-9.33275,,,9.36258,75
sqz_coh_loss_in_eta0p6_pn0_Nt5_ns3,sqz_coh,loss_in,0.6,0,5,3,50,9.33521,4.99997,true,-9.33521,,,9.36542,75
sqz_coh_loss_in_eta0p6_pn0p1_Nt5_ns1,sqz_coh,loss_in,0.6,0.1,5,1,50,7.83899,5,true,-7.83899,,,7.83926,75
sqz_coh_loss_in_eta0p6_pn0p1_Nt5_ns2,sqz_coh,loss_in,0.6,0.1,5,2,50,7.84094,5,true,-7.84094,,,7.83794,75
sqz_coh_loss_in_eta0p6_pn0p1_Nt5_ns3,sqz_coh,loss_in,0.6,0.1,5,3,50,7.94535,4.99997,true,-7.94535,,,7.94465,75
sqz_coh_loss_in_eta0p6_pn0p2_Nt1_ns2,sqz_coh,loss_in,0.6,0.2,1,2,50,6.59838,1,false,-6.59838,,,6.59838,75
sqz_coh_loss_in_eta0p6_pn0p2_Nt5_ns1,sqz_coh,loss_in,0.6,0.2,5,1,50,6.66262,4.99994,false,-6.66262,,,6.66262,75
sqz_coh_loss_in_eta0p6_pn0p2_Nt5_ns2,sqz_coh,loss_in,0.6,0.2,5,2,50,7.15759,4.99999,false,-7.15759,,,7.15759,75
sqz_coh_loss_in_eta0p6_pn0p2_Nt5_ns3,sqz_coh,loss_in,0.6,0.2,5,3,50,6.68257,4.99996,false,-6.68257,,,6.68345,75
sqz_coh_loss_in_eta0p71_pn0_Nt5_ns1,sqz_coh,loss_in,0.71,0,5,1,50,12.3527,5,true,-12.3527,,,12.409,75
sqz_coh_loss_in_eta0p71_pn0_Nt5_ns2,sqz_coh,loss_in,0.71,0,5,2,50,12.3532,4.99999,true,-12.3532,,,12.4088,75
sqz_coh_loss_in_eta0p71_pn0_Nt5_ns3,sqz_coh,loss_in,0.71,0,5,3,50,12.3559,4.99999,true,-12.3559,,,12.4068,75
sqz_coh_loss_in_eta0p71_pn0p1_Nt5_ns1,sqz_coh,loss_in,0.71,0.1,5,1,50,9.61568,5,true,-9.61568,,,9.61582,75
sqz_coh_loss_in_eta0p71_pn0p1_Nt5_ns2,sqz_coh,loss_in,0.71,0.1,5,2,50,9.62435,4.95097,true,-9.62435,,,9.60412,75
sqz_coh_loss_in_eta0p73_pn0_Nt5_ns1,sqz_coh,loss_in,0.73,0,5,1,50,13.1283,5,true,-13.1283,,,13.1906,75
sqz_coh_loss_in_eta0p73_pn0_Nt5_ns2,sqz_coh,loss_in,0.73,0,5,2,50,13.1353,5,true,-13.1353,,,13.1763,75
sqz_coh_loss_in_eta0p73_pn0_Nt5_ns3,sqz_coh,loss_in,0.73,0,5,3,50,13.1536,4.99993,true,-13.1536,,,13.1785,75
sqz_coh_loss_in_eta0p73_pn0p1_Nt5_ns1,sqz_coh,loss_in,0.73,0.1,5,1,50,10.0386,5,true,-10.0386,,,10.0387,75
sqz_coh_loss_in_eta0p73_pn0p1_Nt5_ns2,sqz_coh,loss_in,0.73,0.1,5,2,50,10.041,4.99698,true,-10.041,,,10.0277,75
sqz_coh_loss_in_eta0p73_pn0p1_Nt5_ns3,sqz_coh,loss_in,0.73,0.1,5,3,50,10.3847,4.99835,true,-10.3847,,,10.3847,75
sqz_coh_loss_in_eta0p73_pn0p2_Nt5_ns1,sqz_coh,loss_in,0.73,0.2,5,1,50,8.01494,5,true,-8.01494,,,8.01494,75
sqz_coh_loss_in_eta0p73_pn0p2_Nt5_ns2,sqz_coh,loss_in,0.73,0.2,5,2,50,9.25522,5,true,-9.25522,,,9.25522,75
sqz_coh_loss_in_eta0p74_pn0_Nt5_ns1,sqz_coh,loss_in,0.74,0,5,1,50,13.5538,5,true,-13.5538,,,13.6194,75
sqz_coh_loss_in_eta0p75_pn0_Nt5_ns1,sqz_coh,loss_in,0.75,0,5,1,50,14.0069,4.99992,false,-14.0069,,,14.0755,75
sqz_coh_loss_in_eta0p75_pn0_Nt5_ns2,sqz_coh,loss_in,0.75,0,5,2,50,14.0088,4.99992,false,-14.0088,,,14.0765,75
sqz_coh_loss_in_eta0p75_pn0_Nt5_ns3,sqz_coh,loss_in,0.75,0,5,3,50,14.0097,5,true,-14.0097,,,14.0759,75
sqz_coh_loss_in_eta0p75_pn0p1_Nt5_ns1,sqz_coh,loss_in,0.75,0.1,5,1,50,10.505,5,true,-10.505,,,10.505,75
sqz_coh_loss_in_eta0p75_pn0p1_Nt5_ns2,sqz_coh,loss_in,0.75,0.1,5,2,50,10.5508,5,true,-10.5508,,,10.5504,75
sqz_coh_loss_in_eta0p75_pn0p1_Nt5_ns3,sqz_coh,loss_in,0.75,0.1,5,3,50,10.7455,4.99394,true,-10.7455,,,10.7385,75
sqz_coh_loss_in_eta0p75_pn0p2_Nt1_ns2,sqz_coh,loss_in,0.75,0.2,1,2,50,8.32316,1,false,-8.32316,,,8.32316,75
sqz_coh_loss_in_eta0p75_pn0p2_Nt5_ns1,sqz_coh,loss_in,0.75,0.2,5,1,50,8.29556,4.99989,false,-8.29556,,,8.29556,75
sqz_coh_loss_in_eta0p75_pn0p2_Nt5_ns2,sqz_coh,loss_in,0.75,0.2,5,2,50,9.6884,4.99999,false,-9.6884,,,9.6884,75
sqz_coh_loss_in_eta0p75_pn0p2_Nt5_ns3,sqz_coh,loss_in,0.75,0.2,5,3,50,9.87983,5,false,-9.87983,,,9.87983,75
sqz_coh_loss_in_eta0p76_pn0p1_Nt5_ns1,sqz_coh,loss_in,0.76,0.1,5,1,50,10.7569,5,true,-10.7569,,,10.7568,75
sqz_coh_loss_in_eta0p76_pn0p1_Nt5_ns3,sqz_coh,loss_in,0.76,0.1,5,3,50,11.2407,4.99969,true,-11.2407,,,11.2408,75
sqz_coh_loss_in_eta0p76_pn0p2_Nt5_ns1,sqz_coh,loss_in,0.76,0.2,5,1,50,8.44709,5,true,-8.44709,,,8.44709,75
sqz_coh_loss_in_eta0p76_pn0p2_Nt5_ns2,sqz_coh,loss_in,0.76,0.2,5,2,50,9.97465,4.99998,true,-9.97465,,,9.97465,75
sqz_coh_loss_in_eta0p76_pn0p2_Nt5_ns3,sqz_coh,loss_in,0.76,0.2,5,3,50,10.1388,4.99948,true,-10.1388,,,10.1388,75
sqz_coh_loss_in_eta0p77_pn0_Nt5_ns1,sqz_coh,loss_in,0.77,0,5,1,50,15.0139,5,true,-15.0139,,,15.0915,75
sqz_coh_loss_in_eta0p77_pn0_Nt5_ns2,sqz_coh,loss_in,0.77,0,5,2,50,15.0161,5,true,-15.0161,,,15.0862,75
sqz_coh_loss_in_eta0p77_pn0_Nt5_ns3,sqz_coh,loss_in,0.77,0,5,3,50,15.0447,4.99998,true,-15.0447,,,15.0349,75
sqz_coh_loss_in_eta0p78_pn0p2_Nt5_ns1,sqz_coh,loss_in,0.78,0.2,5,1,50,8.77653,5,true,-8.77653,,,8.77653,75
sqz_coh_loss_in_eta0p79_pn0_Nt5_ns2,sqz_coh,loss_in,0.79,0,5,2,50,16.1778,5,true,-16.1778,,,16.2387,75
sqz_coh_loss_in_eta0p79_pn0_Nt5_ns3,sqz_coh,loss_in,0.79,0,5,3,50,16.2141,5.00001,true,-16.2141,,,16.1549,75
sqz_coh_loss_in_eta0p79_pn0p1_Nt5_ns1,sqz_coh,loss_in,0.79,0.1,5,1,50,11.6023,5,true,-11.6023,,,11.602,75
sqz_coh_loss_in_eta0p79_pn0p1_Nt5_ns2,sqz_coh,loss_in,0.79,0.1,5,2,50,12.2787,4.99977,true,-12.2787,,,12.2787,75
sqz_coh_loss_in_eta0p79_pn0p1_Nt5_ns3,sqz_coh,loss_in,0.79,0.1,5,3,50,12.2425,4.99803,true,-12.2425,,,12.2426,75
sqz_coh_loss_in_eta0p79_pn0p2_Nt5_ns1,sqz_coh,loss_in,0.79,0.2,5,1,50,8.95673,5,true,-8.95673,,,8.95673,75
sqz_coh_loss_in_eta0p79_pn0p2_Nt5_ns2,sqz_coh,loss_in,0.79,0.2,5,2,50,10.8488,4.99973,true,-10.8488,,,10.8488,75
sqz_coh_loss_in_eta0p7_pn0_Nt5_ns1,sqz_coh,loss_in,0.7,0,5,1,50,11.9977,4.99992,false,-11.9977,,,12.0513,75
sqz_coh_loss_in_eta0p7_pn0_Nt5_ns2,sqz_coh,loss_in,0.7,0,5,2,50,11.9996,4.99992,false,-11.9996,,,12.0509,75
sqz_coh_loss_in_eta0p7_pn0_Nt5_ns3,sqz_coh,loss_in,0.7,0,5,3,50,12.0224,5,true,-12.0224,,,12.0701,75
sqz_coh_loss_in_eta0p7_pn0p1_Nt5_ns1,sqz_coh,loss_in,0.7,0.1,5,1,50,9.41851,5,true,-9.41851,,,9.41867,75
sqz_coh_loss_in_eta0p7_pn0p1_Nt5_ns2,sqz_coh,loss_in,0.7,0.1,5,2,50,9.42092,4.99998,true,-9.42092,,,9.42033,75
sqz_coh_loss_in_eta0p7_pn0p1_Nt5_ns3,sqz_coh,loss_in,0.7,0.1,5,3,50,9.47588,5,true,-9.47588,,,9.47426,75
sqz_coh_loss_in_eta0p7_pn0p2_Nt1_ns2,sqz_coh,loss_in,0.7,0.2,1,2,50,7.59964,1,false,-7.59964,,,7.59964,75
sqz_coh_loss_in_eta0p7_pn0p2_Nt5_ns1,sqz_coh,loss_in,0.7,0.2,5,1,50,7.6399,4.9999,false,-7.6399,,,7.6399,75
sqz_coh_loss_in_eta0p7_pn0p2_Nt5_ns2,sqz_coh,loss_in,0.7,0.2,5,2,50,8.64602,4.99998,false,-8.64602,,,8.64602,75
sqz_coh_loss_in_eta0p7_pn0p2_Nt5_ns3,sqz_coh,loss_in,0.7,0.2,5,3,50,8.63297,4.99999,false,-8.63297,,,8.63268,75
sqz_coh_loss_in_eta0p81_pn0p2_Nt5_ns1,sqz_coh,loss_in,0.81,0.2,5,1,50,9.35529,4.99996,false,-9.35529,,,9.35528,75
sqz_coh_loss_in_eta0p81_pn0p2_Nt5_ns2,sqz_coh,loss_in,0.81,0.2,5,2,50,11.6888,4.99991,false,-11.6888,,,11.6888,75
sqz_coh_loss_in_eta0p81_pn0p2_Nt5_ns3,sqz_coh,loss_in,0.81,0.2,5,3,50,11.0993,4.99999,false,-11.0993,,,11.0993,75
sqz_coh_loss_in_eta0p82_pn0p1_Nt5_ns1,sqz_coh,loss_in,0.82,0.1,5,1,50,12.6185,5,true,-12.6185,,,12.6177,75
sqz_coh_loss_in_eta0p82_pn0p1_Nt5_ns2,sqz_coh,loss_in,0.82,0.1,5,2,50,13.3164,4.99999,true,-13.3164,,,13.3164,75
sqz_coh_loss_in_eta0p82_pn0p1_Nt5_ns3,sqz_coh,loss_in,0.82,0.1,5,3,50,13.1938,5,true,-13.1938,,,13.1936,75
sqz_coh_loss_in_eta0p82_pn0p2_Nt5_ns1,sqz_coh,loss_in,0.82,0.2,5,1,50,9.57792,4.99997,false,-9.57792,,,9.57792,75
sqz_coh_loss_in_eta0p82_pn0p2_Nt5_ns2,sqz_coh,loss_in,0.82,0.2,5,2,50,11.4617,4.99999,false,-11.4617,,,11.4617,75
sqz_coh_loss_in_eta0p82_pn0p2_Nt5_ns3,sqz_coh,loss_in,0.82,0.2,5,3,50,12.3077,5,false,-12.3077,,,12.3077,75
sqz_coh_loss_in_eta0p83_pn0_Nt5_ns1,sqz_coh,loss_in,0.83,0,5,1,50,19.1384,5,true,-19.1384,,,19.254,75
sqz_coh_loss_in_eta0p83_pn0_Nt5_ns2,sqz_coh,loss_in,0.83,0,5,2,50,19.1688,5,true,-19.1688,,,19.2653,75
sqz_coh_loss_in_eta0p83_pn0_Nt5_ns3,sqz_coh,loss_in,0.83,0,5,3,50,19.1838,5.00001,true,-19.1838,,,19.2964,75
sqz_coh_loss_in_eta0p83_pn0p1_Nt5_ns1,sqz_coh,loss_in,0.83,0.1,5,1,50,13.0063,5,true,-13.0063,,,13.0052,75
sqz_coh_loss_in_eta0p83_pn0p1_Nt5_ns2,sqz_coh,loss_in,0.83,0.1,5,2,50,13.4542,4.99999,true,-13.4542,,,13.4524,75
sqz_coh_loss_in_eta0p83_pn0p2_Nt5_ns1,sqz_coh,loss_in,0.83,0.2,5,1,50,9.81859,4.99998,false,-9.81859,,,9.81858,75
sqz_coh_loss_in_eta0p83_pn0p2_Nt5_ns2,sqz_coh,loss_in,0.83,0.2,5,2,50,12.5325,4.99999,false,-12.5325,,,12.5325,75
sqz_coh_loss_in_eta0p83_pn0p2_Nt5_ns3,sqz_coh,loss_in,0.83,0.2,5,3,50,12.8774,4.99999,false,-12.8774,,,12.8774,75
sqz_coh_loss_in_eta0p84_pn0p2_Nt5_ns1,sqz_coh,loss_in,0.84,0.2,5,1,50,10.0827,4.99997,false,-10.0827,,,10.0827,75
sqz_coh_loss_in_eta0p84_pn0p2_Nt5_ns2,sqz_coh,loss_in,0.84,0.2,5,2,50,13.1884,5,false,-13.1884,,,13.1884,75
sqz_coh_loss_in_eta0p84_pn0p2_Nt5_ns3,sqz_coh,loss_in,0.84,0.2,5,3,50,12.7651,5,false,-12.7651,,,12.7651,75
sqz_coh_loss_in_eta0p85_pn0_Nt5_ns1,sqz_coh,loss_in,0.85,0,5,1,50,21.067,4.99994,false,-21.067,,,21.2051,75
sqz_coh_loss_in_eta0p85_pn0_Nt5_ns2,sqz_coh,loss_in,0.85,0,5,2,50,21.0765,4.99994,false,-21.0765,,,21.2014,75
sqz_coh_loss_in_eta0p85_pn0_Nt5_ns3,sqz_coh,loss_in,0.85,0,5,3,50,21.0977,5,true,-21.0977,,,21.2201,75
sqz_coh_loss_in_eta0p85_pn0p1_Nt5_ns1,sqz_coh,loss_in,0.85,0.1,5,1,50,13.8771,5,true,-13.8771,,,13.8753,75
sqz_coh_loss_in_eta0p85_pn0p1_Nt5_ns2,sqz_coh,loss_in,0.85,0.1,5,2,50,15.2682,5,true,-15.2682,,,15.2682,75
sqz_coh_loss_in_eta0p85_pn0p1_Nt5_ns3,sqz_coh,loss_in,0.85,0.1,5,3,50,15.0362,4.99996,true,-15.0362,,,15.036,75
sqz_coh_loss_in_eta0p85_pn0p2_Nt1_ns2,sqz_coh,loss_in,0.85,0.2,1,2,50,10.8805,1.00001,false,-10.8804,,,10.8805,75
sqz_coh_loss_in_eta0p85_pn0p2_Nt5_ns1,sqz_coh,loss_in,0.85,0.2,5,1,50,10.3733,4.9999,false,-10.3733,,,10.3733,75
sqz_coh_loss_in_eta0p85_pn0p2_Nt5_ns2,sqz_coh,loss_in,0.85,0.2,5,2,50,13.8144,5,false,-13.8144,,,13.8144,75
sqz_coh_loss_in_eta0p85_pn0p2_Nt5_ns3,sqz_coh,loss_in,0.85,0.2,5,3,50,13.9552,5,false,-13.9552,,,13.9552,75
sqz_coh_loss_in_eta0p86_pn0p2_Nt5_ns1,sqz_coh,loss_in,0.86,0.2,5,1,50,10.6965,4.99993,false,-10.6965,,,10.6965,75
sqz_coh_loss_in_eta0p86_pn0p2_Nt5_ns2,sqz_coh,loss_in,0.86,0.2,5,2,50,14.3445,4.99999,false,-14.3445,,,14.3445,75
sqz_coh_loss_in_eta0p86_pn0p2_Nt5_ns3,sqz_coh,loss_in,0.86,0.2,5,3,50,14.8461,5,false,-14.8461,,,14.8461,75
sqz_coh_loss_in_eta0p87_pn0_Nt5_ns2,sqz_coh,loss_in,0.87,0,5,2,50,23.4539,5,true,-23.4539,,,23.6025,75
sqz_coh_loss_in_eta0p87_pn0_Nt5_ns3,sqz_coh,loss_in,0.87,0,5,3,50,23.4356,4.99999,true,-23.4356,,,23.5822,75
sqz_coh_loss_in_eta0p87_pn0p1_Nt5_ns1,sqz_coh,loss_in,0.87,0.1,5,1,50,14.912,5,true,-14.912,,,14.9088,75
sqz_coh_loss_in_eta0p87_pn0p1_Nt5_ns2,sqz_coh,loss_in,0.87,0.1,5,2,50,16.7486,5,true,-16.7486,,,16.7486,75
sqz_coh_loss_in_eta0p87_pn0p1_Nt5_ns3,sqz_coh,loss_in,0.87,0.1,5,3,50,16.6315,4.99999,true,-16.6315,,,16.6314,75
sqz_coh_loss_in_eta0p87_pn0p2_Nt5_ns1,sqz_coh,loss_in,0.87,0.2,5,1,50,11.06,4.99997,false,-11.06,,,11.06,75
sqz_coh_loss_in_eta0p87_pn0p2_Nt5_ns2,sqz_coh,loss_in,0.87,0.2,5,2,50,14.0247,4.99998,false,-14.0247,,,14.0246,75
sqz_coh_loss_in_eta0p87_pn0p2_Nt5_ns3,sqz_coh,loss_in,0.87,0.2,5,3,50,15.0896,5,false,-15.0896,,,15.0798,75
sqz_coh_loss_in_eta0p88_pn0_Nt5_ns1,sqz_coh,loss_in,0.88,0,5,1,50,24.8205,5.00001,true,-24.8205,,,25.0017,75
sqz_coh_loss_in_eta0p88_pn0_Nt5_ns2,sqz_coh,loss_in,0.88,0,5,2,50,24.8289,5,true,-24.8289,,,24.997,75
sqz_coh_loss_in_eta0p88_pn0p2_Nt5_ns1,sqz_coh,loss_in,0.88,0.2,5,1,50,11.4745,4.99998,false,-11.4745,,,11.4745,75
sqz_coh_loss_in_eta0p88_pn0p2_Nt5_ns2,sqz_coh,loss_in,0.88,0.2,5,2,50,15.5245,5,false,-15.5245,,,15.5245,75
sqz_coh_loss_in_eta0p88_pn0p2_Nt5_ns3,sqz_coh,loss_in,0.88,0.2,5,3,50,16.4509,5,false,-16.4509,,,16.4509,75
sqz_coh_loss_in_eta0p89_pn0p2_Nt5_ns1,sqz_coh,loss_in,0.89,0.2,5,1,50,11.9551,4.99997,false,-11.9551,,,11.955,75
sqz_coh_loss_in_eta0p89_pn0p2_Nt5_ns2,sqz_coh,loss_in,0.89,0.2,5,2,50,17.0248,5,false,-17.0248,,,17.0248,75
sqz_coh_loss_in_eta0p89_pn0p2_Nt5_ns3,sqz_coh,loss_in,0.89,0.2,5,3,50,17.2921,4.99999,false,-17.2921,,,17.292,75
sqz_coh_loss_in_eta0p8_pn0_Nt5_ns1,sqz_coh,loss_in,0.8,0,5,1,50,16.8236,4.99993,false,-16.8236,,,16.9144,75
sqz_coh_loss_in_eta0p8_pn0_Nt5_ns2,sqz_coh,loss_in,0.8,0,5,2,50,16.8249,4.99991,false,-16.8249,,,16.9248,75
sqz_coh_loss_in_eta0p8_pn0_Nt5_ns3,sqz_coh,loss_in,0.8,0,5,3,50,16.86,5,true,-16.86,,,16.9669,75
sqz_coh_loss_in_eta0p8_pn0p1_Nt5_ns1,sqz_coh,loss_in,0.8,0.1,5,1,50,11.9193,5,true,-11.9193,,,11.9188,75
sqz_coh_loss_in_eta0p8_pn0p1_Nt5_ns2,sqz_coh,loss_in,0.8,0.1,5,2,50,12.4816,4.99996,true,-12.4816,,,12.4816,75
sqz_coh_loss_in_eta0p8_pn0p1_Nt5_ns3,sqz_coh,loss_in,0.8,0.1,5,3,50,12.6621,4.99998,true,-12.6621,,,12.66,75
sqz_coh_loss_in_eta0p8_pn0p2_Nt1_ns2,sqz_coh,loss_in,0.8,0.2,1,2,50,9.3384,1,false,-9.3384,,,9.3384,75
sqz_coh_loss_in_eta0p8_pn0p2_Nt5_ns1,sqz_coh,loss_in,0.8,0.2,5,1,50,9.14881,4.99999,false,-9.14881,,,9.14881,75
sqz_coh_loss_in_eta0p8_pn0p2_Nt5_ns2,sqz_coh,loss_in,0.8,0.2,5,2,50,11.3291,4.99999,false,-11.3291,,,11.3291,75
sqz_coh_loss_in_eta0p8_pn0p2_Nt5_ns3,sqz_coh,loss_in,0.8,0.2,5,3,50,11.3492,5,false,-11.3492,,,11.349,75
sqz_coh_loss_in_eta0p91_pn0p1_Nt5_ns2,sqz_coh,loss_in,0.91,0.1,5,2,50,21.3595,5.00001,true,-21.3595,,,21.3595,75
sqz_coh_loss_in_eta0p91_pn0p1_Nt5_ns3,sqz_coh,loss_in,0.91,0.1,5,3,50,21.4313,5,true,-21.4313,,,21.4313,75
sqz_coh_loss_in_eta0p91_pn0p2_Nt5_ns1,sqz_coh,loss_in,0.91,0.2,5,1,50,13.21,4.99996,false,-13.21,,,13.2097,75
sqz_coh_loss_in_eta0p91_pn0p2_Nt5_ns2,sqz_coh,loss_in,0.91,0.2,5,2,50,16.6485,4.99999,false,-16.6485,,,16.6481,75
sqz_coh_loss_in_eta0p91_pn0p2_Nt5_ns3,sqz_coh,loss_in,0.91,0.2,5,3,50,19.3589,4.99998,false,-19.3589,,,19.3589,75
sqz_coh_loss_in_eta0p92_pn0_Nt5_ns1,sqz_coh,loss_in,0.92,0,5,1,50,32.5444,5.00001,true,-32.5444,,,32.8497,75
sqz_coh_loss_in_eta0p92_pn0_Nt5_ns2,sqz_coh,loss_in,0.92,0,5,2,50,32.7157,4.99999,true,-32.7157,,,32.854,75
sqz_coh_loss_in_eta0p92_pn0_Nt5_ns3,sqz_coh,loss_in,0.92,0,5,3,50,32.6985,5,true,-32.6985,,,32.4808,75
sqz_coh_loss_in_eta0p92_pn0p1_Nt5_ns1,sqz_coh,loss_in,0.92,0.1,5,1,50,18.8684,5,true,-18.8684,,,18.8437,75
sqz_coh_loss_in_eta0p92_pn0p1_Nt5_ns2,sqz_coh,loss_in,0.92,0.1,5,2,50,23.0673,4.99999,true,-23.0673,,,23.0673,75
sqz_coh_loss_in_eta0p92_pn0p2_Nt5_ns1,sqz_coh,loss_in,0.92,0.2,5,1,50,14.0659,4.99996,false,-14.0659,,,14.0649,75
sqz_coh_loss_in_eta0p92_pn0p2_Nt5_ns2,sqz_coh,loss_in,0.92,0.2,5,2,50,20.9416,5,false,-20.9416,,,20.9416,75
sqz_coh_loss_in_eta0p92_pn0p2_Nt5_ns3,sqz_coh,loss_in,0.92,0.2,5,3,50,20.6971,5,false,-20.6971,,,20.6967,75
sqz_coh_loss_in_eta0p93_pn0p2_Nt5_ns1,sqz_coh,loss_in,0.93,0.2,5,1,50,15.1721,4.99995,false,-15.1721,,,15.1694,75
sqz_coh_loss_in_eta0p93_pn0p2_Nt5_ns2,sqz_coh,loss_in,0.93,0.2,5,2,50,22.6876,5,false,-22.6876,,,22.6873,75
sqz_coh_loss_in_eta0p93_pn0p2_Nt5_ns3,sqz_coh,loss_in,0.93,0.2,5,3,50,24.4895,5,false,-24.4895,,,24.4895,75
sqz_coh_loss_in_eta0p94_pn0p2_Nt5_ns1,sqz_coh,loss_in,0.94,0.2,5,1,50,16.6705,4.99994,false,-16.6705,,,16.6602,75
sqz_coh_loss_in_eta0p94_pn0p2_Nt5_ns2,sqz_coh,loss_in,0.94,0.2,5,2,50,26.211,5,false,-26.211,,,26.211,75
sqz_coh_loss_in_eta0p94_pn0p2_Nt5_ns3,sqz_coh,loss_in,0.94,0.2,5,3,50,26.9491,4.99999,false,-26.9491,,,26.9491,75
sqz_coh_loss_in_eta0p95_pn0_Nt5_ns1,sqz_coh,loss_in,0.95,0,5,1,50,42.4465,4.99998,false,-42.4465,,,43.0444,113
sqz_coh_loss_in_eta0p95_pn0_Nt5_ns2,sqz_coh,loss_in,0.95,0,5,2,50,41.8664,5.00001,false,-41.8664,,,41.9296,75
sqz_coh_loss_in_eta0p95_pn0_Nt5_ns3,sqz_coh,loss_in,0.95,0,5,3,50,42.7022,5.00003,true,-42.7021,,,43.3692,113
sqz_coh_loss_in_eta0p95_pn0p05_Nt5_ns1,sqz_coh,loss_in,0.95,0.05,5,1,50,31.7904,5.00001,true,-31.7904,,,31.7502,75
sqz_coh_loss_in_eta0p95_pn0p05_Nt5_ns2,sqz_coh,loss_in,0.95,0.05,5,2,50,34.9613,4.99982,true,-34.9613,,,34.9614,75
sqz_coh_loss_in_eta0p95_pn0p1_Nt5_ns1,sqz_coh,loss_in,0.95,0.1,5,1,50,23.9948,5,true,-23.9948,,,23.8787,75
sqz_coh_loss_in_eta0p95_pn0p1_Nt5_ns2,sqz_coh,loss_in,0.95,0.1,5,2,50,31.6194,5,true,-31.6194,,,31.619,75
sqz_coh_loss_in_eta0p95_pn0p1_Nt5_ns3,sqz_coh,loss_in,0.95,0.1,5,3,50,32.2794,5,false,-32.2794,,,32.2794,75
sqz_coh_loss_in_eta0p95_pn0p1_Nt5_ns4,sqz_coh,loss_in,0.95,0.1,5,4,50,32.4509,5.00001,false,-32.4509,,,32.4509,75
sqz_coh_loss_in_eta0p95_pn0p1_Nt5_ns5,sqz_coh,loss_in,0.95,0.1,5,5,50,32.3328,5,false,-32.3328,,,32.3328,75
sqz_coh_loss_in_eta0p95_pn0p1_Nt5_ns6,sqz_coh,loss_in,0.95,0.1,5,6,50,32.3913,5,false,-32.3913,,,32.3913,75
sqz_coh_loss_in_eta0p95_pn0p1_Nt5_ns7,sqz_coh,loss_in,0.95,0.1,5,7,50,32.2332,5.00001,false,-32.2332,,,32.233,75
sqz_coh_loss_in_eta0p95_pn0p1_Nt5_ns8,sqz_coh,loss_in,0.95,0.1,5,8,50,32.3006,5.00001,false,-32.3006,,,32.2869,75
sqz_coh_loss_in_eta0p95_pn0p1_Nt5_ns9,sqz_coh,loss_in,0.95,0.1,5,9,50,32.297,5,false,-32.297,,,32.2906,75
sqz_coh_loss_in_eta0p95_pn0p15_Nt5_ns1,sqz_coh,loss_in,0.95,0.15,5,1,50,20.5903,5,true,-20.5903,,,20.4801,75
sqz_coh_loss_in_eta0p95_pn0p15_Nt5_ns2,sqz_coh,loss_in,0.95,0.15,5,2,50,30.9202,5.00001,true,-30.9202,,,30.9202,75
sqz_coh_loss_in_eta0p95_pn0p2_Nt1_ns2,sqz_coh,loss_in,0.95,0.2,1,2,50,16.4069,1.00004,false,-16.4067,,,16.4069,75
sqz_coh_loss_in_eta0p95_pn0p2_Nt5_ns1,sqz_coh,loss_in,0.95,0.2,5,1,50,18.8434,4.99992,false,-18.8434,,,18.7876,75
sqz_coh_loss_in_eta0p95_pn0p2_Nt5_ns2,sqz_coh,loss_in,0.95,0.2,5,2,50,30.3728,5,false,-30.3728,,,30.3728,75
sqz_coh_loss_in_eta0p95_pn0p2_Nt5_ns3,sqz_coh,loss_in,0.95,0.2,5,3,50,30.3102,4.99999,false,-30.3102,,,30.3023,75
sqz_coh_loss_in_eta0p95_pn0p2_Nt5_ns4,sqz_coh,loss_in,0.95,0.2,5,4,50,30.9691,5,false,-30.9691,,,30.9691,75
sqz_coh_loss_in_eta0p95_pn0p2_Nt5_ns5,sqz_coh,loss_in,0.95,0.2,5,5,50,31.1243,5.00001,false,-31.1243,,,31.1243,75
sqz_coh_loss_in_eta0p95_pn0p2_Nt5_ns6,sqz_coh,loss_in,0.95,0.2,5,6,50,31.069,5.00001,false,-31.069,,,31.069,75
sqz_coh_loss_in_eta0p95_pn0p2_Nt5_ns8,sqz_coh,loss_in,0.95,0.2,5,8,50,30.942,5,false,-30.942,,,30.9386,75
sqz_coh_loss_in_eta0p95_pn0p2_Nt5_ns9,sqz_coh,loss_in,0.95,0.2,5,9,50,31.0632,5.00001,false,-31.0632,,,31.0616,75
sqz_coh_loss_in_eta0p95_pn0p25_Nt5_ns1,sqz_coh,loss_in,0.95,0.25,5,1,50,17.7249,5,true,-17.7249,,,17.6804,75
sqz_coh_loss_in_eta0p95_pn0p25_Nt5_ns2,sqz_coh,loss_in,0.95,0.25,5,2,50,29.798,5,true,-29.798,,,29.798,75
sqz_coh_loss_in_eta0p95_pn0p3_Nt5_ns1,sqz_coh,loss_in,0.95,0.3,5,1,50,16.8658,4.97964,true,-16.8658,,,16.8278,75
sqz_coh_loss_in_eta0p95_pn0p3_Nt5_ns2,sqz_coh,loss_in,0.95,0.3,5,2,50,27.8841,5,true,-27.8841,,,27.8841,75
sqz_coh_loss_in_eta0p95_pn0p35_Nt5_ns1,sqz_coh,loss_in,0.95,0.35,5,1,50,16.124,4.76718,true,-16.124,,,16.088,75
sqz_coh_loss_in_eta0p95_pn0p35_Nt5_ns2,sqz_coh,loss_in,0.95,0.35,5,2,50,28.4787,5,true,-28.4787,,,28.4787,75
sqz_coh_loss_in_eta0p95_pn0p4_Nt5_ns1,sqz_coh,loss_in,0.95,0.4,5,1,50,15.4472,4.23366,true,-15.4472,,,15.4108,75
sqz_coh_loss_in_eta0p95_pn0p4_Nt5_ns2,sqz_coh,loss_in,0.95,0.4,5,2,50,27.7173,5,true,-27.7173,,,27.7173,75
sqz_coh_loss_in_eta0p95_pn0p45_Nt5_ns1,sqz_coh,loss_in,0.95,0.45,5,1,50,14.8074,4.16012,true,-14.8074,,,14.7747,75
sqz_coh_loss_in_eta0p95_pn0p45_Nt5_ns2,sqz_coh,loss_in,0.95,0.45,5,2,50,27.0184,5,true,-27.0184,,,27.0184,75
sqz_coh_loss_in_eta0p95_pn0p5_Nt5_ns1,sqz_coh,loss_in,0.95,0.5,5,1,50,14.2071,3.94924,true,-14.2071,,,14.1804,75
sqz_coh_loss_in_eta0p95_pn0p5_Nt5_ns2,sqz_coh,loss_in,0.95,0.5,5,2,50,26.2649,5,true,-26.2649,,,26.2649,75
sqz_coh_loss_in_eta0p96_pn0_Nt5_ns1,sqz_coh,loss_in,0.96,0,5,1,50,47.2401,5.00002,true,-47.24,,,47.975,113
sqz_coh_loss_in_eta0p96_pn0_Nt5_ns2,sqz_coh,loss_in,0.96,0,5,2,50,47.4379,4.99961,true,-47.4379,,,48.2001,113
sqz_coh_loss_in_eta0p96_pn0_Nt5_ns3,sqz_coh,loss_in,0.96,0,5,3,50,47.5578,5.00001,true,-47.5578,,,48.0174,75
sqz_coh_loss_in_eta0p96_pn0p1_Nt5_ns1,sqz_coh,loss_in,0.96,0.1,5,1,50,27.0881,5,true,-27.0881,,,26.916,75
sqz_coh_loss_in_eta0p96_pn0p1_Nt5_ns2,sqz_coh,loss_in,0.96,0.1,5,2,50,37.7138,5,true,-37.7138,,,37.7138,75
sqz_coh_loss_in_eta0p96_pn0p1_Nt5_ns3,sqz_coh,loss_in,0.96,0.1,5,3,50,37.7352,4.99992,true,-37.7352,,,37.7352,75
sqz_coh_loss_in_eta0p96_pn0p2_Nt5_ns1,sqz_coh,loss_in,0.96,0.2,5,1,50,22.2514,4.99992,false,-22.2514,,,22.0867,75
sqz_coh_loss_in_eta0p96_pn0p2_Nt5_ns2,sqz_coh,loss_in,0.96,0.2,5,2,50,36.174,5,false,-36.174,,,36.174,75
sqz_coh_loss_in_eta0p96_pn0p2_Nt5_ns3,sqz_coh,loss_in,0.96,0.2,5,3,50,35.6702,5,false,-35.6702,,,35.6673,75
sqz_coh_loss_in_eta0p97_pn0_Nt5_ns1,sqz_coh,loss_in,0.97,0,5,1,50,53.2514,5.00003,true,-53.2514,,,54.1796,113
sqz_coh_loss_in_eta0p97_pn0_Nt5_ns2,sqz_coh,loss_in,0.97,0,5,2,50,53.4051,5.00002,true,-53.4051,,,54.2541,113
sqz_coh_loss_in_eta0p97_pn0_Nt5_ns3,sqz_coh,loss_in,0.97,0,5,3,50,53.7045,5.00001,true,-53.7045,,,53.3522,75
sqz_coh_loss_in_eta0p97_pn0p1_Nt5_ns1,sqz_coh,loss_in,0.97,0.1,5,1,50,31.848,5.00001,true,-31.848,,,31.5611,75
sqz_coh_loss_in_eta0p97_pn0p2_Nt5_ns1,sqz_coh,loss_in,0.97,0.2,5,1,50,27.5821,4.99994,false,-27.5821,,,27.2793,113
sqz_coh_loss_in_eta0p97_pn0p2_Nt5_ns2,sqz_coh,loss_in,0.97,0.2,5,2,50,41.3743,5.00001,false,-41.3743,,,41.374,75
sqz_coh_loss_in_eta0p97_pn0p2_Nt5_ns3,sqz_coh,loss_in,0.97,0.2,5,3,50,43.9663,5.00002,false,-43.9663,,,43.9663,75
sqz_coh_loss_in_eta0p98_pn0p2_Nt5_ns1,sqz_coh,loss_in,0.98,0.2,5,1,50,36.2773,4.99997,false,-36.2773,,,35.7592,113
sqz_coh_loss_in_eta0p98_pn0p2_Nt5_ns2,sqz_coh,loss_in,0.98,0.2,5,2,50,53.6414,5.00003,false,-53.6413,,,53.6414,75
sqz_coh_loss_in_eta0p98_pn0p2_Nt5_ns3,sqz_coh,loss_in,0.98,0.2,5,3,50,51.2184,5.00002,false,-51.2183,,,51.0884,75
sqz_coh_loss_in_eta0p99_pn0_Nt0p5_ns1,sqz_coh,loss_in,0.99,0,0.5,1,120,14.5192,0.500083,false,-14.5185,,,14.5192,180
sqz_coh_loss_in_eta0p99_pn0_Nt0p5_ns2,sqz_coh,loss_in,0.99,0,0.5,2,120,14.4985,0.500081,false,-14.4978,,,14.4985,180
sqz_coh_loss_in_eta0p99_pn0_Nt0p9_ns1,sqz_coh,loss_in,0.99,0,0.9,1,120,20.7395,0.900075,false,-20.7389,,,20.7395,180
sqz_coh_loss_in_eta0p99_pn0_Nt0p9_ns2,sqz_coh,loss_in,0.99,0,0.9,2,120,20.7395,0.900074,false,-20.7389,,,20.7395,180
sqz_coh_loss_in_eta0p99_pn0_Nt1_ns2,sqz_coh,loss_in,0.99,0,1,2,50,22.2401,1.00007,false,-22.2396,,,22.2401,75
sqz_coh_loss_in_eta0p99_pn0_Nt1p5_ns1,sqz_coh,loss_in,0.99,0,1.5,1,120,29.4403,1.50007,false,-29.4399,,,29.4403,180
sqz_coh_loss_in_eta0p99_pn0_Nt1p5_ns2,sqz_coh,loss_in,0.99,0,1.5,2,120,29.4497,1.50007,false,-29.4492,,,29.4497,180
sqz_coh_loss_in_eta0p99_pn0_Nt2p7_ns1,sqz_coh,loss_in,0.99,0,2.7,1,120,45.5475,2.70007,false,-45.5471,,,45.5475,180
sqz_coh_loss_in_eta0p99_pn0_Nt2p7_ns2,sqz_coh,loss_in,0.99,0,2.7,2,120,45.4785,2.70006,false,-45.4781,,,45.4785,180
sqz_coh_loss_in_eta0p99_pn0_Nt4p8_ns1,sqz_coh,loss_in,0.99,0,4.8,1,120,70.3839,4.80005,false,-70.3837,,,70.3865,180
sqz_coh_loss_in_eta0p99_pn0_Nt4p8_ns2,sqz_coh,loss_in,0.99,0,4.8,2,120,70.1242,4.80005,false,-70.1239,,,70.1417,180
sqz_coh_loss_in_eta0p99_pn0_Nt5_ns1,sqz_coh,loss_in,0.99,0,5,1,50,71.3623,5.00004,false,-71.3621,,,73.0272,113
sqz_coh_loss_in_eta0p99_pn0_Nt5_ns2,sqz_coh,loss_in,0.99,0,5,2,50,71.988,5.00004,false,-71.9878,,,72.5777,75
sqz_coh_loss_in_eta0p99_pn0_Nt8p4_ns1,sqz_coh,loss_in,0.99,0,8.4,1,120,105.406,8.39999,false,-105.406,,,105.683,180
sqz_coh_loss_in_eta0p99_pn0_Nt8p4_ns2,sqz_coh,loss_in,0.99,0,8.4,2,120,105.499,8.39999,false,-105.499,,,105.762,180
sqz_coh_loss_in_eta0p99_pn0_Nt14p7_ns1,sqz_coh,loss_in,0.99,0,14.7,1,120,146.595,14.6999,false,-146.595,,,151.32,270
sqz_coh_loss_in_eta0p99_pn0_Nt14p7_ns2,sqz_coh,loss_in,0.99,0,14.7,2,120,147.735,14.6999,false,-147.735,,,151.255,270
sqz_coh_loss_in_eta0p99_pn0_Nt25p9_ns1,sqz_coh,loss_in,0.99,0,25.9,1,120,176.694,25.8999,false,-176.694,,,199.963,405
sqz_coh_loss_in_eta0p99_pn0_Nt25p9_ns2,sqz_coh,loss_in,0.99,0,25.9,2,120,201.453,25.8999,false,-201.453,,,201.802,180
sqz_coh_loss_in_eta0p99_pn0_Nt45p5_ns1,sqz_coh,loss_in,0.99,0,45.5,1,120,203.922,45.4999,false,-203.922,,,232.402,500
sqz_coh_loss_in_eta0p99_pn0_Nt45p5_ns2,sqz_coh,loss_in,0.99,0,45.5,2,120,227.382,45.4998,false,-227.382,,,267.942,500
sqz_coh_loss_in_eta0p99_pn0_Nt80_ns1,sqz_coh,loss_in,0.99,0,80,1,120,221.062,61.7424,false,-221.062,,,279.753,500
sqz_coh_loss_in_eta0p99_pn0_Nt80_ns2,sqz_coh,loss_in,0.99,0,80,2,120,234.115,61.6482,false,-234.115,,,223.335,500
sqz_coh_loss_in_eta0p99_pn0p05_Nt1_ns2,sqz_coh,loss_in,0.99,0.05,1,2,50,21.6556,1.00007,false,-21.6551,,,21.6556,75
sqz_coh_loss_in_eta0p99_pn0p05_Nt5_ns1,sqz_coh,loss_in,0.99,0.05,5,1,50,57.7383,5.00001,false,-57.7383,,,57.4317,75
sqz_coh_loss_in_eta0p99_pn0p05_Nt5_ns2,sqz_coh,loss_in,0.99,0.05,5,2,50,69.2173,5.00005,false,-69.217,,,69.2173,75
sqz_coh_loss_in_eta0p99_pn0p1_Nt1_ns1,sqz_coh,loss_in,0.99,0.1,1,1,50,20.7361,1.00006,false,-20.7357,,,20.7361,75
sqz_coh_loss_in_eta0p99_pn0p1_Nt1_ns2,sqz_coh,loss_in,0.99,0.1,1,2,50,21.2589,1.00007,false,-21.2584,,,21.2589,75
sqz_coh_loss_in_eta0p99_pn0p1_Nt1_ns3,sqz_coh,loss_in,0.99,0.1,1,3,30,21.1893,1.00007,false,-21.1888,,,21.1893,60
sqz_coh_loss_in_eta0p99_pn0p1_Nt3_ns1,sqz_coh,loss_in,0.99,0.1,3,1,30,40.9043,3.00004,false,-40.9042,,,40.9368,60
sqz_coh_loss_in_eta0p99_pn0p1_Nt3_ns2,sqz_coh,loss_in,0.99,0.1,3,2,50,46.1533,3.00006,false,-46.1529,,,46.1533,75
sqz_coh_loss_in_eta0p99_pn0p1_Nt3_ns3,sqz_coh,loss_in,0.99,0.1,3,3,50,45.8095,3.00006,false,-45.8091,,,45.8095,75
sqz_coh_loss_in_eta0p99_pn0p1_Nt5_ns1,sqz_coh,loss_in,0.99,0.1,5,1,50,54.3247,5.00001,false,-54.3247,,,53.8971,75
sqz_coh_loss_in_eta0p99_pn0p1_Nt5_ns2,sqz_coh,loss_in,0.99,0.1,5,2,50,68.0708,5.00005,false,-68.0706,,,68.0708,75
sqz_coh_loss_in_eta0p99_pn0p15_Nt1_ns2,sqz_coh,loss_in,0.99,0.15,1,2,50,20.8785,1.00007,false,-20.8781,,,20.8785,75
sqz_coh_loss_in_eta0p99_pn0p15_Nt5_ns1,sqz_coh,loss_in,0.99,0.15,5,1,50,52.9523,5.00001,false,-52.9523,,,52.5044,75
sqz_coh_loss_in_eta0p99_pn0p15_Nt5_ns2,sqz_coh,loss_in,0.99,0.15,5,2,50,67.0344,5.00005,false,-67.0341,,,67.0344,75
sqz_coh_loss_in_eta0p99_pn0p2_Nt0p5_ns1,sqz_coh,loss_in,0.99,0.2,0.5,1,120,13.4534,0.500056,false,-13.4531,,,13.4534,180
sqz_coh_loss_in_eta0p99_pn0p2_Nt0p5_ns2,sqz_coh,loss_in,0.99,0.2,0.5,2,120,13.5913,0.500073,false,-13.5908,,,13.5913,180
sqz_coh_loss_in_eta0p99_pn0p2_Nt0p9_ns1,sqz_coh,loss_in,0.99,0.2,0.9,1,120,18.7434,0.900061,false,-18.743,,,18.7434,180
sqz_coh_loss_in_eta0p99_pn0p2_Nt0p9_ns2,sqz_coh,loss_in,0.99,0.2,0.9,2,120,18.779,0.900066,false,-18.7785,,,18.779,180
sqz_coh_loss_in_eta0p99_pn0p2_Nt1_ns1,sqz_coh,loss_in,0.99,0.2,1,1,30,19.5431,1.00004,false,-19.5429,,,19.5434,60
sqz_coh_loss_in_eta0p99_pn0p2_Nt1_ns2,sqz_coh,loss_in,0.99,0.2,1,2,50,20.5032,1.00006,false,-20.5028,,,20.5032,75
sqz_coh_loss_in_eta0p99_pn0p2_Nt1_ns3,sqz_coh,loss_in,0.99,0.2,1,3,30,17.9879,1.00005,false,-17.9877,,,17.9879,60
sqz_coh_loss_in_eta0p99_pn0p2_Nt1p5_ns1,sqz_coh,loss_in,0.99,0.2,1.5,1,120,25.5232,1.50005,false,-25.5229,,,25.5232,180
sqz_coh_loss_in_eta0p99_pn0p2_Nt2p7_ns1,sqz_coh,loss_in,0.99,0.2,2.7,1,120,36.4905,2.70004,false,-36.4903,,,36.4905,180
sqz_coh_loss_in_eta0p99_pn0p2_Nt3_ns1,sqz_coh,loss_in,0.99,0.2,3,1,30,38.9815,3.00003,false,-38.9814,,,38.9859,60
sqz_coh_loss_in_eta0p99_pn0p2_Nt3_ns2,sqz_coh,loss_in,0.99,0.2,3,2,30,38.7913,3.00004,false,-38.7911,,,38.9748,60
sqz_coh_loss_in_eta0p99_pn0p2_Nt3_ns3,sqz_coh,loss_in,0.99,0.2,3,3,30,36.0365,3.00003,false,-36.0364,,,35.9876,60
sqz_coh_loss_in_eta0p99_pn0p2_Nt4p8_ns1,sqz_coh,loss_in,0.99,0.2,4.8,1,120,49.8656,4.8,false,-49.8656,,,49.865,180
sqz_coh_loss_in_eta0p99_pn0p2_Nt5_ns1,sqz_coh,loss_in,0.99,0.2,5,1,50,51.8142,5.00001,false,-51.8142,,,51.3507,75
sqz_coh_loss_in_eta0p99_pn0p2_Nt5_ns2,sqz_coh,loss_in,0.99,0.2,5,2,50,65.8485,5.00005,false,-65.8482,,,65.8485,75
sqz_coh_loss_in_eta0p99_pn0p2_Nt5_ns3,sqz_coh,loss_in,0.99,0.2,5,3,50,65.7324,5.00005,false,-65.7322,,,65.7324,75
sqz_coh_loss_in_eta0p99_pn0p2_Nt8p4_ns1,sqz_coh,loss_in,0.99,0.2,8.4,1,120,63.6308,8.39991,false,-63.6308,,,63.5432,180
sqz_coh_loss_in_eta0p99_pn0p2_Nt8p4_ns2,sqz_coh,loss_in,0.99,0.2,8.4,2,120,94.5141,8.40003,false,-94.514,,,94.5141,180
sqz_coh_loss_in_eta0p99_pn0p2_Nt14p7_ns1,sqz_coh,loss_in,0.99,0.2,14.7,1,120,74.3563,14.7,false,-74.3561,,,72.3934,270
sqz_coh_loss_in_eta0p99_pn0p2_Nt14p7_ns2,sqz_coh,loss_in,0.99,0.2,14.7,2,120,127.241,14.7,false,-127.241,,,127.241,180
sqz_coh_loss_in_eta0p99_pn0p2_Nt25p9_ns1,sqz_coh,loss_in,0.99,0.2,25.9,1,120,86.254,25.8998,false,-86.254,,,69.6266,405
sqz_coh_loss_in_eta0p99_pn0p2_Nt25p9_ns2,sqz_coh,loss_in,0.99,0.2,25.9,2,120,107.804,25.8999,false,-107.804,,,85.6641,500
sqz_coh_loss_in_eta0p99_pn0p2_Nt45p5_ns1,sqz_coh,loss_in,0.99,0.2,45.5,1,120,129.246,44.303,false,-129.246,,,50.5746,500
sqz_coh_loss_in_eta0p99_pn0p2_Nt45p5_ns2,sqz_coh,loss_in,0.99,0.2,45.5,2,120,155.138,45.4999,false,-155.138,,,154.99,180
sqz_coh_loss_in_eta0p99_pn0p2_Nt80_ns1,sqz_coh,loss_in,0.99,0.2,80,1,120,128.302,61.7493,false,-128.302,,,8.15755,500
sqz_coh_loss_in_eta0p99_pn0p25_Nt1_ns2,sqz_coh,loss_in,0.99,0.25,1,2,50,20.0925,1.00006,false,-20.0921,,,20.0925,75
sqz_coh_loss_in_eta0p99_pn0p25_Nt5_ns1,sqz_coh,loss_in,0.99,0.25,5,1,50,50.6083,5.00001,false,-50.6083,,,50.136,75
sqz_coh_loss_in_eta0p99_pn0p25_Nt5_ns2,sqz_coh,loss_in,0.99,0.25,5,2,50,64.465,5.00005,false,-64.4647,,,64.465,75
sqz_coh_loss_in_eta0p99_pn0p3_Nt1_ns2,sqz_coh,loss_in,0.99,0.3,1,2,50,19.5494,1.00006,false,-19.549,,,19.5494,75
sqz_coh_loss_in_eta0p99_pn0p3_Nt5_ns1,sqz_coh,loss_in,0.99,0.3,5,1,50,49.3081,5,false,-49.3081,,,48.8271,75
sqz_coh_loss_in_eta0p99_pn0p3_Nt5_ns2,sqz_coh,loss_in,0.99,0.3,5,2,50,62.8925,5.00005,false,-62.8922,,,62.8925,75
sqz_coh_loss_in_eta0p99_pn0p35_Nt1_ns2,sqz_coh,loss_in,0.99,0.35,1,2,50,19.0431,1.00006,false,-19.0427,,,19.0431,75
sqz_coh_loss_in_eta0p99_pn0p35_Nt5_ns1,sqz_coh,loss_in,0.99,0.35,5,1,50,47.8871,5,false,-47.8871,,,47.3386,113
sqz_coh_loss_in_eta0p99_pn0p35_Nt5_ns2,sqz_coh,loss_in,0.99,0.35,5,2,50,61.1608,5.00005,false,-61.1606,,,61.1608,75
sqz_coh_loss_in_eta0p99_pn0p4_Nt1_ns2,sqz_coh,loss_in,0.99,0.4,1,2,50,18.2938,1.00006,false,-18.2935,,,18.2938,75
sqz_coh_loss_in_eta0p99_pn0p4_Nt5_ns1,sqz_coh,loss_in,0.99,0.4,5,1,50,46.3892,5,false,-46.3892,,,45.8264,113
sqz_coh_loss_in_eta0p99_pn0p4_Nt5_ns2,sqz_coh,loss_in,0.99,0.4,5,2,50,56.2654,5.00004,false,-56.2653,,,56.2653,75
sqz_coh_loss_in_eta0p99_pn0p45_Nt1_ns2,sqz_coh,loss_in,0.99,0.45,1,2,50,17.8724,1.00006,false,-17.872,,,17.8724,75
sqz_coh_loss_in_eta0p99_pn0p45_Nt5_ns1,sqz_coh,loss_in,0.99,0.45,5,1,50,44.762,5,false,-44.762,,,44.2387,113
sqz_coh_loss_in_eta0p99_pn0p45_Nt5_ns2,sqz_coh,loss_in,0.99,0.45,5,2,50,57.3786,5.00004,false,-57.3784,,,57.3786,75
sqz_coh_loss_in_eta0p99_pn0p5_Nt1_ns2,sqz_coh,loss_in,0.99,0.5,1,2,50,17.2582,1.00006,false,-17.2579,,,17.2582,75
sqz_coh_loss_in_eta0p99_pn0p5_Nt5_ns1,sqz_coh,loss_in,0.99,0.5,5,1,50,43.1988,5,false,-43.1988,,,42.6227,113
sqz_coh_loss_in_eta0p99_pn0p5_Nt5_ns2,sqz_coh,loss_in,0.99,0.5,5,2,50,55.4126,5.00004,false,-55.4124,,,55.4126,75
sqz_coh_loss_in_eta0p9_pn0_Nt0p5_ns1,sqz_coh,loss_in,0.9,0,0.5,1,120,11.6611,0.500035,false,-11.6609,,,11.6611,180
sqz_coh_loss_in_eta0p9_pn0_Nt0p5_ns2,sqz_coh,loss_in,0.9,0,0.5,2,120,11.7245,0.500048,false,-11.7243,,,11.7245,180
sqz_coh_loss_in_eta0p9_pn0_Nt0p9_ns1,sqz_coh,loss_in,0.9,0,0.9,1,120,15.0246,0.900035,false,-15.0245,,,15.0246,180
sqz_coh_loss_in_eta0p9_pn0_Nt0p9_ns2,sqz_coh,loss_in,0.9,0,0.9,2,120,15.0276,0.900035,false,-15.0275,,,15.025,180
sqz_coh_loss_in_eta0p9_pn0_Nt1_ns2,sqz_coh,loss_in,0.9,0,1,2,50,15.7225,1.00003,false,-15.7223,,,15.7225,75
sqz_coh_loss_in_eta0p9_pn0_Nt1p5_ns1,sqz_coh,loss_in,0.9,0,1.5,1,120,18.6633,1.50003,false,-18.6632,,,18.6633,180
sqz_coh_loss_in_eta0p9_pn0_Nt1p5_ns2,sqz_coh,loss_in,0.9,0,1.5,2,120,18.6628,1.50002,false,-18.6627,,,18.6628,180
sqz_coh_loss_in_eta0p9_pn0_Nt2p7_ns1,sqz_coh,loss_in,0.9,0,2.7,1,120,23.4253,2.70001,false,-23.4253,,,23.4253,180
sqz_coh_loss_in_eta0p9_pn0_Nt2p7_ns2,sqz_coh,loss_in,0.9,0,2.7,2,120,23.4156,2.7,false,-23.4156,,,23.4156,180
sqz_coh_loss_in_eta0p9_pn0_Nt4p8_ns1,sqz_coh,loss_in,0.9,0,4.8,1,120,28.06,4.79996,false,-28.06,,,28.0604,180
sqz_coh_loss_in_eta0p9_pn0_Nt4p8_ns2,sqz_coh,loss_in,0.9,0,4.8,2,120,28.0602,4.79994,false,-28.0602,,,28.0606,180
sqz_coh_loss_in_eta0p9_pn0_Nt5_ns1,sqz_coh,loss_in,0.9,0,5,1,50,28.1495,4.99995,false,-28.1495,,,28.3716,75
sqz_coh_loss_in_eta0p9_pn0_Nt5_ns2,sqz_coh,loss_in,0.9,0,5,2,50,28.2042,4.99996,false,-28.2042,,,28.4602,75
sqz_coh_loss_in_eta0p9_pn0_Nt5_ns3,sqz_coh,loss_in,0.9,0,5,3,50,27.553,5,false,-27.553,,,27.6059,75
sqz_coh_loss_in_eta0p9_pn0_Nt8p4_ns1,sqz_coh,loss_in,0.9,0,8.4,1,120,31.8974,8.39986,false,-31.8974,,,31.9269,180
sqz_coh_loss_in_eta0p9_pn0_Nt8p4_ns2,sqz_coh,loss_in,0.9,0,8.4,2,120,31.8967,8.39986,false,-31.8967,,,31.9259,180
sqz_coh_loss_in_eta0p9_pn0_Nt14p7_ns1,sqz_coh,loss_in,0.9,0,14.7,1,120,34.4212,14.6997,false,-34.4212,,,34.7232,180
sqz_coh_loss_in_eta0p9_pn0_Nt14p7_ns2,sqz_coh,loss_in,0.9,0,14.7,2,120,34.4192,14.6999,false,-34.4192,,,34.4732,180
sqz_coh_loss_in_eta0p9_pn0_Nt25p9_ns1,sqz_coh,loss_in,0.9,0,25.9,1,120,35.1166,20.977,false,-35.1166,,,36.4599,500
sqz_coh_loss_in_eta0p9_pn0_Nt25p9_ns2,sqz_coh,loss_in,0.9,0,25.9,2,120,35.8243,25.8998,false,-35.8243,,,36.7086,270
sqz_coh_loss_in_eta0p9_pn0_Nt45p5_ns1,sqz_coh,loss_in,0.9,0,45.5,1,120,35.1166,20.977,false,-35.1166,,,36.4599,500
sqz_coh_loss_in_eta0p9_pn0_Nt45p5_ns2,sqz_coh,loss_in,0.9,0,45.5,2,120,35.6284,27.1103,false,-35.6284,,,36.5224,405
sqz_coh_loss_in_eta0p9_pn0_Nt80_ns1,sqz_coh,loss_in,0.9,0,80,1,120,35.153,22.3307,false,-35.153,,,36.4447,270
sqz_coh_loss_in_eta0p9_pn0_Nt80_ns2,sqz_coh,loss_in,0.9,0,80,2,120,35.8086,28.0538,false,-35.8086,,,36.9965,405
sqz_coh_loss_in_eta0p9_pn0p05_Nt1_ns2,sqz_coh,loss_in,0.9,0.05,1,2,50,15.1407,1.00003,false,-15.1406,,,15.1407,75
sqz_coh_loss_in_eta0p9_pn0p05_Nt5_ns1,sqz_coh,loss_in,0.9,0.05,5,1,50,22.5676,4.99993,false,-22.5676,,,22.5781,75
sqz_coh_loss_in_eta0p9_pn0p05_Nt5_ns2,sqz_coh,loss_in,0.9,0.05,5,2,50,23.0454,4.99974,false,-23.0454,,,23.0486,75
sqz_coh_loss_in_eta0p9_pn0p05_Nt5_ns3,sqz_coh,loss_in,0.9,0.05,5,3,50,22.9693,5,false,-22.9693,,,22.9716,75
sqz_coh_loss_in_eta0p9_pn0p1_Nt1_ns2,sqz_coh,loss_in,0.9,0.1,1,2,50,14.1989,1.00002,false,-14.1988,,,14.1989,75
sqz_coh_loss_in_eta0p9_pn0p1_Nt5_ns1,sqz_coh,loss_in,0.9,0.1,5,1,50,16.9439,4.99992,false,-16.9439,,,16.935,75
sqz_coh_loss_in_eta0p9_pn0p1_Nt5_ns2,sqz_coh,loss_in,0.9,0.1,5,2,50,19.9458,5,false,-19.9458,,,19.9458,75
sqz_coh_loss_in_eta0p9_pn0p1_Nt5_ns3,sqz_coh,loss_in,0.9,0.1,5,3,50,19.9352,4.99999,false,-19.9352,,,19.9352,75
sqz_coh_loss_in_eta0p9_pn0p1_Nt5_ns4,sqz_coh,loss_in,0.9,0.1,5,4,50,20.085,5,false,-20.085,,,20.085,75
sqz_coh_loss_in_eta0p9_pn0p1_Nt5_ns5,sqz_coh,loss_in,0.9,0.1,5,5,50,19.9015,5,false,-19.9015,,,19.9015,75
sqz_coh_loss_in_eta0p9_pn0p1_Nt5_ns6,sqz_coh,loss_in,0.9,0.1,5,6,50,20.196,5,false,-20.196,,,20.196,75
sqz_coh_loss_in_eta0p9_pn0p1_Nt5_ns8,sqz_coh,loss_in,0.9,0.1,5,8,50,20.1193,5,false,-20.1193,,,20.1025,75
sqz_coh_loss_in_eta0p9_pn0p1_Nt5_ns9,sqz_coh,loss_in,0.9,0.1,5,9,50,19.9897,5,false,-19.9897,,,19.9814,75
sqz_coh_loss_in_eta0p9_pn0p15_Nt1_ns2,sqz_coh,loss_in,0.9,0.15,1,2,50,13.6357,1.00002,false,-13.6357,,,13.6357,75
sqz_coh_loss_in_eta0p9_pn0p15_Nt5_ns1,sqz_coh,loss_in,0.9,0.15,5,1,50,14.1077,4.99996,false,-14.1077,,,14.1068,75
sqz_coh_loss_in_eta0p9_pn0p15_Nt5_ns2,sqz_coh,loss_in,0.9,0.15,5,2,50,18.8424,5,false,-18.8424,,,18.8424,75
sqz_coh_loss_in_eta0p9_pn0p15_Nt5_ns3,sqz_coh,loss_in,0.9,0.15,5,3,50,19.2522,5,false,-19.2522,,,19.2522,75
sqz_coh_loss_in_eta0p9_pn0p2_Nt0p5_ns1,sqz_coh,loss_in,0.9,0.2,0.5,1,120,9.768,0.500027,false,-9.76792,,,9.768,180
sqz_coh_loss_in_eta0p9_pn0p2_Nt0p5_ns2,sqz_coh,loss_in,0.9,0.2,0.5,2,120,9.94612,0.500034,false,-9.946,,,9.94612,180
sqz_coh_loss_in_eta0p9_pn0p2_Nt0p9_ns1,sqz_coh,loss_in,0.9,0.2,0.9,1,120,11.2129,0.900012,false,-11.2128,,,11.2129,180
sqz_coh_loss_in_eta0p9_pn0p2_Nt0p9_ns2,sqz_coh,loss_in,0.9,0.2,0.9,2,120,12.6409,0.900024,false,-12.6408,,,12.6409,180
sqz_coh_loss_in_eta0p9_pn0p2_Nt1_ns2,sqz_coh,loss_in,0.9,0.2,1,2,50,12.9375,1.00002,false,-12.9375,,,12.9375,75
sqz_coh_loss_in_eta0p9_pn0p2_Nt1p5_ns1,sqz_coh,loss_in,0.9,0.2,1.5,1,120,12.1069,1.5,false,-12.1069,,,12.1069,180
sqz_coh_loss_in_eta0p9_pn0p2_Nt1p5_ns2,sqz_coh,loss_in,0.9,0.2,1.5,2,120,14.77,1.50001,false,-14.7699,,,14.77,180
sqz_coh_loss_in_eta0p9_pn0p2_Nt2p7_ns1,sqz_coh,loss_in,0.9,0.2,2.7,1,120,12.3845,2.69997,false,-12.3845,,,12.3845,180
sqz_coh_loss_in_eta0p9_pn0p2_Nt2p7_ns2,sqz_coh,loss_in,0.9,0.2,2.7,2,120,16.224,2.7,false,-16.224,,,16.224,180
sqz_coh_loss_in_eta0p9_pn0p2_Nt3_ns1,sqz_coh,loss_in,0.9,0.2,3,1,50,12.4042,2.99997,false,-12.4042,,,12.404,75
sqz_coh_loss_in_eta0p9_pn0p2_Nt3p5_ns1,sqz_coh,loss_in,0.9,0.2,3.5,1,50,12.4359,3.49994,false,-12.4359,,,12.4358,75
sqz_coh_loss_in_eta0p9_pn0p2_Nt4_ns1,sqz_coh,loss_in,0.9,0.2,4,1,50,12.466,3.99999,false,-12.466,,,12.4659,75
sqz_coh_loss_in_eta0p9_pn0p2_Nt4_ns2,sqz_coh,loss_in,0.9,0.2,4,2,50,17.3033,4,false,-17.3033,,,17.3033,75
sqz_coh_loss_in_eta0p9_pn0p2_Nt4p5_ns1,sqz_coh,loss_in,0.9,0.2,4.5,1,50,12.4947,4.49997,false,-12.4947,,,12.4945,75
sqz_coh_loss_in_eta0p9_pn0p2_Nt4p5_ns2,sqz_coh,loss_in,0.9,0.2,4.5,2,50,17.4944,4.49996,false,-17.4944,,,17.4944,75
sqz_coh_loss_in_eta0p9_pn0p2_Nt4p8_ns1,sqz_coh,loss_in,0.9,0.2,4.8,1,120,12.5116,4.79997,false,-12.5116,,,12.5116,180
sqz_coh_loss_in_eta0p9_pn0p2_Nt4p8_ns2,sqz_coh,loss_in,0.9,0.2,4.8,2,120,17.7699,4.8,false,-17.7699,,,17.7699,180
sqz_coh_loss_in_eta0p9_pn0p2_Nt5_ns1,sqz_coh,loss_in,0.9,0.2,5,1,50,12.5229,4.99997,false,-12.5229,,,12.5227,75
sqz_coh_loss_in_eta0p9_pn0p2_Nt5_ns2,sqz_coh,loss_in,0.9,0.2,5,2,50,18.2501,5,false,-18.2501,,,18.2501,75
sqz_coh_loss_in_eta0p9_pn0p2_Nt5_ns3,sqz_coh,loss_in,0.9,0.2,5,3,50,18.3661,4.99999,false,-18.3661,,,18.3661,75
sqz_coh_loss_in_eta0p9_pn0p2_Nt5_ns5,sqz_coh,loss_in,0.9,0.2,5,5,50,18.7795,5,false,-18.7795,,,18.7794,75
sqz_coh_loss_in_eta0p9_pn0p2_Nt5_ns6,sqz_coh,loss_in,0.9,0.2,5,6,50,19.0634,5,false,-19.0634,,,19.0634,75
sqz_coh_loss_in_eta0p9_pn0p2_Nt5_ns7,sqz_coh,loss_in,0.9,0.2,5,7,50,19.1412,5.00001,false,-19.1412,,,19.1412,75
sqz_coh_loss_in_eta0p9_pn0p2_Nt5_ns9,sqz_coh,loss_in,0.9,0.2,5,9,50,18.9221,4.9987,false,-18.9221,,,18.922,75
sqz_coh_loss_in_eta0p9_pn0p2_Nt5p5_ns1,sqz_coh,loss_in,0.9,0.2,5.5,1,50,12.5496,5.49997,false,-12.5496,,,12.5494,75
sqz_coh_loss_in_eta0p9_pn0p2_Nt5p5_ns3,sqz_coh,loss_in,0.9,0.2,5.5,3,50,18.5397,5.5,false,-18.5397,,,18.5359,75
sqz_coh_loss_in_eta0p9_pn0p2_Nt6_ns1,sqz_coh,loss_in,0.9,0.2,6,1,50,12.5762,5.99996,false,-12.5762,,,12.576,75
sqz_coh_loss_in_eta0p9_pn0p2_Nt6p5_ns1,sqz_coh,loss_in,0.9,0.2,6.5,1,50,12.602,6.49974,false,-12.602,,,12.6018,75
sqz_coh_loss_in_eta0p9_pn0p2_Nt7_ns1,sqz_coh,loss_in,0.9,0.2,7,1,50,12.6265,6.99995,false,-12.6265,,,12.6262,75
sqz_coh_loss_in_eta0p9_pn0p2_Nt7p5_ns1,sqz_coh,loss_in,0.9,0.2,7.5,1,50,12.6519,7.50001,false,-12.6519,,,12.6516,75
sqz_coh_loss_in_eta0p9_pn0p2_Nt7p5_ns2,sqz_coh,loss_in,0.9,0.2,7.5,2,50,18.7975,7.49998,false,-18.7975,,,18.7967,75
sqz_coh_loss_in_eta0p9_pn0p2_Nt8_ns1,sqz_coh,loss_in,0.9,0.2,8,1,50,12.6758,7.99998,false,-12.6758,,,12.6755,75
sqz_coh_loss_in_eta0p9_pn0p2_Nt8_ns2,sqz_coh,loss_in,0.9,0.2,8,2,50,19.4004,7.99994,false,-19.4004,,,19.4001,75
sqz_coh_loss_in_eta0p9_pn0p2_Nt8p4_ns1,sqz_coh,loss_in,0.9,0.2,8.4,1,120,12.6942,8.39994,false,-12.6942,,,12.6942,180
sqz_coh_loss_in_eta0p9_pn0p2_Nt8p5_ns3,sqz_coh,loss_in,0.9,0.2,8.5,3,50,19.857,8.5,false,-19.857,,,19.857,75
sqz_coh_loss_in_eta0p9_pn0p2_Nt9p5_ns1,sqz_coh,loss_in,0.9,0.2,9.5,1,50,12.7463,9.4999,false,-12.7463,,,12.746,75
sqz_coh_loss_in_eta0p9_pn0p2_Nt10_ns1,sqz_coh,loss_in,0.9,0.2,10,1,50,12.769,9.99991,false,-12.769,,,12.7686,75
sqz_coh_loss_in_eta0p9_pn0p2_Nt10p5_ns1,sqz_coh,loss_in,0.9,0.2,10.5,1,50,12.7915,10.5,false,-12.7914,,,12.791,75
sqz_coh_loss_in_eta0p9_pn0p2_Nt10p5_ns2,sqz_coh,loss_in,0.9,0.2,10.5,2,50,19.1078,10.5,false,-19.1078,,,19.1075,75
sqz_coh_loss_in_eta0p9_pn0p2_Nt11_ns1,sqz_coh,loss_in,0.9,0.2,11,1,50,12.8135,10.9999,false,-12.8135,,,12.813,75
sqz_coh_loss_in_eta0p9_pn0p2_Nt14p7_ns1,sqz_coh,loss_in,0.9,0.2,14.7,1,120,12.9692,14.6999,false,-12.9692,,,12.9692,180
sqz_coh_loss_in_eta0p9_pn0p2_Nt25p9_ns1,sqz_coh,loss_in,0.9,0.2,25.9,1,120,22.5875,25.8992,false,-22.5875,,,16.5589,500
sqz_coh_loss_in_eta0p9_pn0p2_Nt45p5_ns1,sqz_coh,loss_in,0.9,0.2,45.5,1,120,14.013,45.4995,false,-14.013,,,14.013,180
sqz_coh_loss_in_eta0p9_pn0p2_Nt80_ns1,sqz_coh,loss_in,0.9,0.2,80,1,120,25.3108,39.3675,false,-25.3108,,,14.3385,500
sqz_coh_loss_in_eta0p9_pn0p2_Nt80_ns2,sqz_coh,loss_in,0.9,0.2,80,2,120,18.8287,79.7188,false,-18.8287,,,11.2396,405
sqz_coh_loss_in_eta0p9_pn0p25_Nt1_ns2,sqz_coh,loss_in,0.9,0.25,1,2,50,12.7331,1.00002,false,-12.733,,,12.7331,75
sqz_coh_loss_in_eta0p9_pn0p25_Nt5_ns1,sqz_coh,loss_in,0.9,0.25,5,1,50,11.4981,4.99997,false,-11.4981,,,11.4981,75
sqz_coh_loss_in_eta0p9_pn0p25_Nt5_ns2,sqz_coh,loss_in,0.9,0.25,5,2,50,17.7868,5,false,-17.7868,,,17.7868,75
sqz_coh_loss_in_eta0p9_pn0p25_Nt5_ns3,sqz_coh,loss_in,0.9,0.25,5,3,50,17.9202,5,false,-17.9202,,,17.9201,75
sqz_coh_loss_in_eta0p9_pn0p3_Nt1_ns2,sqz_coh,loss_in,0.9,0.3,1,2,50,12.3361,1.00002,false,-12.336,,,12.3361,75
sqz_coh_loss_in_eta0p9_pn0p3_Nt5_ns1,sqz_coh,loss_in,0.9,0.3,5,1,50,10.7374,4.99997,false,-10.7374,,,10.7374,75
sqz_coh_loss_in_eta0p9_pn0p3_Nt5_ns2,sqz_coh,loss_in,0.9,0.3,5,2,50,17.3256,5,false,-17.3256,,,17.3256,75
sqz_coh_loss_in_eta0p9_pn0p3_Nt5_ns3,sqz_coh,loss_in,0.9,0.3,5,3,50,17.6848,4.99969,false,-17.6848,,,17.6848,75
sqz_coh_loss_in_eta0p9_pn0p35_Nt1_ns2,sqz_coh,loss_in,0.9,0.35,1,2,50,11.9116,1.00002,false,-11.9116,,,11.9116,75
sqz_coh_loss_in_eta0p9_pn0p35_Nt5_ns1,sqz_coh,loss_in,0.9,0.35,5,1,50,10.1101,4.99984,false,-10.1101,,,10.1101,75
sqz_coh_loss_in_eta0p9_pn0p35_Nt5_ns2,sqz_coh,loss_in,0.9,0.35,5,2,50,16.8518,5,false,-16.8518,,,16.8518,75
sqz_coh_loss_in_eta0p9_pn0p35_Nt5_ns3,sqz_coh,loss_in,0.9,0.35,5,3,50,17.558,5,false,-17.558,,,17.558,75
sqz_coh_loss_in_eta0p9_pn0p4_Nt1_ns2,sqz_coh,loss_in,0.9,0.4,1,2,50,11.4232,1.00002,false,-11.4232,,,11.4232,75
sqz_coh_loss_in_eta0p9_pn0p4_Nt5_ns1,sqz_coh,loss_in,0.9,0.4,5,1,50,9.55614,4.99986,false,-9.55614,,,9.55613,75
sqz_coh_loss_in_eta0p9_pn0p4_Nt5_ns2,sqz_coh,loss_in,0.9,0.4,5,2,50,16.366,5,false,-16.366,,,16.366,75
sqz_coh_loss_in_eta0p9_pn0p4_Nt5_ns3,sqz_coh,loss_in,0.9,0.4,5,3,50,17.2343,4.99733,false,-17.2343,,,17.2343,75
sqz_coh_loss_in_eta0p9_pn0p45_Nt1_ns2,sqz_coh,loss_in,0.9,0.45,1,2,50,11.2063,1.00002,false,-11.2062,,,11.2063,75
sqz_coh_loss_in_eta0p9_pn0p45_Nt5_ns1,sqz_coh,loss_in,0.9,0.45,5,1,50,9.0469,4.99996,false,-9.0469,,,9.04689,75
sqz_coh_loss_in_eta0p9_pn0p45_Nt5_ns2,sqz_coh,loss_in,0.9,0.45,5,2,50,15.872,5,false,-15.872,,,15.872,75
sqz_coh_loss_in_eta0p9_pn0p45_Nt5_ns3,sqz_coh,loss_in,0.9,0.45,5,3,50,16.3786,5,false,-16.3786,,,16.3781,75
sqz_coh_loss_in_eta0p9_pn0p5_Nt1_ns2,sqz_coh,loss_in,0.9,0.5,1,2,50,10.8086,1.00002,false,-10.8085,,,10.8086,75
sqz_coh_loss_in_eta0p9_pn0p5_Nt5_ns1,sqz_coh,loss_in,0.9,0.5,5,1,50,8.57158,4.9998,false,-8.57158,,,8.57158,75
sqz_coh_loss_in_eta0p9_pn0p5_Nt5_ns2,sqz_coh,loss_in,0.9,0.5,5,2,50,15.3749,5,false,-15.3749,,,15.3749,75
sqz_coh_loss_in_eta0p9_pn0p5_Nt5_ns3,sqz_coh,loss_in,0.9,0.5,5,3,50,15.5464,4.99527,false,-15.5464,,,15.5464,75
sqz_coh_loss_in_eta1_pn0_Nt0p5_ns1,sqz_coh,loss_in,1,0,0.5,1,120,14.8541,0.500077,false,-14.8535,,,14.8541,180
sqz_coh_loss_in_eta1_pn0_Nt0p5_ns2,sqz_coh,loss_in,1,0,0.5,2,120,14.9261,0.500087,false,-14.9254,,,14.9261,180
sqz_coh_loss_in_eta1_pn0_Nt0p9_ns1,sqz_coh,loss_in,1,0,0.9,1,120,21.6605,0.900081,false,-21.6598,,,21.6605,180
sqz_coh_loss_in_eta1_pn0_Nt0p9_ns2,sqz_coh,loss_in,1,0,0.9,2,120,21.6612,0.900083,false,-21.6605,,,21.6612,180
sqz_coh_loss_in_eta1_pn0_Nt1p5_ns1,sqz_coh,loss_in,1,0,1.5,1,120,31.4846,1.50008,false,-31.484,,,31.4846,180
sqz_coh_loss_in_eta1_pn0_Nt1p5_ns2,sqz_coh,loss_in,1,0,1.5,2,120,31.3463,1.50008,false,-31.3456,,,31.3483,180
sqz_coh_loss_in_eta1_pn0_Nt2p7_ns1,sqz_coh,loss_in,1,0,2.7,1,120,50.8428,2.70008,false,-50.8421,,,50.8428,180
sqz_coh_loss_in_eta1_pn0_Nt4p8_ns1,sqz_coh,loss_in,1,0,4.8,1,120,84.5216,4.80008,false,-84.521,,,84.5258,180
sqz_coh_loss_in_eta1_pn0_Nt5_ns1,sqz_coh,loss_in,1,0,5,1,50,85.9874,5.00007,false,-85.9869,,,88.4285,113
sqz_coh_loss_in_eta1_pn0_Nt5_ns2,sqz_coh,loss_in,1,0,5,2,50,86.3749,5.00008,false,-86.3742,,,86.3788,75
sqz_coh_loss_in_eta1_pn0_Nt5_ns3,sqz_coh,loss_in,1,0,5,3,50,87.6787,5.00004,true,-87.6786,,,88.6829,113
sqz_coh_loss_in_eta1_pn0_Nt8p4_ns1,sqz_coh,loss_in,1,0,8.4,1,120,141.419,8.40005,false,-141.418,,,141.908,180
sqz_coh_loss_in_eta1_pn0_Nt14p7_ns1,sqz_coh,loss_in,1,0,14.7,1,120,231.333,14.7,false,-231.333,,,243.33,270
sqz_coh_loss_in_eta1_pn0_Nt14p7_ns2,sqz_coh,loss_in,1,0,14.7,2,120,241.664,14.7001,false,-241.663,,,243.739,180
sqz_coh_loss_in_eta1_pn0_Nt25p9_ns1,sqz_coh,loss_in,1,0,25.9,1,120,303.267,25.8996,false,-303.267,,,384.818,500
sqz_coh_loss_in_eta1_pn0_Nt25p9_ns2,sqz_coh,loss_in,1,0,25.9,2,120,416.865,25.9,false,-416.865,,,429.626,270
sqz_coh_loss_in_eta1_pn0_Nt45p5_ns1,sqz_coh,loss_in,1,0,45.5,1,120,564.472,45.5001,false,-564.471,,,441.711,500
sqz_coh_loss_in_eta1_pn0_Nt45p5_ns2,sqz_coh,loss_in,1,0,45.5,2,120,700.187,45.5001,false,-700.187,,,805.787,405
sqz_coh_loss_in_eta1_pn0_Nt80_ns1,sqz_coh,loss_in,1,0,80,1,120,1195.02,79.9999,false,-1195.02,,,74.1826,500
sqz_coh_loss_in_eta1_pn0p05_Nt5_ns1,sqz_coh,loss_in,1,0.05,5,1,50,85.3846,5.00007,false,-85.3842,,,87.8061,113
sqz_coh_loss_in_eta1_pn0p05_Nt5_ns2,sqz_coh,loss_in,1,0.05,5,2,50,86.7563,5.00008,false,-86.7556,,,87.9439,113
sqz_coh_loss_in_eta1_pn0p1_Nt5_ns1,sqz_coh,loss_in,1,0.1,5,1,50,85.1973,5.00007,false,-85.1969,,,87.62,113
sqz_coh_loss_in_eta1_pn0p1_Nt5_ns2,sqz_coh,loss_in,1,0.1,5,2,50,86.1877,5.00008,false,-86.187,,,86.9877,75
sqz_coh_loss_in_eta1_pn0p1_Nt5_ns3,sqz_coh,loss_in,1,0.1,5,3,50,86.7819,5.00011,true,-86.7806,,,86.9154,75
sqz_coh_loss_in_eta1_pn0p15_Nt5_ns1,sqz_coh,loss_in,1,0.15,5,1,50,84.2131,5.00007,false,-84.2126,,,86.5614,113
sqz_coh_loss_in_eta1_pn0p15_Nt5_ns2,sqz_coh,loss_in,1,0.15,5,2,50,85.1946,5.00007,false,-85.1941,,,85.7184,75
sqz_coh_loss_in_eta1_pn0p2_Nt0p5_ns1,sqz_coh,loss_in,1,0.2,0.5,1,120,14.3638,0.500083,false,-14.3631,,,14.3638,180
sqz_coh_loss_in_eta1_pn0p2_Nt0p9_ns1,sqz_coh,loss_in,1,0.2,0.9,1,120,20.8239,0.900078,false,-20.8232,,,20.8239,180
sqz_coh_loss_in_eta1_pn0p2_Nt0p9_ns2,sqz_coh,loss_in,1,0.2,0.9,2,120,20.8416,0.90008,false,-20.8409,,,20.8416,180
sqz_coh_loss_in_eta1_pn0p2_Nt1_ns2,sqz_coh,loss_in,1,0.2,1,2,50,22.4445,1.00008,false,-22.4439,,,22.4445,75
sqz_coh_loss_in_eta1_pn0p2_Nt1p5_ns1,sqz_coh,loss_in,1,0.2,1.5,1,120,30.3016,1.50008,false,-30.3011,,,30.3016,180
sqz_coh_loss_in_eta1_pn0p2_Nt1p5_ns2,sqz_coh,loss_in,1,0.2,1.5,2,120,30.2146,1.50008,false,-30.214,,,30.2146,180
sqz_coh_loss_in_eta1_pn0p2_Nt2p7_ns1,sqz_coh,loss_in,1,0.2,2.7,1,120,48.8415,2.70008,false,-48.8409,,,48.8415,180
sqz_coh_loss_in_eta1_pn0p2_Nt2p7_ns2,sqz_coh,loss_in,1,0.2,2.7,2,120,48.914,2.70008,false,-48.9134,,,48.914,180
sqz_coh_loss_in_eta1_pn0p2_Nt4p8_ns1,sqz_coh,loss_in,1,0.2,4.8,1,120,81.1646,4.80007,false,-81.1641,,,81.1681,180
sqz_coh_loss_in_eta1_pn0p2_Nt4p8_ns2,sqz_coh,loss_in,1,0.2,4.8,2,120,81.3415,4.80008,false,-81.3409,,,81.3452,180
sqz_coh_loss_in_eta1_pn0p2_Nt5_ns1,sqz_coh,loss_in,1,0.2,5,1,50,82.3802,5.00007,false,-82.3797,,,84.629,113
sqz_coh_loss_in_eta1_pn0p2_Nt5_ns2,sqz_coh,loss_in,1,0.2,5,2,50,84.1493,5.00008,false,-84.1488,,,84.3339,75
sqz_coh_loss_in_eta1_pn0p2_Nt5_ns3,sqz_coh,loss_in,1,0.2,5,3,50,82.8933,5.00007,false,-82.8928,,,84.9623,113
sqz_coh_loss_in_eta1_pn0p2_Nt8p4_ns1,sqz_coh,loss_in,1,0.2,8.4,1,120,136.326,8.40005,false,-136.325,,,136.788,180
sqz_coh_loss_in_eta1_pn0p2_Nt8p4_ns2,sqz_coh,loss_in,1,0.2,8.4,2,120,136.418,8.40005,false,-136.418,,,136.88,180
sqz_coh_loss_in_eta1_pn0p2_Nt14p7_ns1,sqz_coh,loss_in,1,0.2,14.7,1,120,222.873,14.7,false,-222.873,,,234.119,270
sqz_coh_loss_in_eta1_pn0p2_Nt25p9_ns1,sqz_coh,loss_in,1,0.2,25.9,1,120,323.774,25.8999,false,-323.774,,,426.427,500
sqz_coh_loss_in_eta1_pn0p2_Nt45p5_ns1,sqz_coh,loss_in,1,0.2,45.5,1,120,503.638,45.5001,false,-503.637,,,167.633,500
sqz_coh_loss_in_eta1_pn0p2_Nt80_ns1,sqz_coh,loss_in,1,0.2,80,1,120,1039.72,79.9999,false,-1039.72,,,1.5641,500
sqz_coh_loss_in_eta1_pn0p25_Nt5_ns1,sqz_coh,loss_in,1,0.25,5,1,50,81.085,5.00007,false,-81.0845,,,83.2855,113
sqz_coh_loss_in_eta1_pn0p25_Nt5_ns2,sqz_coh,loss_in,1,0.25,5,2,50,81.3877,5.00007,false,-81.3873,,,83.0603,113
sqz_coh_loss_in_eta1_pn0p3_Nt5_ns1,sqz_coh,loss_in,1,0.3,5,1,50,79.072,5.00007,false,-79.0716,,,81.1753,113
sqz_coh_loss_in_eta1_pn0p3_Nt5_ns2,sqz_coh,loss_in,1,0.3,5,2,50,79.9646,5.00007,false,-79.9641,,,80.5199,75
sqz_coh_loss_in_eta1_pn0p35_Nt5_ns1,sqz_coh,loss_in,1,0.35,5,1,50,76.9314,5.00006,false,-76.931,,,78.9228,113
sqz_coh_loss_in_eta1_pn0p35_Nt5_ns2,sqz_coh,loss_in,1,0.35,5,2,50,75.4922,5.00007,false,-75.4917,,,77.1096,113
sqz_coh_loss_in_eta1_pn0p4_Nt5_ns1,sqz_coh,loss_in,1,0.4,5,1,50,74.5521,5.00006,false,-74.5518,,,76.4253,113
sqz_coh_loss_in_eta1_pn0p4_Nt5_ns2,sqz_coh,loss_in,1,0.4,5,2,50,74.7445,5.00007,false,-74.744,,,74.7411,75
sqz_coh_loss_in_eta1_pn0p45_Nt5_ns1,sqz_coh,loss_in,1,0.45,5,1,50,72.0018,5.00006,false,-72.0014,,,73.7732,113
sqz_coh_loss_in_eta1_pn0p45_Nt5_ns2,sqz_coh,loss_in,1,0.45,5,2,50,71.7142,5.00008,false,-71.7136,,,71.7142,75
sqz_coh_loss_in_eta1_pn0p5_Nt5_ns1,sqz_coh,loss_in,1,0.5,5,1,50,69.5039,5.00006,false,-69.5036,,,71.1249,113
sqz_coh_loss_in_eta1_pn0p5_Nt5_ns2,sqz_coh,loss_in,1,0.5,5,2,50,69.0526,5.00005,false,-69.0524,,,69.2723,75
sqz_vac_loss_ch_eta0p05_pn0_Nt5_ns1,sqz_vac,loss_ch,0.05,0,5,1,50,0.222483,2.57956,false,-1.13048,,,1.12639,75
sqz_vac_loss_ch_eta0p05_pn0_Nt5_ns2,sqz_vac,loss_ch,0.05,0,5,2,50,0.222571,3.95394,false,-1.13173,,,1.12729,75
sqz_vac_loss_ch_eta0p05_pn0_Nt5_ns3,sqz_vac,loss_ch,0.05,0,5,3,50,0.222445,3.82133,false,-1.13172,,,1.12735,75
sqz_vac_loss_ch_eta0p05_pn0p1_Nt5_ns1,sqz_vac,loss_ch,0.05,0.1,5,1,50,0.223472,1.83027,false,-1.12492,,,1.11954,113
sqz_vac_loss_ch_eta0p05_pn0p1_Nt5_ns2,sqz_vac,loss_ch,0.05,0.1,5,2,50,0.223724,1.76107,false,-1.12498,,,1.11946,75
sqz_vac_loss_ch_eta0p05_pn0p1_Nt5_ns3,sqz_vac,loss_ch,0.05,0.1,5,3,50,0.223626,1.77063,false,-1.12495,,,1.12234,75
sqz_vac_loss_ch_eta0p05_pn0p2_Nt5_ns1,sqz_vac,loss_ch,0.05,0.2,5,1,50,0.232287,0.432434,false,-1.11715,,,1.10724,113
sqz_vac_loss_ch_eta0p05_pn0p2_Nt5_ns2,sqz_vac,loss_ch,0.05,0.2,5,2,50,0.236225,0.479939,false,-1.11875,,,1.10723,113
sqz_vac_loss_ch_eta0p05_pn0p2_Nt5_ns3,sqz_vac,loss_ch,0.05,0.2,5,3,50,0.234232,0.555697,false,-1.1185,,,1.1143,255
sqz_vac_loss_ch_eta0p15_pn0_Nt5_ns1,sqz_vac,loss_ch,0.15,0,5,1,50,0.698312,3.89149,false,-1.9398,,,1.94374,75
sqz_vac_loss_ch_eta0p15_pn0_Nt5_ns2,sqz_vac,loss_ch,0.15,0,5,2,50,0.699931,4.99974,false,-1.94415,,,1.94559,75
sqz_vac_loss_ch_eta0p15_pn0_Nt5_ns3,sqz_vac,loss_ch,0.15,0,5,3,50,0.701529,4.99991,false,-1.94598,,,1.94612,75
sqz_vac_loss_ch_eta0p15_pn0p1_Nt5_ns1,sqz_vac,loss_ch,0.15,0.1,5,1,50,0.683402,1.92997,false,-1.89801,,,1.89735,75
sqz_vac_loss_ch_eta0p15_pn0p1_Nt5_ns2,sqz_vac,loss_ch,0.15,0.1,5,2,50,0.687183,2.18299,false,-1.90002,,,1.89713,75
sqz_vac_loss_ch_eta0p15_pn0p1_Nt5_ns3,sqz_vac,loss_ch,0.15,0.1,5,3,50,0.6872,1.94412,false,-1.90007,,,1.89727,75
sqz_vac_loss_ch_eta0p15_pn0p2_Nt5_ns1,sqz_vac,loss_ch,0.15,0.2,5,1,50,0.664523,0.784531,false,-1.84135,,,1.83627,75
sqz_vac_loss_ch_eta0p15_pn0p2_Nt5_ns2,sqz_vac,loss_ch,0.15,0.2,5,2,50,0.66757,0.74355,false,-1.84318,,,1.83963,75
sqz_vac_loss_ch_eta0p15_pn0p2_Nt5_ns3,sqz_vac,loss_ch,0.15,0.2,5,3,50,0.665959,0.831937,false,-1.84227,,,1.8393,75
sqz_vac_loss_ch_eta0p1_pn0_Nt5_ns1,sqz_vac,loss_ch,0.1,0,5,1,50,0.441486,2.96921,false,-1.55401,,,1.55518,75
sqz_vac_loss_ch_eta0p1_pn0_Nt5_ns2,sqz_vac,loss_ch,0.1,0,5,2,50,0.447718,4.35948,false,-1.55962,,,1.55652,75
sqz_vac_loss_ch_eta0p1_pn0_Nt5_ns3,sqz_vac,loss_ch,0.1,0,5,3,50,0.445114,4.38355,false,-1.55861,,,1.55721,75
sqz_vac_loss_ch_eta0p1_pn0p1_Nt5_ns1,sqz_vac,loss_ch,0.1,0.1,5,1,50,0.438632,1.86885,false,-1.53575,,,1.53397,75
sqz_vac_loss_ch_eta0p1_pn0p1_Nt5_ns2,sqz_vac,loss_ch,0.1,0.1,5,2,50,0.438586,2.04923,false,-1.53577,,,1.53399,75
sqz_vac_loss_ch_eta0p1_pn0p1_Nt5_ns3,sqz_vac,loss_ch,0.1,0.1,5,3,50,0.438625,2.06853,false,-1.53581,,,1.53401,75
sqz_vac_loss_ch_eta0p1_pn0p2_Nt5_ns1,sqz_vac,loss_ch,0.1,0.2,5,1,50,0.431104,0.814765,false,-1.50614,,,1.50365,75
sqz_vac_loss_ch_eta0p1_pn0p2_Nt5_ns2,sqz_vac,loss_ch,0.1,0.2,5,2,50,0.432009,0.773928,false,-1.50661,,,1.5036,75
sqz_vac_loss_ch_eta0p1_pn0p2_Nt5_ns3,sqz_vac,loss_ch,0.1,0.2,5,3,50,0.43214,0.743007,false,-1.50661,,,1.50351,75
sqz_vac_loss_ch_eta0p25_pn0_Nt5_ns1,sqz_vac,loss_ch,0.25,0,5,1,50,1.31259,4.84743,false,-2.72661,,,2.73224,75
sqz_vac_loss_ch_eta0p25_pn0_Nt5_ns2,sqz_vac,loss_ch,0.25,0,5,2,50,1.31146,4.99837,false,-2.72887,,,2.73174,75
sqz_vac_loss_ch_eta0p25_pn0_Nt5_ns3,sqz_vac,loss_ch,0.25,0,5,3,50,1.31169,4.99981,false,-2.72933,,,2.73168,75
sqz_vac_loss_ch_eta0p25_pn0p1_Nt5_ns1,sqz_vac,loss_ch,0.25,0.1,5,1,50,1.25319,2.15584,false,-2.60629,,,2.60536,75
sqz_vac_loss_ch_eta0p25_pn0p1_Nt5_ns2,sqz_vac,loss_ch,0.25,0.1,5,2,50,1.25419,2.12559,false,-2.60676,,,2.60763,75
sqz_vac_loss_ch_eta0p25_pn0p1_Nt5_ns3,sqz_vac,loss_ch,0.25,0.1,5,3,50,1.25455,2.10932,false,-2.60707,,,2.60799,75
sqz_vac_loss_ch_eta0p25_pn0p2_Nt5_ns1,sqz_vac,loss_ch,0.25,0.2,5,1,50,1.18485,0.86496,false,-2.46494,,,2.46212,75
sqz_vac_loss_ch_eta0p25_pn0p2_Nt5_ns2,sqz_vac,loss_ch,0.25,0.2,5,2,50,1.18486,0.854646,false,-2.46495,,,2.46424,75
sqz_vac_loss_ch_eta0p25_pn0p2_Nt5_ns3,sqz_vac,loss_ch,0.25,0.2,5,3,50,1.18501,0.834288,false,-2.46503,,,2.46263,75
sqz_vac_loss_ch_eta0p2_pn0_Nt5_ns1,sqz_vac,loss_ch,0.2,0,5,1,50,0.986219,4.53806,false,-2.32485,,,2.33014,75
sqz_vac_loss_ch_eta0p2_pn0_Nt5_ns2,sqz_vac,loss_ch,0.2,0,5,2,50,0.988074,4.99185,false,-2.32908,,,2.33055,75
sqz_vac_loss_ch_eta0p2_pn0_Nt5_ns3,sqz_vac,loss_ch,0.2,0,5,3,50,0.988164,4.98478,false,-2.32926,,,2.33061,75
sqz_vac_loss_ch_eta0p2_pn0p1_Nt5_ns1,sqz_vac,loss_ch,0.2,0.1,5,1,50,0.9545,2.00039,false,-2.24972,,,2.25068,75
sqz_vac_loss_ch_eta0p2_pn0p1_Nt5_ns2,sqz_vac,loss_ch,0.2,0.1,5,2,50,0.954604,2.07168,false,-2.24983,,,2.24898,75
sqz_vac_loss_ch_eta0p2_pn0p1_Nt5_ns3,sqz_vac,loss_ch,0.2,0.1,5,3,50,0.955662,2.01585,false,-2.25031,,,2.24879,75
sqz_vac_loss_ch_eta0p2_pn0p2_Nt5_ns1,sqz_vac,loss_ch,0.2,0.2,5,1,50,0.914186,0.834626,false,-2.15515,,,2.15432,75
sqz_vac_loss_ch_eta0p2_pn0p2_Nt5_ns2,sqz_vac,loss_ch,0.2,0.2,5,2,50,0.91642,0.820397,false,-2.15669,,,2.15426,75
sqz_vac_loss_ch_eta0p2_pn0p2_Nt5_ns3,sqz_vac,loss_ch,0.2,0.2,5,3,50,0.916564,0.783598,false,-2.15674,,,2.15419,75
sqz_vac_loss_ch_eta0p35_pn0_Nt5_ns1,sqz_vac,loss_ch,0.35,0,5,1,50,2.09545,4.9999,false,-3.62394,,,3.63532,75
sqz_vac_loss_ch_eta0p35_pn0_Nt5_ns2,sqz_vac,loss_ch,0.35,0,5,2,50,2.09772,4.99991,false,-3.62795,,,3.63405,75
sqz_vac_loss_ch_eta0p35_pn0_Nt5_ns3,sqz_vac,loss_ch,0.35,0,5,3,50,2.09825,4.9999,false,-3.62884,,,3.63394,75
sqz_vac_loss_ch_eta0p35_pn0p1_Nt5_ns1,sqz_vac,loss_ch,0.35,0.1,5,1,50,1.95289,2.01132,false,-3.37487,,,3.37321,75
sqz_vac_loss_ch_eta0p35_pn0p1_Nt5_ns2,sqz_vac,loss_ch,0.35,0.1,5,2,50,1.95619,2.15897,false,-3.37736,,,3.37373,75
sqz_vac_loss_ch_eta0p35_pn0p1_Nt5_ns3,sqz_vac,loss_ch,0.35,0.1,5,3,50,1.9559,2.14103,false,-3.37717,,,3.37373,75
sqz_vac_loss_ch_eta0p35_pn0p2_Nt5_ns1,sqz_vac,loss_ch,0.35,0.2,5,1,50,1.79401,0.915121,false,-3.10225,,,3.10186,75
sqz_vac_loss_ch_eta0p35_pn0p2_Nt5_ns2,sqz_vac,loss_ch,0.35,0.2,5,2,50,1.79444,0.883929,false,-3.10273,,,3.10027,75
sqz_vac_loss_ch_eta0p35_pn0p2_Nt5_ns3,sqz_vac,loss_ch,0.35,0.2,5,3,50,1.79442,0.872964,false,-3.1027,,,3.10195,75
sqz_vac_loss_ch_eta0p3_pn0_Nt5_ns1,sqz_vac,loss_ch,0.3,0,5,1,50,1.67744,4.94278,false,-3.15426,,,3.16262,75
sqz_vac_loss_ch_eta0p3_pn0_Nt5_ns2,sqz_vac,loss_ch,0.3,0,5,2,50,1.67975,4.99993,false,-3.15832,,,3.16121,75
sqz_vac_loss_ch_eta0p3_pn0_Nt5_ns3,sqz_vac,loss_ch,0.3,0,5,3,50,1.6799,4.99993,false,-3.1586,,,3.1614,75
sqz_vac_loss_ch_eta0p3_pn0p1_Nt5_ns1,sqz_vac,loss_ch,0.3,0.1,5,1,50,1.58322,2.1819,false,-2.97783,,,2.97715,75
sqz_vac_loss_ch_eta0p3_pn0p1_Nt5_ns2,sqz_vac,loss_ch,0.3,0.1,5,2,50,1.58518,2.09242,false,-2.97914,,,2.97541,75
sqz_vac_loss_ch_eta0p3_pn0p1_Nt5_ns3,sqz_vac,loss_ch,0.3,0.1,5,3,50,1.58516,2.10065,false,-2.97915,,,2.97648,75
sqz_vac_loss_ch_eta0p3_pn0p2_Nt5_ns1,sqz_vac,loss_ch,0.3,0.2,5,1,50,1.47686,0.843514,false,-2.77823,,,2.77779,75
sqz_vac_loss_ch_eta0p3_pn0p2_Nt5_ns2,sqz_vac,loss_ch,0.3,0.2,5,2,50,1.47709,0.868106,false,-2.77848,,,2.77789,75
sqz_vac_loss_ch_eta0p3_pn0p2_Nt5_ns3,sqz_vac,loss_ch,0.3,0.2,5,3,50,1.47857,0.850655,false,-2.7796,,,2.77786,75
sqz_vac_loss_ch_eta0p45_pn0_Nt5_ns1,sqz_vac,loss_ch,0.45,0,5,1,50,3.14386,4.99991,false,-4.74917,,,4.76665,75
sqz_vac_loss_ch_eta0p45_pn0_Nt5_ns2,sqz_vac,loss_ch,0.45,0,5,2,50,3.14733,4.99681,false,-4.75441,,,4.76471,75
sqz_vac_loss_ch_eta0p45_pn0_Nt5_ns3,sqz_vac,loss_ch,0.45,0,5,3,50,3.14801,4.99991,false,-4.75539,,,4.76286,75
sqz_vac_loss_ch_eta0p45_pn0p1_Nt5_ns1,sqz_vac,loss_ch,0.45,0.1,5,1,50,2.83123,2.24986,false,-4.2769,,,4.27914,75
sqz_vac_loss_ch_eta0p45_pn0p1_Nt5_ns2,sqz_vac,loss_ch,0.45,0.1,5,2,50,2.8625,2.10443,false,-4.29262,,,4.27659,75
sqz_vac_loss_ch_eta0p45_pn0p1_Nt5_ns3,sqz_vac,loss_ch,0.45,0.1,5,3,50,2.86435,2.09474,false,-4.29318,,,4.27605,75
sqz_vac_loss_ch_eta0p45_pn0p2_Nt5_ns1,sqz_vac,loss_ch,0.45,0.2,5,1,50,2.51936,0.958498,false,-3.80547,,,3.80511,75
sqz_vac_loss_ch_eta0p45_pn0p2_Nt5_ns2,sqz_vac,loss_ch,0.45,0.2,5,2,50,2.52095,0.935034,false,-3.80724,,,3.80585,75
sqz_vac_loss_ch_eta0p45_pn0p2_Nt5_ns3,sqz_vac,loss_ch,0.45,0.2,5,3,50,2.53771,1.00255,false,-3.81824,,,3.8009,75
sqz_vac_loss_ch_eta0p4_pn0_Nt5_ns1,sqz_vac,loss_ch,0.4,0,5,1,50,2.58,4.99473,false,-4.15022,,,4.16383,75
sqz_vac_loss_ch_eta0p4_pn0_Nt5_ns2,sqz_vac,loss_ch,0.4,0,5,2,50,2.58356,4.99998,false,-4.15514,,,4.16452,75
sqz_vac_loss_ch_eta0p4_pn0_Nt5_ns3,sqz_vac,loss_ch,0.4,0,5,3,50,2.58385,4.99906,false,-4.15536,,,4.16199,75
sqz_vac_loss_ch_eta0p4_pn0p1_Nt5_ns1,sqz_vac,loss_ch,0.4,0.1,5,1,50,2.36397,2.20004,false,-3.80357,,,3.80371,75
sqz_vac_loss_ch_eta0p4_pn0p1_Nt5_ns2,sqz_vac,loss_ch,0.4,0.1,5,2,50,2.36527,2.18746,false,-3.80449,,,3.80375,75
sqz_vac_loss_ch_eta0p4_pn0p1_Nt5_ns3,sqz_vac,loss_ch,0.4,0.1,5,3,50,2.36517,2.19576,false,-3.80442,,,3.80392,75
sqz_vac_loss_ch_eta0p4_pn0p2_Nt5_ns1,sqz_vac,loss_ch,0.4,0.2,5,1,50,2.13947,0.9328,false,-3.44232,,,3.44239,75
sqz_vac_loss_ch_eta0p4_pn0p2_Nt5_ns2,sqz_vac,loss_ch,0.4,0.2,5,2,50,2.14721,0.959052,false,-3.44847,,,3.44082,75
sqz_vac_loss_ch_eta0p4_pn0p2_Nt5_ns3,sqz_vac,loss_ch,0.4,0.2,5,3,50,2.14467,0.960935,false,-3.44672,,,3.44169,75
sqz_vac_loss_ch_eta0p55_pn0_Nt5_ns1,sqz_vac,loss_ch,0.55,0,5,1,50,4.61293,4.99991,false,-6.26653,,,6.29112,75
sqz_vac_loss_ch_eta0p55_pn0_Nt5_ns2,sqz_vac,loss_ch,0.55,0,5,2,50,4.61809,4.99589,false,-6.27353,,,6.28872,75
sqz_vac_loss_ch_eta0p55_pn0_Nt5_ns3,sqz_vac,loss_ch,0.55,0,5,3,50,4.61934,4.99971,false,-6.27523,,,6.28883,75
sqz_vac_loss_ch_eta0p55_pn0p1_Nt5_ns1,sqz_vac,loss_ch,0.55,0.1,5,1,50,3.97956,2.36469,false,-5.40611,,,5.40728,75
sqz_vac_loss_ch_eta0p55_pn0p1_Nt5_ns2,sqz_vac,loss_ch,0.55,0.1,5,2,50,3.98091,2.34518,false,-5.40794,,,5.40795,75
sqz_vac_loss_ch_eta0p55_pn0p1_Nt5_ns3,sqz_vac,loss_ch,0.55,0.1,5,3,50,3.98091,2.34519,false,-5.40794,,,5.40797,75
sqz_vac_loss_ch_eta0p55_pn0p2_Nt5_ns1,sqz_vac,loss_ch,0.55,0.2,5,1,50,3.40643,1.0322,false,-4.62753,,,4.62754,75
sqz_vac_loss_ch_eta0p55_pn0p2_Nt5_ns2,sqz_vac,loss_ch,0.55,0.2,5,2,50,3.43645,1.02243,false,-4.6514,,,4.63002,75
sqz_vac_loss_ch_eta0p55_pn0p2_Nt5_ns3,sqz_vac,loss_ch,0.55,0.2,5,3,50,3.44608,0.940227,false,-4.66362,,,4.62958,75
sqz_vac_loss_ch_eta0p5_pn0_Nt1_ns1,sqz_vac,loss_ch,0.5,0,1,1,40,4.87695,1,true,-4.87695,,,4.87695,60
sqz_vac_loss_ch_eta0p5_pn0_Nt1_ns2,sqz_vac,loss_ch,0.5,0,1,2,40,4.87695,1,true,-4.87695,,,4.87695,60
sqz_vac_loss_ch_eta0p5_pn0_Nt1_ns3,sqz_vac,loss_ch,0.5,0,1,3,40,4.87695,1,true,-4.87695,,,4.87695,60
sqz_vac_loss_ch_eta0p5_pn0_Nt1_ns4,sqz_vac,loss_ch,0.5,0,1,4,40,4.87695,1,true,-4.87695,,,4.87708,60
sqz_vac_loss_ch_eta0p5_pn0_Nt1_ns5,sqz_vac,loss_ch,0.5,0,1,5,40,4.87695,1,true,-4.87695,,,4.8769,60
sqz_vac_loss_ch_eta0p5_pn0_Nt2_ns1,sqz_vac,loss_ch,0.5,0,2,1,60,5.18956,2,true,-5.18956,,,5.18946,90
sqz_vac_loss_ch_eta0p5_pn0_Nt2_ns2,sqz_vac,loss_ch,0.5,0,2,2,60,5.19146,2,true,-5.19146,,,5.18927,90
sqz_vac_loss_ch_eta0p5_pn0_Nt2_ns3,sqz_vac,loss_ch,0.5,0,2,3,60,5.19345,2,true,-5.19345,,,5.18933,90
sqz_vac_loss_ch_eta0p5_pn0_Nt2_ns4,sqz_vac,loss_ch,0.5,0,2,4,60,5.19239,2,true,-5.19239,,,5.18925,90
sqz_vac_loss_ch_eta0p5_pn0_Nt2_ns5,sqz_vac,loss_ch,0.5,0,2,5,60,5.19422,2,true,-5.19422,,,5.18837,90
sqz_vac_loss_ch_eta0p5_pn0_Nt5_ns1,sqz_vac,loss_ch,0.5,0,5,1,100,5.46848,4.89745,true,-5.46848,,,5.45756,150
sqz_vac_loss_ch_eta0p5_pn0_Nt5_ns2,sqz_vac,loss_ch,0.5,0,5,2,100,5.47208,4.9157,true,-5.47207,,,5.4582,150
sqz_vac_loss_ch_eta0p5_pn0_Nt5_ns3,sqz_vac,loss_ch,0.5,0,5,3,100,5.36809,4.99997,true,-5.36809,,,5.37141,150
sqz_vac_loss_ch_eta0p5_pn0_Nt5_ns4,sqz_vac,loss_ch,0.5,0,5,4,100,5.49454,5,true,-5.49454,,,5.46323,150
sqz_vac_loss_ch_eta0p5_pn0_Nt5_ns5,sqz_vac,loss_ch,0.5,0,5,5,100,5.46004,4.9714,true,-5.46004,,,5.45129,150
sqz_vac_loss_ch_eta0p5_pn0_Nt10_ns1,sqz_vac,loss_ch,0.5,0,10,1,200,5.61911,9.48137,true,-5.61911,,,5.57392,300
sqz_vac_loss_ch_eta0p5_pn0_Nt10_ns2,sqz_vac,loss_ch,0.5,0,10,2,200,5.85757,9.82703,true,-5.85757,,,5.57305,450
sqz_vac_loss_ch_eta0p5_pn0_Nt10_ns3,sqz_vac,loss_ch,0.5,0,10,3,200,5.85823,9.55812,true,-5.85823,,,5.57054,500
sqz_vac_loss_ch_eta0p5_pn0_Nt10_ns4,sqz_vac,loss_ch,0.5,0,10,4,200,5.85864,9.72192,true,-5.85864,,,5.57086,500
sqz_vac_loss_ch_eta0p5_pn0_Nt10_ns5,sqz_vac,loss_ch,0.5,0,10,5,200,5.86602,9.99999,true,-5.86602,,,5.57345,450
sqz_vac_loss_ch_eta0p5_pn0p05_Nt5_ns1,sqz_vac,loss_ch,0.5,0.05,5,1,100,5.22041,4.27682,true,-5.22041,,,5.20721,150
sqz_vac_loss_ch_eta0p5_pn0p05_Nt5_ns2,sqz_vac,loss_ch,0.5,0.05,5,2,100,5.23095,4.57651,true,-5.23095,,,5.20972,150
sqz_vac_loss_ch_eta0p5_pn0p1_Nt1_ns1,sqz_vac,loss_ch,0.5,0.1,1,1,40,4.66402,1,true,-4.66402,,,4.66402,60
sqz_vac_loss_ch_eta0p5_pn0p1_Nt1_ns2,sqz_vac,loss_ch,0.5,0.1,1,2,40,4.6653,1,true,-4.6653,,,4.6653,60
sqz_vac_loss_ch_eta0p5_pn0p1_Nt1_ns3,sqz_vac,loss_ch,0.5,0.1,1,3,40,4.66532,1,true,-4.66532,,,4.66532,60
sqz_vac_loss_ch_eta0p5_pn0p1_Nt1_ns4,sqz_vac,loss_ch,0.5,0.1,1,4,40,4.66532,1,true,-4.66532,,,4.66532,60
sqz_vac_loss_ch_eta0p5_pn0p1_Nt1_ns5,sqz_vac,loss_ch,0.5,0.1,1,5,40,4.66532,1,true,-4.66531,,,4.66531,60
sqz_vac_loss_ch_eta0p5_pn0p1_Nt2_ns1,sqz_vac,loss_ch,0.5,0.1,2,1,60,4.80246,1.99516,true,-4.80246,,,4.8013,90
sqz_vac_loss_ch_eta0p5_pn0p1_Nt2_ns2,sqz_vac,loss_ch,0.5,0.1,2,2,60,4.8225,1.96994,true,-4.8225,,,4.80157,90
sqz_vac_loss_ch_eta0p5_pn0p1_Nt2_ns3,sqz_vac,loss_ch,0.5,0.1,2,3,60,4.82269,1.9659,true,-4.82269,,,4.8001,90
sqz_vac_loss_ch_eta0p5_pn0p1_Nt2_ns4,sqz_vac,loss_ch,0.5,0.1,2,4,60,4.82368,1.99998,true,-4.82368,,,4.80249,90
sqz_vac_loss_ch_eta0p5_pn0p1_Nt2_ns5,sqz_vac,loss_ch,0.5,0.1,2,5,60,4.82373,1.99989,true,-4.82373,,,4.8025,90
sqz_vac_loss_ch_eta0p5_pn0p1_Nt5_ns1,sqz_vac,loss_ch,0.5,0.1,5,1,100,4.80793,2.21283,true,-4.80793,,,4.80551,150
sqz_vac_loss_ch_eta0p5_pn0p1_Nt5_ns2,sqz_vac,loss_ch,0.5,0.1,5,2,100,4.84612,2.39246,true,-4.84612,,,4.8054,150
sqz_vac_loss_ch_eta0p5_pn0p1_Nt5_ns3,sqz_vac,loss_ch,0.5,0.1,5,3,100,4.84643,2.39681,true,-4.84643,,,4.80566,150
sqz_vac_loss_ch_eta0p5_pn0p1_Nt5_ns4,sqz_vac,loss_ch,0.5,0.1,5,4,100,4.84647,2.3909,true,-4.84647,,,4.80566,150
sqz_vac_loss_ch_eta0p5_pn0p1_Nt5_ns5,sqz_vac,loss_ch,0.5,0.1,5,5,100,4.84398,2.48622,true,-4.84398,,,4.80152,150
sqz_vac_loss_ch_eta0p5_pn0p2_Nt1_ns1,sqz_vac,loss_ch,0.5,0.2,1,1,40,4.19736,0.988669,true,-4.19736,,,4.19737,60
sqz_vac_loss_ch_eta0p5_pn0p2_Nt1_ns2,sqz_vac,loss_ch,0.5,0.2,1,2,40,4.19949,0.975872,true,-4.19949,,,4.19949,60
sqz_vac_loss_ch_eta0p5_pn0p2_Nt1_ns3,sqz_vac,loss_ch,0.5,0.2,1,3,40,4.19949,0.975864,true,-4.19949,,,4.19934,60
sqz_vac_loss_ch_eta0p5_pn0p2_Nt1_ns4,sqz_vac,loss_ch,0.5,0.2,1,4,40,4.19949,0.975864,true,-4.19949,,,4.19958,60
sqz_vac_loss_ch_eta0p5_pn0p2_Nt1_ns5,sqz_vac,loss_ch,0.5,0.2,1,5,40,4.19949,0.975883,true,-4.19949,,,4.19949,60
sqz_vac_loss_ch_eta0p5_pn0p2_Nt2_ns1,sqz_vac,loss_ch,0.5,0.2,2,1,60,4.19737,0.989181,true,-4.19737,,,4.19736,90
sqz_vac_loss_ch_eta0p5_pn0p2_Nt2_ns2,sqz_vac,loss_ch,0.5,0.2,2,2,60,4.21838,1.03924,true,-4.21838,,,4.195,90
sqz_vac_loss_ch_eta0p5_pn0p2_Nt2_ns3,sqz_vac,loss_ch,0.5,0.2,2,3,60,4.22114,0.899924,true,-4.22114,,,4.1958,90
sqz_vac_loss_ch_eta0p5_pn0p2_Nt2_ns4,sqz_vac,loss_ch,0.5,0.2,2,4,60,4.22128,1.05961,true,-4.22128,,,4.1965,90
sqz_vac_loss_ch_eta0p5_pn0p2_Nt2_ns5,sqz_vac,loss_ch,0.5,0.2,2,5,60,4.22068,1.05108,true,-4.22068,,,4.19665,90
sqz_vac_loss_ch_eta0p5_pn0p2_Nt5_ns1,sqz_vac,loss_ch,0.5,0.2,5,1,100,4.19911,1.05458,true,-4.19911,,,4.19647,150
sqz_vac_loss_ch_eta0p5_pn0p2_Nt5_ns2,sqz_vac,loss_ch,0.5,0.2,5,2,100,4.20271,0.98342,true,-4.20271,,,4.19908,150
sqz_vac_loss_ch_eta0p5_pn0p2_Nt5_ns3,sqz_vac,loss_ch,0.5,0.2,5,3,100,4.22774,0.998915,true,-4.22774,,,4.19726,150
sqz_vac_loss_ch_eta0p5_pn0p2_Nt5_ns4,sqz_vac,loss_ch,0.5,0.2,5,4,100,4.22988,0.985616,true,-4.22988,,,4.20913,150
sqz_vac_loss_ch_eta0p5_pn0p2_Nt5_ns5,sqz_vac,loss_ch,0.5,0.2,5,5,100,4.23197,1.00423,true,-4.23197,,,4.1965,150
sqz_vac_loss_ch_eta0p5_pn0p3_Nt1_ns1,sqz_vac,loss_ch,0.5,0.3,1,1,40,3.77153,0.540568,true,-3.77153,,,3.77152,60
sqz_vac_loss_ch_eta0p5_pn0p3_Nt1_ns2,sqz_vac,loss_ch,0.5,0.3,1,2,40,3.77542,0.529572,true,-3.77542,,,3.77542,60
sqz_vac_loss_ch_eta0p5_pn0p3_Nt1_ns3,sqz_vac,loss_ch,0.5,0.3,1,3,40,3.78848,0.524352,true,-3.78848,,,3.77148,60
sqz_vac_loss_ch_eta0p5_pn0p3_Nt1_ns4,sqz_vac,loss_ch,0.5,0.3,1,4,40,3.79003,0.521059,true,-3.79003,,,3.77377,60
sqz_vac_loss_ch_eta0p5_pn0p3_Nt1_ns5,sqz_vac,loss_ch,0.5,0.3,1,5,40,3.79954,0.501577,true,-3.79954,,,3.77227,60
sqz_vac_loss_ch_eta0p5_pn0p3_Nt2_ns1,sqz_vac,loss_ch,0.5,0.3,2,1,60,3.77154,0.536851,true,-3.77154,,,3.77185,90
sqz_vac_loss_ch_eta0p5_pn0p3_Nt2_ns2,sqz_vac,loss_ch,0.5,0.3,2,2,60,3.77658,0.521136,true,-3.77658,,,3.77504,90
sqz_vac_loss_ch_eta0p5_pn0p3_Nt2_ns3,sqz_vac,loss_ch,0.5,0.3,2,3,60,3.77596,0.529873,true,-3.77596,,,3.77538,90
sqz_vac_loss_ch_eta0p5_pn0p3_Nt2_ns4,sqz_vac,loss_ch,0.5,0.3,2,4,60,3.77838,0.534227,true,-3.77838,,,3.77357,90
sqz_vac_loss_ch_eta0p5_pn0p3_Nt2_ns5,sqz_vac,loss_ch,0.5,0.3,2,5,60,3.78321,0.529156,true,-3.78321,,,3.77525,90
sqz_vac_loss_ch_eta0p5_pn0p3_Nt5_ns1,sqz_vac,loss_ch,0.5,0.3,5,1,100,3.77236,0.569582,true,-3.77236,,,3.77105,150
sqz_vac_loss_ch_eta0p5_pn0p3_Nt5_ns2,sqz_vac,loss_ch,0.5,0.3,5,2,100,3.77627,0.531967,true,-3.77627,,,3.7742,150
sqz_vac_loss_ch_eta0p5_pn0p3_Nt5_ns3,sqz_vac,loss_ch,0.5,0.3,5,3,100,3.78149,0.575041,true,-3.78149,,,3.7758,150
sqz_vac_loss_ch_eta0p5_pn0p3_Nt5_ns4,sqz_vac,loss_ch,0.5,0.3,5,4,100,3.77914,0.531451,true,-3.77914,,,3.77583,150
sqz_vac_loss_ch_eta0p5_pn0p3_Nt5_ns5,sqz_vac,loss_ch,0.5,0.3,5,5,100,3.78426,0.531452,true,-3.78426,,,3.77511,150
sqz_vac_loss_ch_eta0p5_pn0p4_Nt1_ns1,sqz_vac,loss_ch,0.5,0.4,1,1,40,3.47041,0.320446,true,-3.47041,,,3.47041,60
sqz_vac_loss_ch_eta0p5_pn0p4_Nt1_ns2,sqz_vac,loss_ch,0.5,0.4,1,2,40,3.47658,0.313083,true,-3.47658,,,3.47658,60
sqz_vac_loss_ch_eta0p5_pn0p4_Nt1_ns3,sqz_vac,loss_ch,0.5,0.4,1,3,40,3.47745,0.306245,true,-3.47745,,,3.4758,60
sqz_vac_loss_ch_eta0p5_pn0p4_Nt1_ns4,sqz_vac,loss_ch,0.5,0.4,1,4,40,3.47752,0.314827,true,-3.47752,,,3.4764,60
sqz_vac_loss_ch_eta0p5_pn0p4_Nt1_ns5,sqz_vac,loss_ch,0.5,0.4,1,5,40,3.49636,0.33677,true,-3.49636,,,3.47434,60
sqz_vac_loss_ch_eta0p5_pn0p4_Nt2_ns1,sqz_vac,loss_ch,0.5,0.4,2,1,60,3.47041,0.320453,true,-3.47041,,,3.47041,90
sqz_vac_loss_ch_eta0p5_pn0p4_Nt2_ns2,sqz_vac,loss_ch,0.5,0.4,2,2,60,3.47664,0.313275,true,-3.47664,,,3.47658,90
sqz_vac_loss_ch_eta0p5_pn0p4_Nt2_ns3,sqz_vac,loss_ch,0.5,0.4,2,3,60,3.47667,0.313307,true,-3.47667,,,3.47658,90
sqz_vac_loss_ch_eta0p5_pn0p4_Nt2_ns4,sqz_vac,loss_ch,0.5,0.4,2,4,60,3.47722,0.316122,true,-3.47722,,,3.47652,90
sqz_vac_loss_ch_eta0p5_pn0p4_Nt2_ns5,sqz_vac,loss_ch,0.5,0.4,2,5,60,3.47725,0.31446,true,-3.47725,,,3.47654,90
sqz_vac_loss_ch_eta0p5_pn0p4_Nt5_ns1,sqz_vac,loss_ch,0.5,0.4,5,1,100,3.47043,0.319534,true,-3.47043,,,3.4706,150
sqz_vac_loss_ch_eta0p5_pn0p4_Nt5_ns2,sqz_vac,loss_ch,0.5,0.4,5,2,60,3.47658,0.312877,true,-3.47658,,,3.47658,90
sqz_vac_loss_ch_eta0p5_pn0p4_Nt5_ns3,sqz_vac,loss_ch,0.5,0.4,5,3,100,3.47732,0.31302,true,-3.47732,,,3.4766,150
sqz_vac_loss_ch_eta0p5_pn0p4_Nt5_ns4,sqz_vac,loss_ch,0.5,0.4,5,4,60,3.47831,0.313125,true,-3.47831,,,3.47633,90
sqz_vac_loss_ch_eta0p5_pn0p4_Nt5_ns5,sqz_vac,loss_ch,0.5,0.4,5,5,60,3.47816,0.314747,true,-3.47816,,,3.47648,90
sqz_vac_loss_ch_eta0p5_pn0p5_Nt1_ns1,sqz_vac,loss_ch,0.5,0.5,1,1,40,3.25706,0.196287,true,-3.25706,,,3.25702,60
sqz_vac_loss_ch_eta0p5_pn0p5_Nt1_ns2,sqz_vac,loss_ch,0.5,0.5,1,2,40,3.2642,0.195102,true,-3.2642,,,3.26419,60
sqz_vac_loss_ch_eta0p5_pn0p5_Nt1_ns3,sqz_vac,loss_ch,0.5,0.5,1,3,40,3.26621,0.197879,true,-3.26621,,,3.2633,60
sqz_vac_loss_ch_eta0p5_pn0p5_Nt1_ns4,sqz_vac,loss_ch,0.5,0.5,1,4,40,3.2642,0.195109,true,-3.2642,,,3.2642,60
sqz_vac_loss_ch_eta0p5_pn0p5_Nt1_ns5,sqz_vac,loss_ch,0.5,0.5,1,5,40,3.26858,0.192617,true,-3.26858,,,3.26372,60
sqz_vac_loss_ch_eta0p5_pn0p5_Nt2_ns1,sqz_vac,loss_ch,0.5,0.5,2,1,60,3.25705,0.196595,true,-3.25705,,,3.25706,90
sqz_vac_loss_ch_eta0p5_pn0p5_Nt2_ns2,sqz_vac,loss_ch,0.5,0.5,2,2,60,3.26419,0.195105,true,-3.26419,,,3.26419,90
sqz_vac_loss_ch_eta0p5_pn0p5_Nt2_ns3,sqz_vac,loss_ch,0.5,0.5,2,3,60,3.26436,0.195315,true,-3.26436,,,3.26446,90
sqz_vac_loss_ch_eta0p5_pn0p5_Nt2_ns4,sqz_vac,loss_ch,0.5,0.5,2,4,60,3.26809,0.195417,true,-3.26809,,,3.26415,90
sqz_vac_loss_ch_eta0p5_pn0p5_Nt2_ns5,sqz_vac,loss_ch,0.5,0.5,2,5,60,3.27143,0.195235,true,-3.27143,,,3.26413,90
sqz_vac_loss_ch_eta0p5_pn0p5_Nt5_ns1,sqz_vac,loss_ch,0.5,0.5,5,1,100,3.25706,0.196288,true,-3.25706,,,3.25706,150
sqz_vac_loss_ch_eta0p5_pn0p5_Nt5_ns2,sqz_vac,loss_ch,0.5,0.5,5,2,100,3.26419,0.195103,true,-3.2642,,,3.2642,150
sqz_vac_loss_ch_eta0p5_pn0p5_Nt5_ns3,sqz_vac,loss_ch,0.5,0.5,5,3,100,3.2642,0.195107,true,-3.26434,,,3.2642,150
sqz_vac_loss_ch_eta0p5_pn0p5_Nt5_ns4,sqz_vac,loss_ch,0.5,0.5,5,4,100,3.26419,0.195016,true,-3.26437,,,3.26419,150
sqz_vac_loss_ch_eta0p5_pn0p5_Nt5_ns5,sqz_vac,loss_ch,0.5,0.5,5,5,100,3.26564,0.195562,true,-3.26564,,,3.26414,150
sqz_vac_loss_ch_eta0p65_pn0_Nt5_ns1,sqz_vac,loss_ch,0.65,0,5,1,50,6.81926,4.99991,false,-8.491,,,8.52917,75
sqz_vac_loss_ch_eta0p65_pn0_Nt5_ns2,sqz_vac,loss_ch,0.65,0,5,2,50,6.828,4.99949,false,-8.50188,,,8.52647,75
sqz_vac_loss_ch_eta0p65_pn0_Nt5_ns3,sqz_vac,loss_ch,0.65,0,5,3,50,6.82655,4.99997,false,-8.50008,,,8.52688,75
sqz_vac_loss_ch_eta0p65_pn0p1_Nt5_ns1,sqz_vac,loss_ch,0.65,0.1,5,1,50,5.55137,2.52442,false,-6.91229,,,6.91291,75
sqz_vac_loss_ch_eta0p65_pn0p1_Nt5_ns2,sqz_vac,loss_ch,0.65,0.1,5,2,50,5.5582,2.47797,false,-6.92079,,,6.9208,75
sqz_vac_loss_ch_eta0p65_pn0p1_Nt5_ns3,sqz_vac,loss_ch,0.65,0.1,5,3,50,5.5582,2.47795,false,-6.92079,,,6.9208,75
sqz_vac_loss_ch_eta0p65_pn0p2_Nt5_ns1,sqz_vac,loss_ch,0.65,0.2,5,1,50,4.53866,1.14695,false,-5.65131,,,5.65132,75
sqz_vac_loss_ch_eta0p65_pn0p2_Nt5_ns2,sqz_vac,loss_ch,0.65,0.2,5,2,50,4.55896,1.09839,false,-5.67659,,,5.67665,75
sqz_vac_loss_ch_eta0p65_pn0p2_Nt5_ns3,sqz_vac,loss_ch,0.65,0.2,5,3,50,4.55902,1.09823,false,-5.67667,,,5.67667,75
sqz_vac_loss_ch_eta0p6_pn0_Nt1_ns1,sqz_vac,loss_ch,0.6,0,1,1,40,6.19406,1,true,-6.19406,,,6.19407,60
sqz_vac_loss_ch_eta0p6_pn0_Nt1_ns2,sqz_vac,loss_ch,0.6,0,1,2,40,6.19406,1,true,-6.19406,,,6.19407,60
sqz_vac_loss_ch_eta0p6_pn0_Nt1_ns3,sqz_vac,loss_ch,0.6,0,1,3,40,6.19406,1,true,-6.19406,,,6.19407,60
sqz_vac_loss_ch_eta0p6_pn0_Nt1_ns4,sqz_vac,loss_ch,0.6,0,1,4,40,6.19406,1,true,-6.19406,,,6.19407,60
sqz_vac_loss_ch_eta0p6_pn0_Nt1_ns5,sqz_vac,loss_ch,0.6,0,1,5,40,6.19406,1,true,-6.19406,,,6.19407,60
sqz_vac_loss_ch_eta0p6_pn0_Nt2_ns1,sqz_vac,loss_ch,0.6,0,2,1,60,6.76329,2,true,-6.76329,,,6.76333,90
sqz_vac_loss_ch_eta0p6_pn0_Nt2_ns2,sqz_vac,loss_ch,0.6,0,2,2,60,6.76329,2,true,-6.76329,,,6.76333,90
sqz_vac_loss_ch_eta0p6_pn0_Nt2_ns3,sqz_vac,loss_ch,0.6,0,2,3,60,6.76329,2,true,-6.76329,,,6.76332,90
sqz_vac_loss_ch_eta0p6_pn0_Nt2_ns4,sqz_vac,loss_ch,0.6,0,2,4,60,6.76329,2,true,-6.76329,,,6.76332,90
sqz_vac_loss_ch_eta0p6_pn0_Nt2_ns5,sqz_vac,loss_ch,0.6,0,2,5,60,6.76329,2,true,-6.76329,,,6.76332,90
sqz_vac_loss_ch_eta0p6_pn0_Nt5_ns1,sqz_vac,loss_ch,0.6,0,5,1,121,7.29285,5,true,-7.29292,,,7.29025,182
sqz_vac_loss_ch_eta0p6_pn0_Nt5_ns2,sqz_vac,loss_ch,0.6,0,5,2,121,7.35404,4.99972,true,-7.35404,,,7.27665,273
sqz_vac_loss_ch_eta0p6_pn0_Nt5_ns3,sqz_vac,loss_ch,0.6,0,5,3,121,7.358,4.99995,true,-7.358,,,7.27846,273
sqz_vac_loss_ch_eta0p6_pn0_Nt5_ns4,sqz_vac,loss_ch,0.6,0,5,4,121,7.43511,5,true,-7.43511,,,7.28473,273
sqz_vac_loss_ch_eta0p6_pn0_Nt5_ns5,sqz_vac,loss_ch,0.6,0,5,5,121,7.28846,5,true,-7.35446,,,7.28999,182
sqz_vac_loss_ch_eta0p6_pn0p05_Nt5_ns1,sqz_vac,loss_ch,0.6,0.05,5,1,121,6.84105,4.60925,true,-6.84105,,,6.81162,182
sqz_vac_loss_ch_eta0p6_pn0p05_Nt5_ns2,sqz_vac,loss_ch,0.6,0.05,5,2,121,6.84156,4.61601,true,-6.84156,,,6.81171,182
sqz_vac_loss_ch_eta0p6_pn0p05_Nt5_ns3,sqz_vac,loss_ch,0.6,0.05,5,3,121,6.84862,4.90257,true,-6.84862,,,6.82455,182
sqz_vac_loss_ch_eta0p6_pn0p05_Nt5_ns4,sqz_vac,loss_ch,0.6,0.05,5,4,121,6.90197,4.34532,true,-6.90197,,,6.80945,273
sqz_vac_loss_ch_eta0p6_pn0p1_Nt1_ns1,sqz_vac,loss_ch,0.6,0.1,1,1,40,5.83044,1,true,-5.83044,,,5.83044,60
sqz_vac_loss_ch_eta0p6_pn0p1_Nt1_ns2,sqz_vac,loss_ch,0.6,0.1,1,2,40,5.8357,1,true,-5.8357,,,5.8357,60
sqz_vac_loss_ch_eta0p6_pn0p1_Nt1_ns3,sqz_vac,loss_ch,0.6,0.1,1,3,40,5.83582,1,true,-5.83582,,,5.83582,60
sqz_vac_loss_ch_eta0p6_pn0p1_Nt1_ns4,sqz_vac,loss_ch,0.6,0.1,1,4,40,5.83582,1,true,-5.83582,,,5.83591,60
sqz_vac_loss_ch_eta0p6_pn0p1_Nt1_ns5,sqz_vac,loss_ch,0.6,0.1,1,5,40,5.83583,1,true,-5.83583,,,5.83583,60
sqz_vac_loss_ch_eta0p6_pn0p1_Nt2_ns1,sqz_vac,loss_ch,0.6,0.1,2,1,60,6.08425,2,true,-6.08425,,,6.08412,90
sqz_vac_loss_ch_eta0p6_pn0p1_Nt2_ns2,sqz_vac,loss_ch,0.6,0.1,2,2,60,6.08951,2,true,-6.08951,,,6.08952,90
sqz_vac_loss_ch_eta0p6_pn0p1_Nt5_ns1,sqz_vac,loss_ch,0.6,0.1,5,1,100,6.11901,2.55119,true,-6.11901,,,6.09781,150
sqz_vac_loss_ch_eta0p6_pn0p1_Nt5_ns2,sqz_vac,loss_ch,0.6,0.1,5,2,100,6.13667,2.45723,true,-6.13667,,,6.09774,150
sqz_vac_loss_ch_eta0p6_pn0p1_Nt5_ns3,sqz_vac,loss_ch,0.6,0.1,5,3,100,6.13877,2.52757,true,-6.13877,,,6.10201,150
sqz_vac_loss_ch_eta0p6_pn0p1_Nt5_ns4,sqz_vac,loss_ch,0.6,0.1,5,4,100,6.13984,2.53659,true,-6.13984,,,6.1003,150
sqz_vac_loss_ch_eta0p6_pn0p1_Nt5_ns5,sqz_vac,loss_ch,0.6,0.1,5,5,100,6.16424,2.33288,true,-6.16424,,,6.09915,225
sqz_vac_loss_ch_eta0p6_pn0p2_Nt1_ns1,sqz_vac,loss_ch,0.6,0.2,1,1,40,5.10474,1,true,-5.10474,,,5.10474,60
sqz_vac_loss_ch_eta0p6_pn0p2_Nt1_ns2,sqz_vac,loss_ch,0.6,0.2,1,2,40,5.11707,1,true,-5.11707,,,5.11707,60
sqz_vac_loss_ch_eta0p6_pn0p2_Nt1_ns3,sqz_vac,loss_ch,0.6,0.2,1,3,40,5.11711,1,true,-5.11711,,,5.11711,60
sqz_vac_loss_ch_eta0p6_pn0p2_Nt1_ns4,sqz_vac,loss_ch,0.6,0.2,1,4,40,5.1171,1,true,-5.1171,,,5.1171,60
sqz_vac_loss_ch_eta0p6_pn0p2_Nt1_ns5,sqz_vac,loss_ch,0.6,0.2,1,5,40,5.1171,1,true,-5.1171,,,5.1171,60
sqz_vac_loss_ch_eta0p6_pn0p2_Nt2_ns1,sqz_vac,loss_ch,0.6,0.2,2,1,60,5.11297,1.32994,true,-5.11297,,,5.09253,90
sqz_vac_loss_ch_eta0p6_pn0p2_Nt2_ns2,sqz_vac,loss_ch,0.6,0.2,2,2,60,5.18324,1.0531,true,-5.18324,,,5.11603,135
sqz_vac_loss_ch_eta0p6_pn0p2_Nt5_ns1,sqz_vac,loss_ch,0.6,0.2,5,1,100,5.1069,1.08403,true,-5.1069,,,5.10849,150
sqz_vac_loss_ch_eta0p6_pn0p2_Nt5_ns2,sqz_vac,loss_ch,0.6,0.2,5,2,100,5.11866,1.06501,true,-5.11866,,,5.11538,150
sqz_vac_loss_ch_eta0p6_pn0p2_Nt5_ns3,sqz_vac,loss_ch,0.6,0.2,5,3,100,5.11802,1.05246,false,-5.11802,,,5.11802,150
sqz_vac_loss_ch_eta0p6_pn0p2_Nt5_ns4,sqz_vac,loss_ch,0.6,0.2,5,4,100,5.11802,1.05247,true,-5.11802,,,5.11801,150
sqz_vac_loss_ch_eta0p6_pn0p2_Nt5_ns5,sqz_vac,loss_ch,0.6,0.2,5,5,100,5.11801,1.05247,true,-5.11802,,,5.11798,150
sqz_vac_loss_ch_eta0p6_pn0p2_Nt10_ns1,sqz_vac,loss_ch,0.6,0.2,10,1,200,5.11692,1.07085,true,-5.11692,,,5.10682,300
sqz_vac_loss_ch_eta0p6_pn0p3_Nt1_ns1,sqz_vac,loss_ch,0.6,0.3,1,1,40,4.46475,0.61395,true,-4.46475,,,4.46475,60
sqz_vac_loss_ch_eta0p6_pn0p3_Nt1_ns2,sqz_vac,loss_ch,0.6,0.3,1,2,40,4.48749,0.585992,true,-4.48749,,,4.48749,60
sqz_vac_loss_ch_eta0p6_pn0p3_Nt1_ns3,sqz_vac,loss_ch,0.6,0.3,1,3,40,4.48749,0.585945,true,-4.48749,,,4.48749,60
sqz_vac_loss_ch_eta0p6_pn0p3_Nt1_ns4,sqz_vac,loss_ch,0.6,0.3,1,4,40,4.48749,0.585942,true,-4.48749,,,4.48749,60
sqz_vac_loss_ch_eta0p6_pn0p3_Nt1_ns5,sqz_vac,loss_ch,0.6,0.3,1,5,40,4.48749,0.585946,true,-4.48749,,,4.48749,60
sqz_vac_loss_ch_eta0p6_pn0p3_Nt2_ns1,sqz_vac,loss_ch,0.6,0.3,2,1,60,4.46475,0.613951,true,-4.46475,,,4.46475,90
sqz_vac_loss_ch_eta0p6_pn0p3_Nt2_ns2,sqz_vac,loss_ch,0.6,0.3,2,2,60,4.48749,0.585998,true,-4.48749,,,4.48744,90
sqz_vac_loss_ch_eta0p6_pn0p3_Nt5_ns1,sqz_vac,loss_ch,0.6,0.3,5,1,100,4.46476,0.61395,true,-4.46475,,,4.46476,150
sqz_vac_loss_ch_eta0p6_pn0p3_Nt5_ns2,sqz_vac,loss_ch,0.6,0.3,5,2,100,4.48749,0.586171,true,-4.48749,,,4.48749,150
sqz_vac_loss_ch_eta0p6_pn0p3_Nt5_ns3,sqz_vac,loss_ch,0.6,0.3,5,3,100,4.47852,0.636047,true,-4.52512,,,4.47853,150
sqz_vac_loss_ch_eta0p6_pn0p3_Nt5_ns4,sqz_vac,loss_ch,0.6,0.3,5,4,100,4.48644,0.604586,true,-4.54822,,,4.48636,150
sqz_vac_loss_ch_eta0p6_pn0p3_Nt5_ns5,sqz_vac,loss_ch,0.6,0.3,5,5,100,4.47973,0.638697,true,-4.52519,,,4.47973,150
sqz_vac_loss_ch_eta0p6_pn0p4_Nt1_ns1,sqz_vac,loss_ch,0.6,0.4,1,1,40,4.03005,0.380219,true,-4.03005,,,4.03005,60
sqz_vac_loss_ch_eta0p6_pn0p4_Nt1_ns2,sqz_vac,loss_ch,0.6,0.4,1,2,40,4.06736,0.369851,true,-4.06736,,,4.06735,60
sqz_vac_loss_ch_eta0p6_pn0p4_Nt1_ns3,sqz_vac,loss_ch,0.6,0.4,1,3,40,4.06738,0.369958,true,-4.06738,,,4.06737,60
sqz_vac_loss_ch_eta0p6_pn0p4_Nt1_ns4,sqz_vac,loss_ch,0.6,0.4,1,4,40,4.06738,0.369957,true,-4.06738,,,4.06737,60
sqz_vac_loss_ch_eta0p6_pn0p4_Nt1_ns5,sqz_vac,loss_ch,0.6,0.4,1,5,40,4.09541,0.375248,true,-4.09541,,,4.06668,60
sqz_vac_loss_ch_eta0p6_pn0p4_Nt2_ns1,sqz_vac,loss_ch,0.6,0.4,2,1,60,4.03005,0.380219,true,-4.03005,,,4.03005,90
sqz_vac_loss_ch_eta0p6_pn0p4_Nt2_ns2,sqz_vac,loss_ch,0.6,0.4,2,2,60,4.06735,0.369933,true,-4.06735,,,4.06735,90
sqz_vac_loss_ch_eta0p6_pn0p4_Nt5_ns1,sqz_vac,loss_ch,0.6,0.4,5,1,200,4.03006,0.380219,true,-4.03005,,,4.03005,300
sqz_vac_loss_ch_eta0p6_pn0p4_Nt5_ns2,sqz_vac,loss_ch,0.6,0.4,5,2,100,4.06735,0.369933,true,-4.06735,,,4.06735,150
sqz_vac_loss_ch_eta0p6_pn0p4_Nt5_ns3,sqz_vac,loss_ch,0.6,0.4,5,3,200,4.06738,0.369962,true,-4.06737,,,4.06738,300
sqz_vac_loss_ch_eta0p6_pn0p4_Nt5_ns4,sqz_vac,loss_ch,0.6,0.4,5,4,200,4.06737,0.369962,true,-4.06737,,,4.06737,300
sqz_vac_loss_ch_eta0p6_pn0p4_Nt5_ns5,sqz_vac,loss_ch,0.6,0.4,5,5,100,4.08377,0.369584,true,-4.08377,,,4.06622,150
sqz_vac_loss_ch_eta0p6_pn0p5_Nt1_ns1,sqz_vac,loss_ch,0.6,0.5,1,1,40,3.72559,0.246269,true,-3.72559,,,3.72559,60
sqz_vac_loss_ch_eta0p6_pn0p5_Nt1_ns2,sqz_vac,loss_ch,0.6,0.5,1,2,40,3.76715,0.260522,true,-3.76715,,,3.76715,60
sqz_vac_loss_ch_eta0p6_pn0p5_Nt1_ns3,sqz_vac,loss_ch,0.6,0.5,1,3,40,3.76716,0.260555,true,-3.76716,,,3.76716,60
sqz_vac_loss_ch_eta0p6_pn0p5_Nt1_ns4,sqz_vac,loss_ch,0.6,0.5,1,4,40,3.76716,0.260561,true,-3.76716,,,3.76716,60
sqz_vac_loss_ch_eta0p6_pn0p5_Nt1_ns5,sqz_vac,loss_ch,0.6,0.5,1,5,40,3.76716,0.260561,true,-3.76716,,,3.76716,60
sqz_vac_loss_ch_eta0p6_pn0p5_Nt2_ns1,sqz_vac,loss_ch,0.6,0.5,2,1,60,3.72559,0.246272,true,-3.72559,,,3.72559,90
sqz_vac_loss_ch_eta0p6_pn0p5_Nt2_ns2,sqz_vac,loss_ch,0.6,0.5,2,2,60,3.76715,0.260532,true,-3.76715,,,3.76714,90
sqz_vac_loss_ch_eta0p6_pn0p5_Nt5_ns1,sqz_vac,loss_ch,0.6,0.5,5,1,200,3.72559,0.246271,true,-3.72559,,,3.72559,300
sqz_vac_loss_ch_eta0p6_pn0p5_Nt5_ns2,sqz_vac,loss_ch,0.6,0.5,5,2,200,3.76714,0.26053,true,-3.76715,,,3.76714,300
sqz_vac_loss_ch_eta0p6_pn0p5_Nt5_ns3,sqz_vac,loss_ch,0.6,0.5,5,3,200,3.76715,0.260569,true,-3.76716,,,3.76715,300
sqz_vac_loss_ch_eta0p6_pn0p5_Nt5_ns4,sqz_vac,loss_ch,0.6,0.5,5,4,200,3.7769,0.249256,true,-3.87343,,,3.76553,300
sqz_vac_loss_ch_eta0p6_pn0p5_Nt5_ns5,sqz_vac,loss_ch,0.6,0.5,5,5,200,3.76703,0.262205,true,-3.77025,,,3.76703,300
sqz_vac_loss_ch_eta0p75_pn0_Nt5_ns1,sqz_vac,loss_ch,0.75,0,5,1,50,10.5039,4.99992,false,-12.1497,,,12.2154,75
sqz_vac_loss_ch_eta0p75_pn0_Nt5_ns2,sqz_vac,loss_ch,0.75,0,5,2,50,10.5185,4.99408,false,-12.1667,,,12.2093,75
sqz_vac_loss_ch_eta0p75_pn0_Nt5_ns3,sqz_vac,loss_ch,0.75,0,5,3,50,10.5184,5.00002,false,-12.1665,,,12.2176,75
sqz_vac_loss_ch_eta0p75_pn0p1_Nt5_ns1,sqz_vac,loss_ch,0.75,0.1,5,1,50,7.86754,2.77005,false,-9.10033,,,9.10022,75
sqz_vac_loss_ch_eta0p75_pn0p1_Nt5_ns2,sqz_vac,loss_ch,0.75,0.1,5,2,50,7.90494,2.65981,false,-9.14358,,,9.14359,75
sqz_vac_loss_ch_eta0p75_pn0p1_Nt5_ns3,sqz_vac,loss_ch,0.75,0.1,5,3,50,7.90494,2.65982,false,-9.14359,,,9.14359,75
sqz_vac_loss_ch_eta0p75_pn0p2_Nt5_ns1,sqz_vac,loss_ch,0.75,0.2,5,1,50,6.09354,1.32941,false,-7.04835,,,7.04835,75
sqz_vac_loss_ch_eta0p75_pn0p2_Nt5_ns2,sqz_vac,loss_ch,0.75,0.2,5,2,50,6.22125,1.21749,false,-7.19607,,,7.19607,75
sqz_vac_loss_ch_eta0p75_pn0p2_Nt5_ns3,sqz_vac,loss_ch,0.75,0.2,5,3,50,6.22142,1.21702,false,-7.19627,,,7.19627,75
sqz_vac_loss_ch_eta0p7_pn0_Nt1_ns1,sqz_vac,loss_ch,0.7,0,1,1,40,7.9874,1,true,-7.9874,,,7.98741,60
sqz_vac_loss_ch_eta0p7_pn0_Nt1_ns2,sqz_vac,loss_ch,0.7,0,1,2,40,7.9874,1,true,-7.9874,,,7.98741,60
sqz_vac_loss_ch_eta0p7_pn0_Nt1_ns3,sqz_vac,loss_ch,0.7,0,1,3,40,7.9874,1,true,-7.9874,,,7.98741,60
sqz_vac_loss_ch_eta0p7_pn0_Nt1_ns4,sqz_vac,loss_ch,0.7,0,1,4,40,7.9874,1,true,-7.9874,,,7.98741,60
sqz_vac_loss_ch_eta0p7_pn0_Nt1_ns5,sqz_vac,loss_ch,0.7,0,1,5,40,7.98739,1,true,-7.98739,,,7.98739,60
sqz_vac_loss_ch_eta0p7_pn0_Nt2_ns1,sqz_vac,loss_ch,0.7,0,2,1,60,9.05146,2,true,-9.05146,,,9.04998,203
sqz_vac_loss_ch_eta0p7_pn0_Nt2_ns2,sqz_vac,loss_ch,0.7,0,2,2,60,9.05145,2,true,-9.05145,,,9.12713,90
sqz_vac_loss_ch_eta0p7_pn0_Nt5_ns1,sqz_vac,loss_ch,0.7,0,5,1,200,10.1285,4.99992,true,-10.1103,,,10.1103,300
sqz_vac_loss_ch_eta0p7_pn0_Nt5_ns2,sqz_vac,loss_ch,0.7,0,5,2,200,10.0884,4.9028,true,-10.0912,,,10.0883,300
sqz_vac_loss_ch_eta0p7_pn0_Nt5_ns3,sqz_vac,loss_ch,0.7,0,5,3,200,10.1019,4.99815,true,-10.1038,,,10.1015,300
sqz_vac_loss_ch_eta0p7_pn0_Nt5_ns4,sqz_vac,loss_ch,0.7,0,5,4,200,10.1235,4.99999,true,-10.0834,,,10.1232,300
sqz_vac_loss_ch_eta0p7_pn0_Nt5_ns5,sqz_vac,loss_ch,0.7,0,5,5,200,10.1236,5,true,-10.083,,,10.1225,300
sqz_vac_loss_ch_eta0p7_pn0p05_Nt5_ns1,sqz_vac,loss_ch,0.7,0.05,5,1,100,9.18433,5,true,-9.18433,,,9.19735,150
sqz_vac_loss_ch_eta0p7_pn0p05_Nt5_ns2,sqz_vac,loss_ch,0.7,0.05,5,2,100,9.48178,4.6125,true,-9.48178,,,9.16992,225
sqz_vac_loss_ch_eta0p7_pn0p05_Nt5_ns3,sqz_vac,loss_ch,0.7,0.05,5,3,100,9.48153,4.66916,true,-9.48153,,,9.17986,225
sqz_vac_loss_ch_eta0p7_pn0p1_Nt1_ns1,sqz_vac,loss_ch,0.7,0.1,1,1,40,7.3662,1,true,-7.3662,,,7.3662,60
sqz_vac_loss_ch_eta0p7_pn0p1_Nt1_ns2,sqz_vac,loss_ch,0.7,0.1,1,2,40,7.38848,1,true,-7.38848,,,7.38848,60
sqz_vac_loss_ch_eta0p7_pn0p1_Nt1_ns3,sqz_vac,loss_ch,0.7,0.1,1,3,40,7.38849,1,true,-7.38849,,,7.38849,60
sqz_vac_loss_ch_eta0p7_pn0p1_Nt1_ns4,sqz_vac,loss_ch,0.7,0.1,1,4,40,7.38849,1,true,-7.38849,,,7.38849,60
sqz_vac_loss_ch_eta0p7_pn0p1_Nt1_ns5,sqz_vac,loss_ch,0.7,0.1,1,5,40,7.38848,1,true,-7.38848,,,7.38848,60
sqz_vac_loss_ch_eta0p7_pn0p1_Nt2_ns1,sqz_vac,loss_ch,0.7,0.1,2,1,60,7.84452,2,true,-7.84452,,,7.84454,90
sqz_vac_loss_ch_eta0p7_pn0p1_Nt2_ns2,sqz_vac,loss_ch,0.7,0.1,2,2,60,7.86968,2,true,-7.86968,,,7.86986,90
sqz_vac_loss_ch_eta0p7_pn0p1_Nt5_ns1,sqz_vac,loss_ch,0.7,0.1,5,1,100,7.90552,2.54662,true,-7.90551,,,7.88985,150
sqz_vac_loss_ch_eta0p7_pn0p1_Nt5_ns2,sqz_vac,loss_ch,0.7,0.1,5,2,100,7.90993,2.48458,true,-7.90992,,,7.90779,150
sqz_vac_loss_ch_eta0p7_pn0p1_Nt5_ns3,sqz_vac,loss_ch,0.7,0.1,5,3,100,7.91003,2.48882,true,-7.91003,,,7.90846,150
sqz_vac_loss_ch_eta0p7_pn0p1_Nt5_ns4,sqz_vac,loss_ch,0.7,0.1,5,4,100,7.90925,2.56108,true,-7.90924,,,7.90925,150
sqz_vac_loss_ch_eta0p7_pn0p1_Nt5_ns5,sqz_vac,loss_ch,0.7,0.1,5,5,100,7.90931,2.56103,true,-7.90924,,,7.91098,150
sqz_vac_loss_ch_eta0p7_pn0p15_Nt5_ns1,sqz_vac,loss_ch,0.7,0.15,5,1,100,6.9702,1.70295,true,-6.9702,,,6.97022,150
sqz_vac_loss_ch_eta0p7_pn0p15_Nt5_ns2,sqz_vac,loss_ch,0.7,0.15,5,2,100,7.06353,1.76583,true,-7.06353,,,6.98812,225
sqz_vac_loss_ch_eta0p7_pn0p15_Nt5_ns3,sqz_vac,loss_ch,0.7,0.15,5,3,100,7.09232,1.73253,true,-7.09232,,,6.99424,225
sqz_vac_loss_ch_eta0p7_pn0p2_Nt1_ns1,sqz_vac,loss_ch,0.7,0.2,1,1,40,6.26443,1,true,-6.26443,,,6.26443,60
sqz_vac_loss_ch_eta0p7_pn0p2_Nt1_ns2,sqz_vac,loss_ch,0.7,0.2,1,2,40,6.33319,1,true,-6.33319,,,6.33319,60
sqz_vac_loss_ch_eta0p7_pn0p2_Nt1_ns3,sqz_vac,loss_ch,0.7,0.2,1,3,40,6.33328,1,true,-6.33328,,,6.33328,60
sqz_vac_loss_ch_eta0p7_pn0p2_Nt1_ns4,sqz_vac,loss_ch,0.7,0.2,1,4,40,6.33337,1,true,-6.33337,,,6.33337,60
sqz_vac_loss_ch_eta0p7_pn0p2_Nt1_ns5,sqz_vac,loss_ch,0.7,0.2,1,5,40,6.33337,1,true,-6.33337,,,6.33337,60
sqz_vac_loss_ch_eta0p7_pn0p2_Nt2_ns1,sqz_vac,loss_ch,0.7,0.2,2,1,60,6.28494,1.22576,true,-6.28494,,,6.28494,90
sqz_vac_loss_ch_eta0p7_pn0p2_Nt2_ns2,sqz_vac,loss_ch,0.7,0.2,2,2,60,6.34432,1.15123,true,-6.34432,,,6.34432,90
sqz_vac_loss_ch_eta0p7_pn0p2_Nt5_ns1,sqz_vac,loss_ch,0.7,0.2,5,1,100,6.28493,1.22575,true,-6.28493,,,6.28494,150
sqz_vac_loss_ch_eta0p7_pn0p2_Nt5_ns2,sqz_vac,loss_ch,0.7,0.2,5,2,100,6.34446,1.15172,true,-6.34446,,,6.3443,150
sqz_vac_loss_ch_eta0p7_pn0p2_Nt5_ns3,sqz_vac,loss_ch,0.7,0.2,5,3,100,6.34449,1.15092,true,-6.34449,,,6.34449,150
sqz_vac_loss_ch_eta0p7_pn0p2_Nt5_ns4,sqz_vac,loss_ch,0.7,0.2,5,4,100,6.34449,1.15091,true,-6.34449,,,6.34449,150
sqz_vac_loss_ch_eta0p7_pn0p2_Nt5_ns5,sqz_vac,loss_ch,0.7,0.2,5,5,100,6.34449,1.15091,true,-6.34449,,,6.34449,150
sqz_vac_loss_ch_eta0p7_pn0p25_Nt5_ns1,sqz_vac,loss_ch,0.7,0.25,5,1,100,5.75915,0.930529,true,-5.75915,,,5.75922,150
sqz_vac_loss_ch_eta0p7_pn0p25_Nt5_ns2,sqz_vac,loss_ch,0.7,0.25,5,2,100,5.85172,0.860918,true,-5.85172,,,5.85172,150
sqz_vac_loss_ch_eta0p7_pn0p25_Nt5_ns3,sqz_vac,loss_ch,0.7,0.25,5,3,100,5.85276,0.859376,true,-5.85276,,,5.85167,150
sqz_vac_loss_ch_eta0p7_pn0p3_Nt1_ns1,sqz_vac,loss_ch,0.7,0.3,1,1,40,5.34598,0.731737,true,-5.34598,,,5.34598,60
sqz_vac_loss_ch_eta0p7_pn0p3_Nt1_ns2,sqz_vac,loss_ch,0.7,0.3,1,2,40,5.48059,0.683586,true,-5.48059,,,5.48059,60
sqz_vac_loss_ch_eta0p7_pn0p3_Nt1_ns3,sqz_vac,loss_ch,0.7,0.3,1,3,40,5.48065,0.683951,true,-5.48065,,,5.48065,60
sqz_vac_loss_ch_eta0p7_pn0p3_Nt1_ns4,sqz_vac,loss_ch,0.7,0.3,1,4,40,5.48065,0.68395,true,-5.48065,,,5.48065,60
sqz_vac_loss_ch_eta0p7_pn0p3_Nt1_ns5,sqz_vac,loss_ch,0.7,0.3,1,5,40,5.48065,0.68395,true,-5.48065,,,5.48065,60
sqz_vac_loss_ch_eta0p7_pn0p3_Nt2_ns1,sqz_vac,loss_ch,0.7,0.3,2,1,60,5.34598,0.731741,true,-5.34598,,,5.34597,90
sqz_vac_loss_ch_eta0p7_pn0p3_Nt2_ns2,sqz_vac,loss_ch,0.7,0.3,2,2,60,5.48059,0.683591,true,-5.48059,,,5.48059,90
sqz_vac_loss_ch_eta0p7_pn0p3_Nt5_ns1,sqz_vac,loss_ch,0.7,0.3,5,1,100,5.34597,0.73183,true,-5.34597,,,5.34598,150
sqz_vac_loss_ch_eta0p7_pn0p3_Nt5_ns2,sqz_vac,loss_ch,0.7,0.3,5,2,100,6.03685,1.91458,true,-6.03685,,,6.03685,150
sqz_vac_loss_ch_eta0p7_pn0p3_Nt5_ns3,sqz_vac,loss_ch,0.7,0.3,5,3,100,5.48065,0.683956,true,-5.48065,,,5.48065,150
sqz_vac_loss_ch_eta0p7_pn0p3_Nt5_ns4,sqz_vac,loss_ch,0.7,0.3,5,4,100,5.48065,0.683956,true,-5.48065,,,5.48065,150
sqz_vac_loss_ch_eta0p7_pn0p3_Nt5_ns5,sqz_vac,loss_ch,0.7,0.3,5,5,100,5.48065,0.683954,true,-5.48065,,,5.48065,150
sqz_vac_loss_ch_eta0p7_pn0p35_Nt5_ns1,sqz_vac,loss_ch,0.7,0.35,5,1,100,5.0139,0.590481,true,-5.0139,,,5.0139,150
sqz_vac_loss_ch_eta0p7_pn0p4_Nt1_ns1,sqz_vac,loss_ch,0.7,0.4,1,1,40,4.74122,0.485843,true,-4.74122,,,4.74122,60
sqz_vac_loss_ch_eta0p7_pn0p4_Nt1_ns2,sqz_vac,loss_ch,0.7,0.4,1,2,40,4.95069,0.536879,true,-4.95069,,,4.95069,60
sqz_vac_loss_ch_eta0p7_pn0p4_Nt1_ns3,sqz_vac,loss_ch,0.7,0.4,1,3,40,4.95077,0.537182,true,-4.95077,,,4.95077,60
sqz_vac_loss_ch_eta0p7_pn0p4_Nt1_ns4,sqz_vac,loss_ch,0.7,0.4,1,4,40,4.95077,0.5372,true,-4.95077,,,4.95077,60
sqz_vac_loss_ch_eta0p7_pn0p4_Nt1_ns5,sqz_vac,loss_ch,0.7,0.4,1,5,40,4.95077,0.537194,true,-4.95077,,,4.95077,60
sqz_vac_loss_ch_eta0p7_pn0p4_Nt2_ns1,sqz_vac,loss_ch,0.7,0.4,2,1,60,4.74122,0.485842,true,-4.74122,,,4.74122,90
sqz_vac_loss_ch_eta0p7_pn0p4_Nt2_ns2,sqz_vac,loss_ch,0.7,0.4,2,2,60,4.95069,0.53688,true,-4.95069,,,4.95069,90
sqz_vac_loss_ch_eta0p7_pn0p4_Nt5_ns1,sqz_vac,loss_ch,0.7,0.4,5,1,60,4.74122,0.485842,true,-4.74122,,,4.74122,90
sqz_vac_loss_ch_eta0p7_pn0p4_Nt5_ns2,sqz_vac,loss_ch,0.7,0.4,5,2,100,5.8944,1.95169,true,-5.8944,,,5.8944,150
sqz_vac_loss_ch_eta0p7_pn0p4_Nt5_ns3,sqz_vac,loss_ch,0.7,0.4,5,3,100,5.89442,1.95171,true,-5.89442,,,5.89442,150
sqz_vac_loss_ch_eta0p7_pn0p4_Nt5_ns4,sqz_vac,loss_ch,0.7,0.4,5,4,60,4.95077,0.537199,true,-4.95077,,,4.95077,90
sqz_vac_loss_ch_eta0p7_pn0p4_Nt5_ns5,sqz_vac,loss_ch,0.7,0.4,5,5,50,5.89494,1.95237,true,-5.89494,,,5.89409,75
sqz_vac_loss_ch_eta0p7_pn0p5_Nt1_ns1,sqz_vac,loss_ch,0.7,0.5,1,1,40,4.31912,0.342579,true,-4.31912,,,4.31912,60
sqz_vac_loss_ch_eta0p7_pn0p5_Nt1_ns2,sqz_vac,loss_ch,0.7,0.5,1,2,40,4.54129,0.478365,true,-4.54129,,,4.54128,60
sqz_vac_loss_ch_eta0p7_pn0p5_Nt1_ns3,sqz_vac,loss_ch,0.7,0.5,1,3,40,4.5413,0.478398,true,-4.5413,,,4.54129,60
sqz_vac_loss_ch_eta0p7_pn0p5_Nt1_ns4,sqz_vac,loss_ch,0.7,0.5,1,4,40,4.5413,0.478402,true,-4.5413,,,4.54129,60
sqz_vac_loss_ch_eta0p7_pn0p5_Nt1_ns5,sqz_vac,loss_ch,0.7,0.5,1,5,40,4.5413,0.478403,true,-4.5413,,,4.54129,60
sqz_vac_loss_ch_eta0p7_pn0p5_Nt2_ns1,sqz_vac,loss_ch,0.7,0.5,2,1,60,4.31912,0.34259,true,-4.31912,,,4.31912,90
sqz_vac_loss_ch_eta0p7_pn0p5_Nt2_ns2,sqz_vac,loss_ch,0.7,0.5,2,2,60,4.54128,0.478369,true,-4.54128,,,4.54128,90
sqz_vac_loss_ch_eta0p7_pn0p5_Nt5_ns1,sqz_vac,loss_ch,0.7,0.5,5,1,50,4.31912,0.342588,true,-4.31912,,,4.31912,75
sqz_vac_loss_ch_eta0p7_pn0p5_Nt5_ns2,sqz_vac,loss_ch,0.7,0.5,5,2,50,5.81121,1.97415,true,-5.81121,,,5.81121,75
sqz_vac_loss_ch_eta0p7_pn0p5_Nt5_ns3,sqz_vac,loss_ch,0.7,0.5,5,3,50,5.81121,1.97415,true,-5.81121,,,5.81121,75
sqz_vac_loss_ch_eta0p7_pn0p5_Nt5_ns4,sqz_vac,loss_ch,0.7,0.5,5,4,50,5.81121,1.97415,true,-5.81121,,,5.81121,75
sqz_vac_loss_ch_eta0p7_pn0p5_Nt5_ns5,sqz_vac,loss_ch,0.7,0.5,5,5,50,5.84337,1.98689,true,-5.84337,,,5.80887,75
sqz_vac_loss_ch_eta0p85_pn0_Nt1_ns1,sqz_vac,loss_ch,0.85,0,1,1,40,12.4726,1,true,-12.4726,,,12.4726,60
sqz_vac_loss_ch_eta0p85_pn0_Nt1_ns2,sqz_vac,loss_ch,0.85,0,1,2,40,12.4725,1,true,-12.4725,,,12.4726,60
sqz_vac_loss_ch_eta0p85_pn0_Nt1_ns3,sqz_vac,loss_ch,0.85,0,1,3,40,12.4725,1,true,-12.4724,,,12.4725,60
sqz_vac_loss_ch_eta0p85_pn0_Nt1_ns4,sqz_vac,loss_ch,0.85,0,1,4,40,12.4725,1,true,-12.4725,,,12.4726,60
sqz_vac_loss_ch_eta0p85_pn0_Nt1_ns5,sqz_vac,loss_ch,0.85,0,1,5,40,12.4726,1,true,-12.4726,,,12.4726,60
sqz_vac_loss_ch_eta0p85_pn0_Nt5_ns1,sqz_vac,loss_ch,0.85,0,5,1,100,19.5829,4.99994,false,-19.4307,,,19.5849,150
sqz_vac_loss_ch_eta0p85_pn0_Nt5_ns2,sqz_vac,loss_ch,0.85,0,5,2,100,19.5671,4.99985,false,-19.4676,,,19.5674,150
sqz_vac_loss_ch_eta0p85_pn0_Nt5_ns3,sqz_vac,loss_ch,0.85,0,5,3,100,19.5708,4.99988,false,-19.4563,,,19.5714,150
sqz_vac_loss_ch_eta0p85_pn0_Nt5_ns4,sqz_vac,loss_ch,0.85,0,5,4,100,19.5508,5,true,-19.5508,,,19.5525,150
sqz_vac_loss_ch_eta0p85_pn0_Nt5_ns5,sqz_vac,loss_ch,0.85,0,5,5,100,19.5509,5,true,-19.5509,,,19.5524,150
sqz_vac_loss_ch_eta0p85_pn0_Nt10_ns1,sqz_vac,loss_ch,0.85,0,10,1,200,21.6732,10,true,-21.6732,,,21.7362,300
sqz_vac_loss_ch_eta0p85_pn0_Nt10_ns2,sqz_vac,loss_ch,0.85,0,10,2,200,21.6973,10,true,-21.6973,,,21.665,300
sqz_vac_loss_ch_eta0p85_pn0_Nt10_ns3,sqz_vac,loss_ch,0.85,0,10,3,200,22.8171,9.99999,true,-22.8171,,,21.6444,450
sqz_vac_loss_ch_eta0p85_pn0_Nt10_ns4,sqz_vac,loss_ch,0.85,0,10,4,200,22.7613,9.99994,true,-22.7613,,,21.6508,450
sqz_vac_loss_ch_eta0p85_pn0_Nt10_ns5,sqz_vac,loss_ch,0.85,0,10,5,200,22.8102,9.94931,true,-22.8102,,,21.6502,450
sqz_vac_loss_ch_eta0p85_pn0p05_Nt1_ns1,sqz_vac,loss_ch,0.85,0.05,1,1,40,12.0149,1,true,-12.0149,,,12.0149,60
sqz_vac_loss_ch_eta0p85_pn0p05_Nt1_ns2,sqz_vac,loss_ch,0.85,0.05,1,2,40,12.0523,1,true,-12.0523,,,12.0523,60
sqz_vac_loss_ch_eta0p85_pn0p05_Nt1_ns3,sqz_vac,loss_ch,0.85,0.05,1,3,40,12.0527,1,true,-12.0527,,,12.0527,60
sqz_vac_loss_ch_eta0p85_pn0p05_Nt1_ns4,sqz_vac,loss_ch,0.85,0.05,1,4,40,12.0533,1,true,-12.0533,,,12.0533,60
sqz_vac_loss_ch_eta0p85_pn0p05_Nt1_ns5,sqz_vac,loss_ch,0.85,0.05,1,5,40,12.0533,1,true,-12.0533,,,12.0533,60
sqz_vac_loss_ch_eta0p85_pn0p05_Nt5_ns1,sqz_vac,loss_ch,0.85,0.05,5,1,100,16.3733,5,true,-16.3733,,,16.4472,150
sqz_vac_loss_ch_eta0p85_pn0p05_Nt5_ns2,sqz_vac,loss_ch,0.85,0.05,5,2,100,16.4895,5,true,-16.4895,,,16.4895,150
sqz_vac_loss_ch_eta0p85_pn0p05_Nt5_ns3,sqz_vac,loss_ch,0.85,0.05,5,3,100,16.4895,5,true,-16.4895,,,16.4894,225
sqz_vac_loss_ch_eta0p85_pn0p05_Nt5_ns4,sqz_vac,loss_ch,0.85,0.05,5,4,100,16.4895,5,true,-16.4895,,,16.4895,150
sqz_vac_loss_ch_eta0p85_pn0p05_Nt5_ns5,sqz_vac,loss_ch,0.85,0.05,5,5,100,16.4895,5,true,-16.4895,,,16.5794,150
sqz_vac_loss_ch_eta0p85_pn0p1_Nt1_ns1,sqz_vac,loss_ch,0.85,0.1,1,1,40,11.0188,1,true,-11.0188,,,11.0188,60
sqz_vac_loss_ch_eta0p85_pn0p1_Nt1_ns2,sqz_vac,loss_ch,0.85,0.1,1,2,40,11.2715,1,true,-11.2715,,,11.2715,60
sqz_vac_loss_ch_eta0p85_pn0p1_Nt1_ns3,sqz_vac,loss_ch,0.85,0.1,1,3,40,11.2715,1,true,-11.2715,,,11.2715,60
sqz_vac_loss_ch_eta0p85_pn0p1_Nt1_ns4,sqz_vac,loss_ch,0.85,0.1,1,4,40,11.2713,1,true,-11.2713,,,11.2713,60
sqz_vac_loss_ch_eta0p85_pn0p1_Nt1_ns5,sqz_vac,loss_ch,0.85,0.1,1,5,40,11.2715,1,true,-11.2715,,,11.2715,60
sqz_vac_loss_ch_eta0p85_pn0p1_Nt5_ns1,sqz_vac,loss_ch,0.85,0.1,5,1,100,12.781,3.23584,false,-12.7824,,,12.7837,150
sqz_vac_loss_ch_eta0p85_pn0p1_Nt5_ns2,sqz_vac,loss_ch,0.85,0.1,5,2,100,13.107,2.94743,false,-13.107,,,13.107,150
sqz_vac_loss_ch_eta0p85_pn0p1_Nt5_ns3,sqz_vac,loss_ch,0.85,0.1,5,3,100,14.0212,4.67215,false,-14.0214,,,14.0212,150
sqz_vac_loss_ch_eta0p85_pn0p1_Nt5_ns4,sqz_vac,loss_ch,0.85,0.1,5,4,100,14.1678,5,true,-14.1678,,,14.1678,150
sqz_vac_loss_ch_eta0p85_pn0p1_Nt5_ns5,sqz_vac,loss_ch,0.85,0.1,5,5,100,14.3077,5,true,-14.3077,,,14.3077,150
sqz_vac_loss_ch_eta0p85_pn0p1_Nt10_ns1,sqz_vac,loss_ch,0.85,0.1,10,1,200,12.781,3.2293,true,-12.781,,,12.7811,300
sqz_vac_loss_ch_eta0p85_pn0p1_Nt10_ns2,sqz_vac,loss_ch,0.85,0.1,10,2,200,13.3733,3.55574,true,-13.3733,,,13.3731,300
sqz_vac_loss_ch_eta0p85_pn0p1_Nt10_ns3,sqz_vac,loss_ch,0.85,0.1,10,3,200,14.0217,4.69839,true,-14.0217,,,14.0212,300
sqz_vac_loss_ch_eta0p85_pn0p1_Nt10_ns4,sqz_vac,loss_ch,0.85,0.1,10,4,200,14.187,5.13713,true,-14.187,,,14.1673,300
sqz_vac_loss_ch_eta0p85_pn0p1_Nt10_ns5,sqz_vac,loss_ch,0.85,0.1,10,5,200,16.0627,7.66006,true,-16.0627,,,14.5887,450
sqz_vac_loss_ch_eta0p85_pn0p15_Nt1_ns1,sqz_vac,loss_ch,0.85,0.15,1,1,40,9.98128,1,true,-9.98128,,,9.98128,60
sqz_vac_loss_ch_eta0p85_pn0p15_Nt1_ns2,sqz_vac,loss_ch,0.85,0.15,1,2,40,10.5691,1,true,-10.5691,,,10.5691,60
sqz_vac_loss_ch_eta0p85_pn0p15_Nt1_ns3,sqz_vac,loss_ch,0.85,0.15,1,3,40,10.5691,1,true,-10.5691,,,10.5691,60
sqz_vac_loss_ch_eta0p85_pn0p15_Nt1_ns4,sqz_vac,loss_ch,0.85,0.15,1,4,40,10.5691,1,true,-10.5691,,,10.5691,60
sqz_vac_loss_ch_eta0p85_pn0p15_Nt1_ns5,sqz_vac,loss_ch,0.85,0.15,1,5,40,10.5691,1,true,-10.5691,,,10.5691,60
sqz_vac_loss_ch_eta0p85_pn0p15_Nt5_ns1,sqz_vac,loss_ch,0.85,0.15,5,1,100,10.7,2.2291,true,-10.7,,,10.7047,150
sqz_vac_loss_ch_eta0p85_pn0p15_Nt5_ns2,sqz_vac,loss_ch,0.85,0.15,5,2,100,12.04,2.69327,true,-12.04,,,12.04,150
sqz_vac_loss_ch_eta0p85_pn0p15_Nt5_ns3,sqz_vac,loss_ch,0.85,0.15,5,3,100,13.1139,4.50765,true,-13.1139,,,13.1139,150
sqz_vac_loss_ch_eta0p85_pn0p15_Nt5_ns4,sqz_vac,loss_ch,0.85,0.15,5,4,100,13.2786,4.84718,true,-13.2786,,,13.2786,150
sqz_vac_loss_ch_eta0p85_pn0p15_Nt5_ns5,sqz_vac,loss_ch,0.85,0.15,5,5,100,13.3921,5,true,-13.3921,,,13.3921,150
sqz_vac_loss_ch_eta0p85_pn0p2_Nt1_ns1,sqz_vac,loss_ch,0.85,0.2,1,1,40,9.09463,1,true,-9.09463,,,9.09463,60
sqz_vac_loss_ch_eta0p85_pn0p2_Nt1_ns2,sqz_vac,loss_ch,0.85,0.2,1,2,40,10.0403,1,true,-10.0403,,,10.0403,60
sqz_vac_loss_ch_eta0p85_pn0p2_Nt1_ns3,sqz_vac,loss_ch,0.85,0.2,1,3,40,10.0408,1,true,-10.0408,,,10.0408,60
sqz_vac_loss_ch_eta0p85_pn0p2_Nt1_ns4,sqz_vac,loss_ch,0.85,0.2,1,4,40,10.0408,1,true,-10.0408,,,10.0408,60
sqz_vac_loss_ch_eta0p85_pn0p2_Nt1_ns5,sqz_vac,loss_ch,0.85,0.2,1,5,40,10.0408,1,true,-10.0408,,,10.0408,60
sqz_vac_loss_ch_eta0p85_pn0p2_Nt5_ns1,sqz_vac,loss_ch,0.85,0.2,5,1,100,9.38269,1.72103,false,-9.38271,,,9.38269,150
sqz_vac_loss_ch_eta0p85_pn0p2_Nt5_ns2,sqz_vac,loss_ch,0.85,0.2,5,2,100,11.4049,2.33342,false,-11.4049,,,11.4049,150
sqz_vac_loss_ch_eta0p85_pn0p2_Nt5_ns3,sqz_vac,loss_ch,0.85,0.2,5,3,100,11.5923,2.93517,false,-11.5923,,,11.5923,150
sqz_vac_loss_ch_eta0p85_pn0p2_Nt5_ns4,sqz_vac,loss_ch,0.85,0.2,5,4,100,12.5537,5,true,-12.5537,,,12.5537,150
sqz_vac_loss_ch_eta0p85_pn0p2_Nt5_ns5,sqz_vac,loss_ch,0.85,0.2,5,5,100,12.9042,5,true,-12.9042,,,12.9042,150
sqz_vac_loss_ch_eta0p85_pn0p3_Nt5_ns1,sqz_vac,loss_ch,0.85,0.3,5,1,80,7.81857,1.22424,true,-7.81857,,,7.81857,120
sqz_vac_loss_ch_eta0p85_pn0p3_Nt5_ns2,sqz_vac,loss_ch,0.85,0.3,5,2,80,10.9348,2.12812,true,-10.9348,,,10.9348,120
sqz_vac_loss_ch_eta0p85_pn0p3_Nt5_ns3,sqz_vac,loss_ch,0.85,0.3,5,3,80,10.9828,2.51625,true,-10.9828,,,10.9828,120
sqz_vac_loss_ch_eta0p85_pn0p3_Nt5_ns4,sqz_vac,loss_ch,0.85,0.3,5,4,80,12.3793,5,true,-12.3793,,,12.3793,120
sqz_vac_loss_ch_eta0p85_pn0p3_Nt5_ns5,sqz_vac,loss_ch,0.85,0.3,5,5,80,12.3798,5,true,-12.3798,,,12.3798,120
sqz_vac_loss_ch_eta0p85_pn0p4_Nt5_ns1,sqz_vac,loss_ch,0.85,0.4,5,1,80,6.87601,0.9899,true,-6.87601,,,6.87601,120
sqz_vac_loss_ch_eta0p85_pn0p4_Nt5_ns2,sqz_vac,loss_ch,0.85,0.4,5,2,80,10.7313,2.07744,true,-10.7313,,,10.7313,120
sqz_vac_loss_ch_eta0p85_pn0p4_Nt5_ns3,sqz_vac,loss_ch,0.85,0.4,5,3,80,10.7314,2.07759,true,-10.7314,,,10.7314,120
sqz_vac_loss_ch_eta0p85_pn0p4_Nt5_ns4,sqz_vac,loss_ch,0.85,0.4,5,4,80,10.7314,2.07758,true,-10.7314,,,10.7314,120
sqz_vac_loss_ch_eta0p8_pn0_Nt1_ns1,sqz_vac,loss_ch,0.8,0,1,1,40,10.6192,1,true,-10.6192,,,10.6192,60
sqz_vac_loss_ch_eta0p8_pn0_Nt1_ns2,sqz_vac,loss_ch,0.8,0,1,2,40,10.6192,1,true,-10.6192,,,10.6192,60
sqz_vac_loss_ch_eta0p8_pn0_Nt1_ns3,sqz_vac,loss_ch,0.8,0,1,3,40,10.6192,1,true,-10.6192,,,10.6192,60
sqz_vac_loss_ch_eta0p8_pn0_Nt1_ns4,sqz_vac,loss_ch,0.8,0,1,4,40,10.6192,1,true,-10.6192,,,10.6192,60
sqz_vac_loss_ch_eta0p8_pn0_Nt1_ns5,sqz_vac,loss_ch,0.8,0,1,5,40,10.6192,1,true,-10.6192,,,10.6192,60
sqz_vac_loss_ch_eta0p8_pn0_Nt2_ns1,sqz_vac,loss_ch,0.8,0,2,1,60,12.7535,2,true,-12.7535,,,12.7536,90
sqz_vac_loss_ch_eta0p8_pn0_Nt2_ns2,sqz_vac,loss_ch,0.8,0,2,2,60,12.7535,2,true,-12.7535,,,12.7536,90
sqz_vac_loss_ch_eta0p8_pn0_Nt5_ns1,sqz_vac,loss_ch,0.8,0,5,1,100,15.165,4.99993,false,-15.063,,,15.1675,150
sqz_vac_loss_ch_eta0p8_pn0_Nt5_ns2,sqz_vac,loss_ch,0.8,0,5,2,100,15.1462,4.9764,false,-15.0806,,,15.1462,150
sqz_vac_loss_ch_eta0p8_pn0_Nt5_ns3,sqz_vac,loss_ch,0.8,0,5,3,100,15.1486,4.99998,false,-15.0904,,,15.1486,150
sqz_vac_loss_ch_eta0p8_pn0_Nt5_ns4,sqz_vac,loss_ch,0.8,0,5,4,100,15.1788,5,true,-15.1058,,,15.1789,150
sqz_vac_loss_ch_eta0p8_pn0_Nt5_ns5,sqz_vac,loss_ch,0.8,0,5,5,100,15.1807,5,true,-15.1032,,,15.1817,150
sqz_vac_loss_ch_eta0p8_pn0_Nt20_ns1,sqz_vac,loss_ch,0.8,0,20,1,200,16.679,13.1504,true,-16.679,,,16.7443,300
sqz_vac_loss_ch_eta0p8_pn0p05_Nt5_ns1,sqz_vac,loss_ch,0.8,0.05,5,1,100,13.1427,5,true,-13.1427,,,13.1432,150
sqz_vac_loss_ch_eta0p8_pn0p1_Nt1_ns1,sqz_vac,loss_ch,0.8,0.1,1,1,40,9.53317,1,true,-9.53317,,,9.53317,60
sqz_vac_loss_ch_eta0p8_pn0p1_Nt1_ns2,sqz_vac,loss_ch,0.8,0.1,1,2,40,9.63831,1,true,-9.6383,,,9.6383,60
sqz_vac_loss_ch_eta0p8_pn0p1_Nt1_ns3,sqz_vac,loss_ch,0.8,0.1,1,3,40,9.63827,1,true,-9.63827,,,9.63827,60
sqz_vac_loss_ch_eta0p8_pn0p1_Nt1_ns4,sqz_vac,loss_ch,0.8,0.1,1,4,40,9.63831,1,true,-9.63831,,,9.63831,60
sqz_vac_loss_ch_eta0p8_pn0p1_Nt1_ns5,sqz_vac,loss_ch,0.8,0.1,1,5,40,9.63833,1,true,-9.63833,,,9.63833,60
sqz_vac_loss_ch_eta0p8_pn0p1_Nt2_ns1,sqz_vac,loss_ch,0.8,0.1,2,1,60,10.4951,2,true,-10.4951,,,10.4951,90
sqz_vac_loss_ch_eta0p8_pn0p1_Nt2_ns2,sqz_vac,loss_ch,0.8,0.1,2,2,60,10.6333,2,true,-10.6333,,,10.6333,90
sqz_vac_loss_ch_eta0p8_pn0p1_Nt5_ns1,sqz_vac,loss_ch,0.8,0.1,5,1,100,10.6558,2.95697,false,-10.6562,,,10.6557,150
sqz_vac_loss_ch_eta0p8_pn0p1_Nt5_ns2,sqz_vac,loss_ch,0.8,0.1,5,2,100,10.7653,2.78168,false,-10.7653,,,10.7653,150
sqz_vac_loss_ch_eta0p8_pn0p1_Nt5_ns3,sqz_vac,loss_ch,0.8,0.1,5,3,100,10.7655,2.78208,false,-10.7655,,,10.7655,150
sqz_vac_loss_ch_eta0p8_pn0p1_Nt5_ns4,sqz_vac,loss_ch,0.8,0.1,5,4,100,10.7655,2.78204,true,-10.7655,,,10.7655,150
sqz_vac_loss_ch_eta0p8_pn0p1_Nt5_ns5,sqz_vac,loss_ch,0.8,0.1,5,5,100,10.7655,2.78203,true,-10.7655,,,10.7655,150
sqz_vac_loss_ch_eta0p8_pn0p1_Nt10_ns1,sqz_vac,loss_ch,0.8,0.1,10,1,200,10.6558,2.95996,true,-10.6558,,,10.6546,300
sqz_vac_loss_ch_eta0p8_pn0p2_Nt1_ns1,sqz_vac,loss_ch,0.8,0.2,1,1,40,7.90378,1,true,-7.90378,,,7.90378,60
sqz_vac_loss_ch_eta0p8_pn0p2_Nt1_ns2,sqz_vac,loss_ch,0.8,0.2,1,2,40,8.32092,1,true,-8.32092,,,8.32091,60
sqz_vac_loss_ch_eta0p8_pn0p2_Nt1_ns3,sqz_vac,loss_ch,0.8,0.2,1,3,40,8.32101,1,true,-8.32101,,,8.321,60
sqz_vac_loss_ch_eta0p8_pn0p2_Nt1_ns4,sqz_vac,loss_ch,0.8,0.2,1,4,40,8.32098,1,true,-8.32098,,,8.32098,60
sqz_vac_loss_ch_eta0p8_pn0p2_Nt1_ns5,sqz_vac,loss_ch,0.8,0.2,1,5,40,8.32101,1,true,-8.32101,,,8.32101,60
sqz_vac_loss_ch_eta0p8_pn0p2_Nt2_ns1,sqz_vac,loss_ch,0.8,0.2,2,1,60,8.0198,1.47733,true,-8.0198,,,8.0198,90
sqz_vac_loss_ch_eta0p8_pn0p2_Nt2_ns2,sqz_vac,loss_ch,0.8,0.2,2,2,60,8.41645,1.3286,true,-8.41645,,,8.41645,90
sqz_vac_loss_ch_eta0p8_pn0p2_Nt5_ns1,sqz_vac,loss_ch,0.8,0.2,5,1,100,8.0198,1.47734,false,-8.0198,,,8.01982,150
sqz_vac_loss_ch_eta0p8_pn0p2_Nt5_ns2,sqz_vac,loss_ch,0.8,0.2,5,2,100,9.08608,2.20526,false,-9.08608,,,9.08608,150
sqz_vac_loss_ch_eta0p8_pn0p2_Nt5_ns3,sqz_vac,loss_ch,0.8,0.2,5,3,100,9.09034,2.22431,false,-9.09034,,,9.09034,150
sqz_vac_loss_ch_eta0p8_pn0p2_Nt5_ns4,sqz_vac,loss_ch,0.8,0.2,5,4,100,9.76424,5,true,-9.76427,,,9.76405,150
sqz_vac_loss_ch_eta0p8_pn0p2_Nt5_ns5,sqz_vac,loss_ch,0.8,0.2,5,5,100,10.012,5,true,-10.012,,,10.012,150
sqz_vac_loss_ch_eta0p8_pn0p3_Nt1_ns1,sqz_vac,loss_ch,0.8,0.3,1,1,40,6.68467,0.968737,true,-6.68467,,,6.68467,60
sqz_vac_loss_ch_eta0p8_pn0p3_Nt1_ns2,sqz_vac,loss_ch,0.8,0.3,1,2,40,7.50698,1,true,-7.50698,,,7.50698,60
sqz_vac_loss_ch_eta0p8_pn0p3_Nt1_ns3,sqz_vac,loss_ch,0.8,0.3,1,3,40,7.50698,1,true,-7.50698,,,7.50698,60
sqz_vac_loss_ch_eta0p8_pn0p3_Nt1_ns4,sqz_vac,loss_ch,0.8,0.3,1,4,40,7.50698,1,true,-7.50698,,,7.50698,60
sqz_vac_loss_ch_eta0p8_pn0p3_Nt1_ns5,sqz_vac,loss_ch,0.8,0.3,1,5,40,7.50698,1,true,-7.50698,,,7.50698,60
sqz_vac_loss_ch_eta0p8_pn0p3_Nt2_ns1,sqz_vac,loss_ch,0.8,0.3,2,1,60,6.68467,0.96873,true,-6.68467,,,6.68466,90
sqz_vac_loss_ch_eta0p8_pn0p3_Nt2_ns2,sqz_vac,loss_ch,0.8,0.3,2,2,60,8.66094,2,true,-8.66094,,,8.66094,90
sqz_vac_loss_ch_eta0p8_pn0p3_Nt5_ns1,sqz_vac,loss_ch,0.8,0.3,5,1,100,6.68466,0.968716,true,-6.68466,,,6.68466,150
sqz_vac_loss_ch_eta0p8_pn0p3_Nt5_ns2,sqz_vac,loss_ch,0.8,0.3,5,2,100,8.66761,2.02199,true,-8.66761,,,8.66761,150
sqz_vac_loss_ch_eta0p8_pn0p3_Nt5_ns3,sqz_vac,loss_ch,0.8,0.3,5,3,100,8.66777,2.02219,true,-8.66777,,,8.66777,150
sqz_vac_loss_ch_eta0p8_pn0p3_Nt5_ns4,sqz_vac,loss_ch,0.8,0.3,5,4,100,8.66777,2.02219,true,-8.66777,,,8.66777,150
sqz_vac_loss_ch_eta0p8_pn0p3_Nt5_ns5,sqz_vac,loss_ch,0.8,0.3,5,5,100,8.66777,2.02219,true,-8.66778,,,8.66777,150
sqz_vac_loss_ch_eta0p8_pn0p4_Nt1_ns1,sqz_vac,loss_ch,0.8,0.4,1,1,40,5.86681,0.721254,true,-5.86681,,,5.86681,60
sqz_vac_loss_ch_eta0p8_pn0p4_Nt1_ns2,sqz_vac,loss_ch,0.8,0.4,1,2,40,6.9734,1,true,-6.9734,,,6.9734,60
sqz_vac_loss_ch_eta0p8_pn0p4_Nt1_ns3,sqz_vac,loss_ch,0.8,0.4,1,3,40,6.9734,1,true,-6.9734,,,6.9734,60
sqz_vac_loss_ch_eta0p8_pn0p4_Nt1_ns4,sqz_vac,loss_ch,0.8,0.4,1,4,40,6.9734,1,true,-6.9734,,,6.9734,60
sqz_vac_loss_ch_eta0p8_pn0p4_Nt1_ns5,sqz_vac,loss_ch,0.8,0.4,1,5,40,6.9734,1,true,-6.9734,,,6.9734,60
sqz_vac_loss_ch_eta0p8_pn0p4_Nt2_ns1,sqz_vac,loss_ch,0.8,0.4,2,1,60,5.86681,0.72125,true,-5.86681,,,5.86681,90
sqz_vac_loss_ch_eta0p8_pn0p4_Nt2_ns2,sqz_vac,loss_ch,0.8,0.4,2,2,60,8.5381,2,true,-8.5381,,,8.5381,90
sqz_vac_loss_ch_eta0p8_pn0p4_Nt5_ns1,sqz_vac,loss_ch,0.8,0.4,5,1,100,5.86681,0.72125,true,-5.86681,,,5.86681,150
sqz_vac_loss_ch_eta0p8_pn0p4_Nt5_ns2,sqz_vac,loss_ch,0.8,0.4,5,2,100,8.54166,2.00855,true,-8.54167,,,8.54165,150
sqz_vac_loss_ch_eta0p8_pn0p4_Nt5_ns3,sqz_vac,loss_ch,0.8,0.4,5,3,100,8.54168,2.00858,true,-8.54169,,,8.54167,150
sqz_vac_loss_ch_eta0p8_pn0p4_Nt5_ns4,sqz_vac,loss_ch,0.8,0.4,5,4,100,8.54168,2.00858,true,-8.54169,,,8.54167,150
sqz_vac_loss_ch_eta0p8_pn0p4_Nt5_ns5,sqz_vac,loss_ch,0.8,0.4,5,5,100,9.61959,4.29925,true,-9.61959,,,9.61976,150
sqz_vac_loss_ch_eta0p8_pn0p5_Nt1_ns1,sqz_vac,loss_ch,0.8,0.5,1,1,100,5.28767,0.575547,true,-5.28767,,,5.28766,150
sqz_vac_loss_ch_eta0p8_pn0p5_Nt1_ns2,sqz_vac,loss_ch,0.8,0.5,1,2,40,6.49674,1,true,-6.49674,,,6.49674,60
sqz_vac_loss_ch_eta0p8_pn0p5_Nt1_ns3,sqz_vac,loss_ch,0.8,0.5,1,3,40,6.49674,1,true,-6.49674,,,6.49674,60
sqz_vac_loss_ch_eta0p8_pn0p5_Nt1_ns4,sqz_vac,loss_ch,0.8,0.5,1,4,40,6.49674,1,true,-6.49674,,,6.49673,60
sqz_vac_loss_ch_eta0p8_pn0p5_Nt1_ns5,sqz_vac,loss_ch,0.8,0.5,1,5,40,6.49674,1,true,-6.49674,,,6.49673,60
sqz_vac_loss_ch_eta0p8_pn0p5_Nt2_ns1,sqz_vac,loss_ch,0.8,0.5,2,1,60,5.28767,0.575512,true,-5.28767,,,5.28767,90
sqz_vac_loss_ch_eta0p8_pn0p5_Nt2_ns2,sqz_vac,loss_ch,0.8,0.5,2,2,60,8.48222,2,true,-8.48222,,,8.48221,90
sqz_vac_loss_ch_eta0p8_pn0p5_Nt5_ns1,sqz_vac,loss_ch,0.8,0.5,5,1,100,5.28767,0.575547,true,-5.28767,,,5.28766,150
sqz_vac_loss_ch_eta0p8_pn0p5_Nt5_ns2,sqz_vac,loss_ch,0.8,0.5,5,2,100,8.48497,2.00481,true,-8.48497,,,8.48497,150
sqz_vac_loss_ch_eta0p8_pn0p5_Nt5_ns3,sqz_vac,loss_ch,0.8,0.5,5,3,100,8.48497,2.00482,true,-8.48497,,,8.48497,150
sqz_vac_loss_ch_eta0p8_pn0p5_Nt5_ns4,sqz_vac,loss_ch,0.8,0.5,5,4,100,8.48497,2.00482,true,-8.48497,,,8.48497,150
sqz_vac_loss_ch_eta0p8_pn0p5_Nt5_ns5,sqz_vac,loss_ch,0.8,0.5,5,5,100,8.5781,2.28441,true,-8.5781,,,8.45575,225
sqz_vac_loss_ch_eta0p95_pn0_Nt1_ns1,sqz_vac,loss_ch,0.95,0,1,1,40,18.3053,1,true,-18.3053,,,18.3054,60
sqz_vac_loss_ch_eta0p95_pn0_Nt1_ns2,sqz_vac,loss_ch,0.95,0,1,2,40,18.3053,1,true,-18.3053,,,18.3054,60
sqz_vac_loss_ch_eta0p95_pn0_Nt1_ns3,sqz_vac,loss_ch,0.95,0,1,3,40,18.3053,1,true,-18.3053,,,18.3054,60
sqz_vac_loss_ch_eta0p95_pn0_Nt1_ns4,sqz_vac,loss_ch,0.95,0,1,4,40,18.3054,1,true,-18.3053,,,18.3054,60
sqz_vac_loss_ch_eta0p95_pn0_Nt1_ns5,sqz_vac,loss_ch,0.95,0,1,5,40,18.3053,1.00001,true,-18.3053,,,18.3053,60
sqz_vac_loss_ch_eta0p95_pn0_Nt5_ns1,sqz_vac,loss_ch,0.95,0,5,1,250,41.8017,4.99993,true,-41.8017,,,41.8017,375
sqz_vac_loss_ch_eta0p95_pn0_Nt5_ns2,sqz_vac,loss_ch,0.95,0,5,2,150,41.8203,4.99995,false,-41.5904,,,41.8203,225
sqz_vac_loss_ch_eta0p95_pn0_Nt5_ns3,sqz_vac,loss_ch,0.95,0,5,3,150,41.7162,4.99999,false,-41.5911,,,41.7162,225
sqz_vac_loss_ch_eta0p95_pn0_Nt5_ns4,sqz_vac,loss_ch,0.95,0,5,4,250,41.802,5,true,-41.802,,,41.802,375
sqz_vac_loss_ch_eta0p95_pn0_Nt5_ns5,sqz_vac,loss_ch,0.95,0,5,5,150,41.7986,5,true,-41.7973,,,41.7986,225
sqz_vac_loss_ch_eta0p95_pn0_Nt7_ns1,sqz_vac,loss_ch,0.95,0,7,1,150,46.5078,6.99993,false,-47.7186,,,47.7217,225
sqz_vac_loss_ch_eta0p95_pn0_Nt10_ns1,sqz_vac,loss_ch,0.95,0,10,1,150,52.2811,9.99985,false,-53.6423,,,53.6877,225
sqz_vac_loss_ch_eta0p95_pn0_Nt20_ns1,sqz_vac,loss_ch,0.95,0,20,1,200,59.8987,19.9996,true,-59.8987,,,60.2173,300
sqz_vac_loss_ch_eta0p95_pn0_Nt25_ns1,sqz_vac,loss_ch,0.95,0,25,1,200,60.4893,24.9996,false,-60.4893,,,61.2187,450
sqz_vac_loss_ch_eta0p95_pn0_Nt30_ns1,sqz_vac,loss_ch,0.95,0,30,1,200,65.9541,29.9993,false,-65.9541,,,67.7515,450
sqz_vac_loss_ch_eta0p95_pn0p05_Nt1_ns1,sqz_vac,loss_ch,0.95,0.05,1,1,100,17.3765,1.00004,true,-17.3763,,,17.3765,150
sqz_vac_loss_ch_eta0p95_pn0p05_Nt1_ns2,sqz_vac,loss_ch,0.95,0.05,1,2,100,17.6881,1.00005,true,-17.6879,,,17.6881,150
sqz_vac_loss_ch_eta0p95_pn0p05_Nt1_ns3,sqz_vac,loss_ch,0.95,0.05,1,3,100,17.6885,1.00005,true,-17.6883,,,17.6885,150
sqz_vac_loss_ch_eta0p95_pn0p05_Nt1_ns4,sqz_vac,loss_ch,0.95,0.05,1,4,40,17.6881,1,true,-17.6881,,,17.6881,60
sqz_vac_loss_ch_eta0p95_pn0p05_Nt1_ns5,sqz_vac,loss_ch,0.95,0.05,1,5,40,17.6881,1,true,-17.6881,,,17.6881,60
sqz_vac_loss_ch_eta0p95_pn0p05_Nt2_ns1,sqz_vac,loss_ch,0.95,0.05,2,1,100,23.7578,2.00002,true,-23.7577,,,23.7578,150
sqz_vac_loss_ch_eta0p95_pn0p05_Nt2_ns2,sqz_vac,loss_ch,0.95,0.05,2,2,100,24.9833,2.00003,true,-24.9832,,,24.9833,150
sqz_vac_loss_ch_eta0p95_pn0p05_Nt3_ns2,sqz_vac,loss_ch,0.95,0.05,3,2,100,29.6368,3.00002,true,-29.6368,,,29.6368,150
sqz_vac_loss_ch_eta0p95_pn0p05_Nt5_ns1,sqz_vac,loss_ch,0.95,0.05,5,1,250,30.9465,4.99995,false,-30.9871,,,30.9465,375
sqz_vac_loss_ch_eta0p95_pn0p05_Nt5_ns2,sqz_vac,loss_ch,0.95,0.05,5,2,120,34.1294,5.00002,true,-34.1294,,,34.1294,180
sqz_vac_loss_ch_eta0p95_pn0p05_Nt5_ns3,sqz_vac,loss_ch,0.95,0.05,5,3,120,34.1602,5,true,-34.1602,,,34.1602,180
sqz_vac_loss_ch_eta0p95_pn0p05_Nt5_ns4,sqz_vac,loss_ch,0.95,0.05,5,4,100,34.1346,5,true,-34.1346,,,34.1346,150
sqz_vac_loss_ch_eta0p95_pn0p05_Nt5_ns5,sqz_vac,loss_ch,0.95,0.05,5,5,120,34.1921,5,true,-34.1921,,,34.1921,180
sqz_vac_loss_ch_eta0p95_pn0p05_Nt8_ns2,sqz_vac,loss_ch,0.95,0.05,8,2,100,35.5844,8,true,-35.5844,,,35.5833,150
sqz_vac_loss_ch_eta0p95_pn0p05_Nt13_ns1,sqz_vac,loss_ch,0.95,0.05,13,1,150,32.0692,8.19584,true,-32.0692,,,32.0688,225
sqz_vac_loss_ch_eta0p95_pn0p05_Nt20_ns1,sqz_vac,loss_ch,0.95,0.05,20,1,150,32.0692,8.19584,true,-32.0692,,,32.0688,225
sqz_vac_loss_ch_eta0p95_pn0p05_Nt20_ns2,sqz_vac,loss_ch,0.95,0.05,20,2,250,35.5841,8.08371,true,-35.5841,,,35.5841,375
sqz_vac_loss_ch_eta0p95_pn0p05_Nt20_ns3,sqz_vac,loss_ch,0.95,0.05,20,3,250,37.6772,11.0755,true,-37.6772,,,37.6772,375
sqz_vac_loss_ch_eta0p95_pn0p05_Nt30_ns1,sqz_vac,loss_ch,0.95,0.05,30,1,250,32.0687,8.19397,true,-32.0687,,,32.0689,375
sqz_vac_loss_ch_eta0p95_pn0p05_Nt50_ns1,sqz_vac,loss_ch,0.95,0.05,50,1,250,32.0687,8.19397,true,-32.0687,,,32.0689,375
sqz_vac_loss_ch_eta0p95_pn0p05_Nt80_ns1,sqz_vac,loss_ch,0.95,0.05,80,1,350,32.8745,11.1633,false,-32.8745,,,31.6441,500
sqz_vac_loss_ch_eta0p95_pn0p1_Nt0p5_ns1,sqz_vac,loss_ch,0.95,0.1,0.5,1,50,11.6298,0.500049,false,-11.9324,,,11.9326,75
sqz_vac_loss_ch_eta0p95_pn0p1_Nt0p5_ns2,sqz_vac,loss_ch,0.95,0.1,0.5,2,50,11.8858,0.500055,false,-12.1949,,,12.1952,75
sqz_vac_loss_ch_eta0p95_pn0p1_Nt0p5_ns3,sqz_vac,loss_ch,0.95,0.1,0.5,3,50,11.886,0.500055,false,-12.1951,,,12.1954,75
sqz_vac_loss_ch_eta0p95_pn0p1_Nt1_ns1,sqz_vac,loss_ch,0.95,0.1,1,1,50,15.4977,1.00003,false,-15.9011,,,15.9012,75
sqz_vac_loss_ch_eta0p95_pn0p1_Nt1_ns2,sqz_vac,loss_ch,0.95,0.1,1,2,50,16.568,1.00004,false,-16.9991,,,16.9993,75
sqz_vac_loss_ch_eta0p95_pn0p1_Nt1_ns3,sqz_vac,loss_ch,0.95,0.1,1,3,50,16.5694,1.00004,false,-17.0006,,,17.0007,75
sqz_vac_loss_ch_eta0p95_pn0p1_Nt1_ns4,sqz_vac,loss_ch,0.95,0.1,1,4,40,17.001,1,true,-17.0009,,,17.001,60
sqz_vac_loss_ch_eta0p95_pn0p1_Nt1_ns5,sqz_vac,loss_ch,0.95,0.1,1,5,40,17.001,1,true,-17.001,,,17.001,60
sqz_vac_loss_ch_eta0p95_pn0p1_Nt2_ns1,sqz_vac,loss_ch,0.95,0.1,2,1,50,19.7298,2.00001,false,-20.2435,,,20.2432,75
sqz_vac_loss_ch_eta0p95_pn0p1_Nt2_ns2,sqz_vac,loss_ch,0.95,0.1,2,2,50,23.1823,2.00003,false,-23.7858,,,23.7859,75
sqz_vac_loss_ch_eta0p95_pn0p1_Nt2_ns3,sqz_vac,loss_ch,0.95,0.1,2,3,50,23.1875,2.00003,false,-23.7911,,,23.7912,75
sqz_vac_loss_ch_eta0p95_pn0p1_Nt3_ns1,sqz_vac,loss_ch,0.95,0.1,3,1,50,21.6349,2.99998,false,-22.1981,,,22.1921,75
sqz_vac_loss_ch_eta0p95_pn0p1_Nt3_ns2,sqz_vac,loss_ch,0.95,0.1,3,2,50,27.1931,3.00002,false,-27.9011,,,27.9011,75
sqz_vac_loss_ch_eta0p95_pn0p1_Nt3_ns3,sqz_vac,loss_ch,0.95,0.1,3,3,50,27.1955,3.00002,false,-27.9035,,,27.9035,75
sqz_vac_loss_ch_eta0p95_pn0p1_Nt4_ns1,sqz_vac,loss_ch,0.95,0.1,4,1,50,22.4675,3.99995,false,-23.0524,,,23.021,75
sqz_vac_loss_ch_eta0p95_pn0p1_Nt4_ns2,sqz_vac,loss_ch,0.95,0.1,4,2,50,29.2818,4.00001,false,-30.0441,,,30.0441,75
sqz_vac_loss_ch_eta0p95_pn0p1_Nt4_ns3,sqz_vac,loss_ch,0.95,0.1,4,3,50,29.2685,4.00001,false,-30.0305,,,30.0305,75
sqz_vac_loss_ch_eta0p95_pn0p1_Nt5_ns1,sqz_vac,loss_ch,0.95,0.1,5,1,100,23.2773,4.99992,false,-23.3703,,,23.2768,150
sqz_vac_loss_ch_eta0p95_pn0p1_Nt5_ns2,sqz_vac,loss_ch,0.95,0.1,5,2,100,30.8992,4.99998,false,-30.8992,,,30.8992,150
sqz_vac_loss_ch_eta0p95_pn0p1_Nt5_ns3,sqz_vac,loss_ch,0.95,0.1,5,3,100,31.6287,5.00001,false,-31.6287,,,31.6286,150
sqz_vac_loss_ch_eta0p95_pn0p1_Nt5_ns4,sqz_vac,loss_ch,0.95,0.1,5,4,100,31.628,5,true,-31.628,,,31.628,150
sqz_vac_loss_ch_eta0p95_pn0p1_Nt5_ns5,sqz_vac,loss_ch,0.95,0.1,5,5,100,31.6435,5,true,-31.6435,,,31.6435,150
sqz_vac_loss_ch_eta0p95_pn0p1_Nt6_ns1,sqz_vac,loss_ch,0.95,0.1,6,1,100,22.6947,5.29921,false,-23.2855,,,23.2848,150
sqz_vac_loss_ch_eta0p95_pn0p1_Nt6_ns2,sqz_vac,loss_ch,0.95,0.1,6,2,100,30.123,5.57509,false,-30.9072,,,30.9072,150
sqz_vac_loss_ch_eta0p95_pn0p1_Nt6_ns3,sqz_vac,loss_ch,0.95,0.1,6,3,100,32.0054,6,false,-32.8386,,,32.8386,150
sqz_vac_loss_ch_eta0p95_pn0p1_Nt6_ns5,sqz_vac,loss_ch,0.95,0.1,6,5,100,32.0691,6.00001,false,-32.904,,,32.904,150
sqz_vac_loss_ch_eta0p95_pn0p1_Nt7_ns1,sqz_vac,loss_ch,0.95,0.1,7,1,100,22.6947,5.29921,false,-23.2855,,,23.2848,150
sqz_vac_loss_ch_eta0p95_pn0p1_Nt7_ns2,sqz_vac,loss_ch,0.95,0.1,7,2,100,30.1349,5.20185,false,-30.9194,,,30.9194,150
sqz_vac_loss_ch_eta0p95_pn0p1_Nt7_ns3,sqz_vac,loss_ch,0.95,0.1,7,3,100,32.5645,6.99999,false,-33.4123,,,33.4123,150
sqz_vac_loss_ch_eta0p95_pn0p1_Nt8_ns1,sqz_vac,loss_ch,0.95,0.1,8,1,100,22.6947,5.29921,false,-23.2855,,,23.2848,150
sqz_vac_loss_ch_eta0p95_pn0p1_Nt8_ns2,sqz_vac,loss_ch,0.95,0.1,8,2,100,30.1349,5.20185,false,-30.9194,,,30.9194,150
sqz_vac_loss_ch_eta0p95_pn0p1_Nt8_ns3,sqz_vac,loss_ch,0.95,0.1,8,3,100,32.7923,7.99998,false,-33.646,,,33.646,150
sqz_vac_loss_ch_eta0p95_pn0p1_Nt8_ns4,sqz_vac,loss_ch,0.95,0.1,8,4,100,34.2615,8,false,-35.1535,,,35.1535,150
sqz_vac_loss_ch_eta0p95_pn0p1_Nt9_ns1,sqz_vac,loss_ch,0.95,0.1,9,1,100,22.6947,5.29921,false,-23.2855,,,23.2848,150
sqz_vac_loss_ch_eta0p95_pn0p1_Nt9_ns2,sqz_vac,loss_ch,0.95,0.1,9,2,100,30.123,5.57509,false,-30.9072,,,30.9072,150
sqz_vac_loss_ch_eta0p95_pn0p1_Nt9_ns3,sqz_vac,loss_ch,0.95,0.1,9,3,100,32.8718,8.99997,false,-33.7276,,,33.7263,150
sqz_vac_loss_ch_eta0p95_pn0p1_Nt9_ns4,sqz_vac,loss_ch,0.95,0.1,9,4,100,34.8177,8.99998,false,-35.7241,,,35.7241,150
sqz_vac_loss_ch_eta0p95_pn0p1_Nt10_ns1,sqz_vac,loss_ch,0.95,0.1,10,1,100,22.6947,5.29921,false,-23.2855,,,23.2848,150
sqz_vac_loss_ch_eta0p95_pn0p1_Nt10_ns2,sqz_vac,loss_ch,0.95,0.1,10,2,100,30.1349,5.20185,false,-30.9194,,,30.9194,150
sqz_vac_loss_ch_eta0p95_pn0p1_Nt10_ns3,sqz_vac,loss_ch,0.95,0.1,10,3,100,32.8845,9.70374,false,-33.7406,,,33.7367,150
sqz_vac_loss_ch_eta0p95_pn0p1_Nt10_ns4,sqz_vac,loss_ch,0.95,0.1,10,4,100,35.1199,9.99998,false,-36.0342,,,36.0334,150
sqz_vac_loss_ch_eta0p95_pn0p1_Nt10_ns5,sqz_vac,loss_ch,0.95,0.1,10,5,100,35.3327,9.99999,false,-36.2526,,,36.2525,150
sqz_vac_loss_ch_eta0p95_pn0p1_Nt11_ns1,sqz_vac,loss_ch,0.95,0.1,11,1,100,22.6947,5.29921,false,-23.2855,,,23.2848,150
sqz_vac_loss_ch_eta0p95_pn0p1_Nt11_ns2,sqz_vac,loss_ch,0.95,0.1,11,2,100,30.123,5.57509,false,-30.9072,,,30.9072,150
sqz_vac_loss_ch_eta0p95_pn0p1_Nt11_ns3,sqz_vac,loss_ch,0.95,0.1,11,3,100,32.8845,9.70374,false,-33.7406,,,33.7367,150
sqz_vac_loss_ch_eta0p95_pn0p1_Nt11_ns4,sqz_vac,loss_ch,0.95,0.1,11,4,100,35.4227,11,false,-36.3449,,,36.3383,150
sqz_vac_loss_ch_eta0p95_pn0p1_Nt11_ns5,sqz_vac,loss_ch,0.95,0.1,11,5,100,35.559,11,false,-36.4848,,,36.4815,150
sqz_vac_loss_ch_eta0p95_pn0p1_Nt20_ns1,sqz_vac,loss_ch,0.95,0.1,20,1,250,23.2848,5.29585,true,-23.2848,,,23.2848,375
sqz_vac_loss_ch_eta0p95_pn0p1_Nt20_ns2,sqz_vac,loss_ch,0.95,0.1,20,2,250,30.9194,5.20197,true,-30.9194,,,30.9193,375
sqz_vac_loss_ch_eta0p95_pn0p1_Nt20_ns3,sqz_vac,loss_ch,0.95,0.1,20,3,250,33.7373,9.57344,true,-33.7373,,,33.7373,375
sqz_vac_loss_ch_eta0p95_pn0p1_Nt20_ns4,sqz_vac,loss_ch,0.95,0.1,20,4,250,37.1605,20,true,-37.1605,,,37.1611,375
sqz_vac_loss_ch_eta0p95_pn0p1_Nt25_ns4,sqz_vac,loss_ch,0.95,0.1,25,4,200,37.2251,22.9669,false,-37.2251,,,37.1919,300
sqz_vac_loss_ch_eta0p95_pn0p15_Nt1_ns1,sqz_vac,loss_ch,0.95,0.15,1,1,40,14.8149,1,true,-14.8149,,,14.8149,60
sqz_vac_loss_ch_eta0p95_pn0p15_Nt1_ns2,sqz_vac,loss_ch,0.95,0.15,1,2,40,16.459,1,true,-16.459,,,16.459,60
sqz_vac_loss_ch_eta0p95_pn0p15_Nt1_ns3,sqz_vac,loss_ch,0.95,0.15,1,3,40,16.462,1,true,-16.462,,,16.462,60
sqz_vac_loss_ch_eta0p95_pn0p15_Nt1_ns4,sqz_vac,loss_ch,0.95,0.15,1,4,40,16.4621,1,true,-16.4621,,,16.4621,60
sqz_vac_loss_ch_eta0p95_pn0p15_Nt1_ns5,sqz_vac,loss_ch,0.95,0.15,1,5,40,16.4619,1,true,-16.4619,,,16.4619,60
sqz_vac_loss_ch_eta0p95_pn0p15_Nt5_ns1,sqz_vac,loss_ch,0.95,0.15,5,1,100,19.9598,4.74375,false,-20.036,,,19.9595,150
sqz_vac_loss_ch_eta0p95_pn0p15_Nt5_ns2,sqz_vac,loss_ch,0.95,0.15,5,2,100,29.619,4.82741,false,-29.619,,,29.619,150
sqz_vac_loss_ch_eta0p95_pn0p15_Nt5_ns3,sqz_vac,loss_ch,0.95,0.15,5,3,100,30.9043,5.00001,false,-30.9043,,,30.9043,150
sqz_vac_loss_ch_eta0p95_pn0p15_Nt5_ns4,sqz_vac,loss_ch,0.95,0.15,5,4,100,30.9277,5,true,-30.9277,,,30.9277,150
sqz_vac_loss_ch_eta0p95_pn0p15_Nt5_ns5,sqz_vac,loss_ch,0.95,0.15,5,5,120,30.9449,5,true,-30.9449,,,30.9449,180
sqz_vac_loss_ch_eta0p95_pn0p2_Nt0p5_ns1,sqz_vac,loss_ch,0.95,0.2,0.5,1,100,11.0045,0.500004,true,-11.0045,,,11.0045,150
sqz_vac_loss_ch_eta0p95_pn0p2_Nt0p5_ns2,sqz_vac,loss_ch,0.95,0.2,0.5,2,100,11.5549,0.500005,true,-11.5549,,,11.5549,150
sqz_vac_loss_ch_eta0p95_pn0p2_Nt0p5_ns3,sqz_vac,loss_ch,0.95,0.2,0.5,3,100,11.5554,0.500005,true,-11.5554,,,11.5554,150
sqz_vac_loss_ch_eta0p95_pn0p2_Nt0p5_ns4,sqz_vac,loss_ch,0.95,0.2,0.5,4,100,11.5555,0.500005,true,-11.5554,,,11.5555,150
sqz_vac_loss_ch_eta0p95_pn0p2_Nt0p5_ns5,sqz_vac,loss_ch,0.95,0.2,0.5,5,100,11.5555,0.500005,true,-11.5554,,,11.5555,150
sqz_vac_loss_ch_eta0p95_pn0p2_Nt1_ns1,sqz_vac,loss_ch,0.95,0.2,1,1,100,14.0557,1.00002,true,-14.0557,,,14.0557,150
sqz_vac_loss_ch_eta0p95_pn0p2_Nt1_ns2,sqz_vac,loss_ch,0.95,0.2,1,2,100,15.9923,1.00004,true,-15.9922,,,15.9923,150
sqz_vac_loss_ch_eta0p95_pn0p2_Nt1_ns3,sqz_vac,loss_ch,0.95,0.2,1,3,100,15.9955,1.00004,true,-15.9954,,,15.9955,150
sqz_vac_loss_ch_eta0p95_pn0p2_Nt1_ns4,sqz_vac,loss_ch,0.95,0.2,1,4,100,15.9956,1.00004,true,-15.9955,,,15.9956,150
sqz_vac_loss_ch_eta0p95_pn0p2_Nt1_ns5,sqz_vac,loss_ch,0.95,0.2,1,5,100,15.9953,1,true,-15.9952,,,15.9953,150
sqz_vac_loss_ch_eta0p95_pn0p2_Nt2_ns1,sqz_vac,loss_ch,0.95,0.2,2,1,100,16.9558,2,true,-16.9558,,,16.9558,150
sqz_vac_loss_ch_eta0p95_pn0p2_Nt2_ns2,sqz_vac,loss_ch,0.95,0.2,2,2,100,22.4508,2,true,-22.4508,,,22.4508,150
sqz_vac_loss_ch_eta0p95_pn0p2_Nt2_ns3,sqz_vac,loss_ch,0.95,0.2,2,3,100,22.4595,2,true,-22.4595,,,22.4595,150
sqz_vac_loss_ch_eta0p95_pn0p2_Nt2_ns4,sqz_vac,loss_ch,0.95,0.2,2,4,100,22.4673,2,true,-22.4672,,,22.4673,150
sqz_vac_loss_ch_eta0p95_pn0p2_Nt2_ns5,sqz_vac,loss_ch,0.95,0.2,2,5,100,22.4672,2,true,-22.4672,,,22.4672,150
sqz_vac_loss_ch_eta0p95_pn0p2_Nt3_ns1,sqz_vac,loss_ch,0.95,0.2,3,1,50,17.5497,2.99997,false,-18.0066,,,18.0002,75
sqz_vac_loss_ch_eta0p95_pn0p2_Nt3_ns2,sqz_vac,loss_ch,0.95,0.2,3,2,50,25.8067,3.00001,false,-26.4785,,,26.4786,75
sqz_vac_loss_ch_eta0p95_pn0p2_Nt3_ns3,sqz_vac,loss_ch,0.95,0.2,3,3,50,25.8541,3.00002,false,-26.5272,,,26.5272,75
sqz_vac_loss_ch_eta0p95_pn0p2_Nt4_ns1,sqz_vac,loss_ch,0.95,0.2,4,1,50,17.8436,3.99994,false,-18.3081,,,18.2756,75
sqz_vac_loss_ch_eta0p95_pn0p2_Nt4_ns2,sqz_vac,loss_ch,0.95,0.2,4,2,50,27.6795,4,false,-28.4001,,,28.4001,75
sqz_vac_loss_ch_eta0p95_pn0p2_Nt4_ns3,sqz_vac,loss_ch,0.95,0.2,4,3,50,28.009,4.00001,false,-28.7382,,,28.7382,75
sqz_vac_loss_ch_eta0p95_pn0p2_Nt5_ns1,sqz_vac,loss_ch,0.95,0.2,5,1,120,18.2739,4.36602,false,-18.3248,,,18.2739,180
sqz_vac_loss_ch_eta0p95_pn0p2_Nt5_ns2,sqz_vac,loss_ch,0.95,0.2,5,2,250,28.69,4.64927,true,-28.69,,,28.69,375
sqz_vac_loss_ch_eta0p95_pn0p2_Nt5_ns3,sqz_vac,loss_ch,0.95,0.2,5,3,120,30.3477,5,false,-30.3477,,,30.3477,180
sqz_vac_loss_ch_eta0p95_pn0p2_Nt5_ns4,sqz_vac,loss_ch,0.95,0.2,5,4,120,30.4102,5,true,-30.4102,,,30.4102,180
sqz_vac_loss_ch_eta0p95_pn0p2_Nt5_ns5,sqz_vac,loss_ch,0.95,0.2,5,5,120,30.4452,5,true,-30.4452,,,30.4453,180
sqz_vac_loss_ch_eta0p95_pn0p2_Nt6_ns2,sqz_vac,loss_ch,0.95,0.2,6,2,100,27.9624,4.65753,false,-28.6903,,,28.6903,150
sqz_vac_loss_ch_eta0p95_pn0p2_Nt6_ns4,sqz_vac,loss_ch,0.95,0.2,6,4,100,30.559,6,false,-31.3546,,,31.3546,150
sqz_vac_loss_ch_eta0p95_pn0p2_Nt7_ns2,sqz_vac,loss_ch,0.95,0.2,7,2,100,27.9624,4.65753,false,-28.6903,,,28.6903,150
sqz_vac_loss_ch_eta0p95_pn0p2_Nt7_ns3,sqz_vac,loss_ch,0.95,0.2,7,3,100,30.555,6.99998,false,-31.3505,,,31.3504,150
sqz_vac_loss_ch_eta0p95_pn0p2_Nt8_ns1,sqz_vac,loss_ch,0.95,0.2,8,1,100,17.816,4.18315,false,-18.2798,,,18.2797,150
sqz_vac_loss_ch_eta0p95_pn0p2_Nt8_ns2,sqz_vac,loss_ch,0.95,0.2,8,2,100,27.9624,4.65753,false,-28.6903,,,28.6903,150
sqz_vac_loss_ch_eta0p95_pn0p2_Nt8_ns5,sqz_vac,loss_ch,0.95,0.2,8,5,100,32.9632,8,false,-33.8214,,,33.8214,150
sqz_vac_loss_ch_eta0p95_pn0p2_Nt9_ns1,sqz_vac,loss_ch,0.95,0.2,9,1,100,17.816,4.18315,false,-18.2798,,,18.2797,150
sqz_vac_loss_ch_eta0p95_pn0p2_Nt9_ns2,sqz_vac,loss_ch,0.95,0.2,9,2,100,27.9624,4.65753,false,-28.6903,,,28.6903,150
sqz_vac_loss_ch_eta0p95_pn0p2_Nt10_ns1,sqz_vac,loss_ch,0.95,0.2,10,1,100,17.816,4.18315,false,-18.2798,,,18.2797,150
sqz_vac_loss_ch_eta0p95_pn0p2_Nt10_ns2,sqz_vac,loss_ch,0.95,0.2,10,2,100,27.9624,4.65753,false,-28.6903,,,28.6903,150
sqz_vac_loss_ch_eta0p95_pn0p2_Nt10_ns3,sqz_vac,loss_ch,0.95,0.2,10,3,100,31.3656,7.45714,true,-31.3656,,,31.3655,150
sqz_vac_loss_ch_eta0p95_pn0p2_Nt10_ns4,sqz_vac,loss_ch,0.95,0.2,10,4,100,33.4029,9.99998,false,-34.2725,,,34.2725,150
sqz_vac_loss_ch_eta0p95_pn0p2_Nt10_ns5,sqz_vac,loss_ch,0.95,0.2,10,5,100,34.6521,9.99999,true,-34.6521,,,34.6516,150
sqz_vac_loss_ch_eta0p95_pn0p2_Nt11_ns1,sqz_vac,loss_ch,0.95,0.2,11,1,100,17.816,4.18315,false,-18.2798,,,18.2797,150
sqz_vac_loss_ch_eta0p95_pn0p2_Nt11_ns3,sqz_vac,loss_ch,0.95,0.2,11,3,100,30.7312,10.9891,false,-31.5313,,,31.5158,150
sqz_vac_loss_ch_eta0p95_pn0p25_Nt5_ns1,sqz_vac,loss_ch,0.95,0.25,5,1,50,16.7974,4.18914,false,-17.2347,,,17.1945,75
sqz_vac_loss_ch_eta0p95_pn0p25_Nt5_ns2,sqz_vac,loss_ch,0.95,0.25,5,2,50,27.1384,4.55119,false,-27.8449,,,27.8449,75
sqz_vac_loss_ch_eta0p95_pn0p25_Nt5_ns3,sqz_vac,loss_ch,0.95,0.25,5,3,50,29.0274,5,false,-29.7831,,,29.7831,75
sqz_vac_loss_ch_eta0p95_pn0p3_Nt5_ns1,sqz_vac,loss_ch,0.95,0.3,5,1,90,16.3719,4.09262,false,-16.4067,,,16.3717,135
sqz_vac_loss_ch_eta0p95_pn0p3_Nt5_ns2,sqz_vac,loss_ch,0.95,0.3,5,2,90,27.0265,4.47642,false,-27.0265,,,27.0265,135
sqz_vac_loss_ch_eta0p95_pn0p3_Nt5_ns3,sqz_vac,loss_ch,0.95,0.3,5,3,90,29.067,4.91224,false,-29.067,,,29.067,135
sqz_vac_loss_ch_eta0p95_pn0p3_Nt5_ns4,sqz_vac,loss_ch,0.95,0.3,5,4,90,29.2357,5,true,-29.2357,,,29.2357,135
sqz_vac_loss_ch_eta0p95_pn0p3_Nt5_ns5,sqz_vac,loss_ch,0.95,0.3,5,5,90,29.2411,5,true,-29.2411,,,29.2411,135
sqz_vac_loss_ch_eta0p95_pn0p35_Nt5_ns1,sqz_vac,loss_ch,0.95,0.35,5,1,50,15.3005,4.03394,false,-15.6988,,,15.6674,75
sqz_vac_loss_ch_eta0p95_pn0p35_Nt5_ns2,sqz_vac,loss_ch,0.95,0.35,5,2,50,25.5483,4.41809,false,-26.2134,,,26.2134,75
sqz_vac_loss_ch_eta0p95_pn0p35_Nt5_ns3,sqz_vac,loss_ch,0.95,0.35,5,3,50,27.7633,4.80366,false,-28.4861,,,28.4861,75
sqz_vac_loss_ch_eta0p95_pn0p4_Nt5_ns1,sqz_vac,loss_ch,0.95,0.4,5,1,80,15.022,3.99542,false,-15.0508,,,15.0215,120
sqz_vac_loss_ch_eta0p95_pn0p4_Nt5_ns2,sqz_vac,loss_ch,0.95,0.4,5,2,80,25.3996,4.36972,false,-25.3996,,,25.3996,120
sqz_vac_loss_ch_eta0p95_pn0p4_Nt5_ns3,sqz_vac,loss_ch,0.95,0.4,5,3,80,27.8527,5,false,-27.8527,,,27.8527,120
sqz_vac_loss_ch_eta0p95_pn0p4_Nt5_ns4,sqz_vac,loss_ch,0.95,0.4,5,4,80,27.9091,4.71004,true,-27.9091,,,27.9091,120
sqz_vac_loss_ch_eta0p95_pn0p4_Nt5_ns5,sqz_vac,loss_ch,0.95,0.4,5,5,80,27.9092,4.70945,true,-27.9092,,,27.9092,120
sqz_vac_loss_ch_eta0p95_pn0p45_Nt5_ns1,sqz_vac,loss_ch,0.95,0.45,5,1,50,14.0707,3.96868,false,-14.437,,,14.4094,75
sqz_vac_loss_ch_eta0p95_pn0p45_Nt5_ns2,sqz_vac,loss_ch,0.95,0.45,5,2,50,23.964,4.32896,false,-24.5879,,,24.5879,75
sqz_vac_loss_ch_eta0p95_pn0p45_Nt5_ns3,sqz_vac,loss_ch,0.95,0.45,5,3,50,26.6459,4.58926,false,-27.3396,,,27.3396,75
sqz_vac_loss_ch_eta0p95_pn0p5_Nt5_ns1,sqz_vac,loss_ch,0.95,0.5,5,1,200,13.8216,3.94931,false,-13.8482,,,13.8216,300
sqz_vac_loss_ch_eta0p95_pn0p5_Nt5_ns2,sqz_vac,loss_ch,0.95,0.5,5,2,200,23.7848,4.29471,false,-23.7848,,,23.7848,300
sqz_vac_loss_ch_eta0p95_pn0p5_Nt5_ns3,sqz_vac,loss_ch,0.95,0.5,5,3,200,26.8023,4.48884,false,-26.8024,,,26.8023,300
sqz_vac_loss_ch_eta0p95_pn0p5_Nt5_ns4,sqz_vac,loss_ch,0.95,0.5,5,4,90,27.5085,5,true,-27.5085,,,27.5085,135
sqz_vac_loss_ch_eta0p95_pn0p5_Nt5_ns5,sqz_vac,loss_ch,0.95,0.5,5,5,90,27.4204,5,true,-27.4204,,,27.4204,135
sqz_vac_loss_ch_eta0p999_pn0_Nt1_ns1,sqz_vac,loss_ch,0.999,0,1,1,40,23.1901,1.00001,true,-23.1901,,,23.1902,60
sqz_vac_loss_ch_eta0p999_pn0_Nt1_ns2,sqz_vac,loss_ch,0.999,0,1,2,40,23.1901,1.00001,true,-23.1901,,,23.1902,60
sqz_vac_loss_ch_eta0p999_pn0_Nt1_ns3,sqz_vac,loss_ch,0.999,0,1,3,40,23.1901,1.00001,true,-23.19,,,23.1902,60
sqz_vac_loss_ch_eta0p999_pn0_Nt1_ns4,sqz_vac,loss_ch,0.999,0,1,4,40,23.1902,1.00001,true,-23.1901,,,23.1902,60
sqz_vac_loss_ch_eta0p999_pn0_Nt1_ns5,sqz_vac,loss_ch,0.999,0,1,5,40,23.19,1.00001,true,-23.1899,,,23.1901,60
sqz_vac_loss_ch_eta0p999_pn0_Nt5_ns1,sqz_vac,loss_ch,0.999,0,5,1,200,85.9725,5.00001,true,-85.9724,,,85.9725,300
sqz_vac_loss_ch_eta0p999_pn0_Nt5_ns2,sqz_vac,loss_ch,0.999,0,5,2,200,85.9717,5.00002,true,-85.9713,,,85.9718,300
sqz_vac_loss_ch_eta0p999_pn0_Nt5_ns3,sqz_vac,loss_ch,0.999,0,5,3,200,85.9722,5.00001,true,-85.9721,,,85.9722,300
sqz_vac_loss_ch_eta0p999_pn0_Nt5_ns4,sqz_vac,loss_ch,0.999,0,5,4,120,85.9968,5.00001,true,-85.9613,,,85.9997,180
sqz_vac_loss_ch_eta0p999_pn0_Nt5_ns5,sqz_vac,loss_ch,0.999,0,5,5,120,85.9745,5.00001,true,-85.9624,,,85.9763,180
sqz_vac_loss_ch_eta0p999_pn0p05_Nt1_ns1,sqz_vac,loss_ch,0.999,0.05,1,1,40,22.9675,1.00001,true,-22.9674,,,22.9675,60
sqz_vac_loss_ch_eta0p999_pn0p05_Nt1_ns2,sqz_vac,loss_ch,0.999,0.05,1,2,40,22.9863,1.00001,true,-22.9863,,,22.9864,60
sqz_vac_loss_ch_eta0p999_pn0p05_Nt1_ns3,sqz_vac,loss_ch,0.999,0.05,1,3,40,22.9883,1.00001,true,-22.9882,,,22.9883,60
sqz_vac_loss_ch_eta0p999_pn0p05_Nt1_ns4,sqz_vac,loss_ch,0.999,0.05,1,4,40,22.9883,1.00001,true,-22.9882,,,22.9883,60
sqz_vac_loss_ch_eta0p999_pn0p05_Nt1_ns5,sqz_vac,loss_ch,0.999,0.05,1,5,40,22.9876,1.00001,true,-22.9875,,,22.9876,60
sqz_vac_loss_ch_eta0p999_pn0p05_Nt5_ns1,sqz_vac,loss_ch,0.999,0.05,5,1,120,82.5862,5.00001,true,-82.5727,,,82.5884,180
sqz_vac_loss_ch_eta0p999_pn0p05_Nt5_ns2,sqz_vac,loss_ch,0.999,0.05,5,2,120,84.4431,5.00001,true,-84.443,,,84.4431,180
sqz_vac_loss_ch_eta0p999_pn0p05_Nt5_ns3,sqz_vac,loss_ch,0.999,0.05,5,3,120,84.4461,5.00001,true,-84.446,,,84.4461,180
sqz_vac_loss_ch_eta0p999_pn0p05_Nt5_ns4,sqz_vac,loss_ch,0.999,0.05,5,4,120,84.4649,5.00001,true,-84.4649,,,84.4649,180
sqz_vac_loss_ch_eta0p999_pn0p05_Nt5_ns5,sqz_vac,loss_ch,0.999,0.05,5,5,120,84.4631,5.00001,true,-84.4631,,,84.4631,180
sqz_vac_loss_ch_eta0p999_pn0p1_Nt1_ns1,sqz_vac,loss_ch,0.999,0.1,1,1,40,22.7899,1.00001,true,-22.7899,,,22.79,60
sqz_vac_loss_ch_eta0p999_pn0p1_Nt1_ns2,sqz_vac,loss_ch,0.999,0.1,1,2,40,22.8062,1.00001,true,-22.8062,,,22.8063,60
sqz_vac_loss_ch_eta0p999_pn0p1_Nt1_ns3,sqz_vac,loss_ch,0.999,0.1,1,3,40,22.8117,1.00001,true,-22.8116,,,22.8117,60
sqz_vac_loss_ch_eta0p999_pn0p1_Nt1_ns4,sqz_vac,loss_ch,0.999,0.1,1,4,40,22.8117,1.00001,true,-22.8116,,,22.8117,60
sqz_vac_loss_ch_eta0p999_pn0p1_Nt1_ns5,sqz_vac,loss_ch,0.999,0.1,1,5,40,22.8117,1.00001,true,-22.8116,,,22.8117,60
sqz_vac_loss_ch_eta0p999_pn0p1_Nt5_ns1,sqz_vac,loss_ch,0.999,0.1,5,1,120,81.8977,5.00001,true,-81.8844,,,81.8999,180
sqz_vac_loss_ch_eta0p999_pn0p1_Nt5_ns2,sqz_vac,loss_ch,0.999,0.1,5,2,120,83.7598,5.00001,true,-83.7597,,,83.7598,180
sqz_vac_loss_ch_eta0p999_pn0p1_Nt5_ns3,sqz_vac,loss_ch,0.999,0.1,5,3,120,83.7672,5.00001,true,-83.7671,,,83.7672,180
sqz_vac_loss_ch_eta0p999_pn0p1_Nt5_ns4,sqz_vac,loss_ch,0.999,0.1,5,4,120,83.7717,5,true,-83.7716,,,83.7718,180
sqz_vac_loss_ch_eta0p999_pn0p1_Nt5_ns5,sqz_vac,loss_ch,0.999,0.1,5,5,120,83.779,5.00001,true,-83.779,,,83.779,180
sqz_vac_loss_ch_eta0p999_pn0p15_Nt1_ns1,sqz_vac,loss_ch,0.999,0.15,1,1,40,22.5173,1.00001,true,-22.5173,,,22.5174,60
sqz_vac_loss_ch_eta0p999_pn0p15_Nt1_ns2,sqz_vac,loss_ch,0.999,0.15,1,2,40,22.5381,1.00001,true,-22.5381,,,22.5381,60
sqz_vac_loss_ch_eta0p999_pn0p15_Nt1_ns3,sqz_vac,loss_ch,0.999,0.15,1,3,40,22.5391,1.00001,true,-22.5391,,,22.5391,60
sqz_vac_loss_ch_eta0p999_pn0p15_Nt1_ns4,sqz_vac,loss_ch,0.999,0.15,1,4,40,22.5392,1.00001,true,-22.5391,,,22.5392,60
sqz_vac_loss_ch_eta0p999_pn0p15_Nt1_ns5,sqz_vac,loss_ch,0.999,0.15,1,5,40,22.5387,1.00001,true,-22.5386,,,22.5387,60
sqz_vac_loss_ch_eta0p999_pn0p15_Nt5_ns1,sqz_vac,loss_ch,0.999,0.15,5,1,120,80.8845,5.00001,true,-80.8716,,,80.8867,180
sqz_vac_loss_ch_eta0p999_pn0p15_Nt5_ns2,sqz_vac,loss_ch,0.999,0.15,5,2,120,82.7323,5.00001,true,-82.7322,,,82.7323,180
sqz_vac_loss_ch_eta0p999_pn0p15_Nt5_ns3,sqz_vac,loss_ch,0.999,0.15,5,3,120,82.754,5.00001,true,-82.754,,,82.7541,180
sqz_vac_loss_ch_eta0p999_pn0p15_Nt5_ns4,sqz_vac,loss_ch,0.999,0.15,5,4,120,82.7548,5.00001,true,-82.7548,,,82.7548,180
sqz_vac_loss_ch_eta0p999_pn0p15_Nt5_ns5,sqz_vac,loss_ch,0.999,0.15,5,5,120,82.7547,5.00001,true,-82.7546,,,82.7547,180
sqz_vac_loss_ch_eta0p999_pn0p2_Nt1_ns1,sqz_vac,loss_ch,0.999,0.2,1,1,40,22.1494,1.00001,true,-22.1494,,,22.1495,60
sqz_vac_loss_ch_eta0p999_pn0p2_Nt1_ns2,sqz_vac,loss_ch,0.999,0.2,1,2,40,22.1711,1.00001,true,-22.1711,,,22.1711,60
sqz_vac_loss_ch_eta0p999_pn0p2_Nt1_ns3,sqz_vac,loss_ch,0.999,0.2,1,3,40,22.1711,1.00001,true,-22.171,,,22.1711,60
sqz_vac_loss_ch_eta0p999_pn0p2_Nt1_ns4,sqz_vac,loss_ch,0.999,0.2,1,4,40,22.1712,1.00001,true,-22.1711,,,22.1712,60
sqz_vac_loss_ch_eta0p999_pn0p2_Nt1_ns5,sqz_vac,loss_ch,0.999,0.2,1,5,40,22.1709,1.00001,true,-22.1709,,,22.171,60
sqz_vac_loss_ch_eta0p999_pn0p2_Nt5_ns1,sqz_vac,loss_ch,0.999,0.2,5,1,120,79.5229,5.00001,true,-79.5105,,,79.5249,180
sqz_vac_loss_ch_eta0p999_pn0p2_Nt5_ns2,sqz_vac,loss_ch,0.999,0.2,5,2,120,81.3381,5.00002,true,-81.3376,,,81.3381,180
sqz_vac_loss_ch_eta0p999_pn0p2_Nt5_ns3,sqz_vac,loss_ch,0.999,0.2,5,3,120,81.348,5.00001,true,-81.3479,,,81.348,180
sqz_vac_loss_ch_eta0p999_pn0p2_Nt5_ns4,sqz_vac,loss_ch,0.999,0.2,5,4,120,81.3633,5.00001,true,-81.3633,,,81.3633,180
sqz_vac_loss_ch_eta0p999_pn0p2_Nt5_ns5,sqz_vac,loss_ch,0.999,0.2,5,5,120,81.3693,5.00001,true,-81.3693,,,81.3693,180
sqz_vac_loss_ch_eta0p999_pn0p25_Nt5_ns1,sqz_vac,loss_ch,0.999,0.25,5,1,120,77.8407,5.00001,true,-77.8406,,,77.8426,180
sqz_vac_loss_ch_eta0p999_pn0p25_Nt5_ns2,sqz_vac,loss_ch,0.999,0.25,5,2,100,79.643,5.00001,true,-79.643,,,79.643,150
sqz_vac_loss_ch_eta0p999_pn0p25_Nt5_ns3,sqz_vac,loss_ch,0.999,0.25,5,3,120,79.6619,5.00001,true,-79.6618,,,79.6619,180
sqz_vac_loss_ch_eta0p999_pn0p3_Nt5_ns1,sqz_vac,loss_ch,0.999,0.3,5,1,120,75.9219,5.00001,true,-75.8364,,,75.9237,180
sqz_vac_loss_ch_eta0p999_pn0p3_Nt5_ns2,sqz_vac,loss_ch,0.999,0.3,5,2,120,77.6616,5.00001,true,-77.6615,,,77.6616,180
sqz_vac_loss_ch_eta0p999_pn0p3_Nt5_ns3,sqz_vac,loss_ch,0.999,0.3,5,3,120,77.6347,5.00001,true,-77.6346,,,77.6347,180
sqz_vac_loss_ch_eta0p999_pn0p3_Nt5_ns4,sqz_vac,loss_ch,0.999,0.3,5,4,120,77.6808,5.00001,true,-77.6807,,,77.6808,180
sqz_vac_loss_ch_eta0p999_pn0p3_Nt5_ns5,sqz_vac,loss_ch,0.999,0.3,5,5,120,77.6837,5.00001,true,-77.6836,,,77.6837,180
sqz_vac_loss_ch_eta0p999_pn0p3_Nt20_ns1,sqz_vac,loss_ch,0.999,0.3,20,1,250,240.932,20,true,-240.932,,,240.907,375
sqz_vac_loss_ch_eta0p999_pn0p4_Nt5_ns1,sqz_vac,loss_ch,0.999,0.4,5,1,120,71.4172,5.00001,true,-71.3422,,,71.4187,180
sqz_vac_loss_ch_eta0p999_pn0p4_Nt5_ns2,sqz_vac,loss_ch,0.999,0.4,5,2,120,73.0863,5.00001,true,-73.0863,,,73.0863,180
sqz_vac_loss_ch_eta0p999_pn0p4_Nt5_ns3,sqz_vac,loss_ch,0.999,0.4,5,3,120,73.1005,5.00001,true,-73.1005,,,73.1005,180
sqz_vac_loss_ch_eta0p999_pn0p4_Nt5_ns4,sqz_vac,loss_ch,0.999,0.4,5,4,120,73.0541,5.00001,true,-73.0932,,,73.0231,180
sqz_vac_loss_ch_eta0p999_pn0p45_Nt5_ns1,sqz_vac,loss_ch,0.999,0.45,5,1,100,68.9418,5.00001,true,-68.9418,,,68.9519,150
sqz_vac_loss_ch_eta0p999_pn0p5_Nt5_ns1,sqz_vac,loss_ch,0.999,0.5,5,1,120,66.4531,5.00001,true,-66.4531,,,66.4544,180
sqz_vac_loss_ch_eta0p999_pn0p5_Nt5_ns2,sqz_vac,loss_ch,0.999,0.5,5,2,100,68.0748,5.00001,true,-68.0747,,,68.0748,150
sqz_vac_loss_ch_eta0p999_pn0p5_Nt5_ns3,sqz_vac,loss_ch,0.999,0.5,5,3,100,68.0875,5,true,-68.0875,,,68.0875,150
sqz_vac_loss_ch_eta0p999_pn0p5_Nt5_ns4,sqz_vac,loss_ch,0.999,0.5,5,4,100,68.0853,5,true,-68.0853,,,68.0853,150
sqz_vac_loss_ch_eta0p99_pn0_Nt1_ns1,sqz_vac,loss_ch,0.99,0,1,1,40,22.1285,1.00001,true,-22.1284,,,22.1286,60
sqz_vac_loss_ch_eta0p99_pn0_Nt1_ns2,sqz_vac,loss_ch,0.99,0,1,2,40,22.1285,1.00001,true,-22.1284,,,22.1286,60
sqz_vac_loss_ch_eta0p99_pn0_Nt1_ns3,sqz_vac,loss_ch,0.99,0,1,3,40,22.1285,1.00001,true,-22.1284,,,22.1286,60
sqz_vac_loss_ch_eta0p99_pn0_Nt1_ns4,sqz_vac,loss_ch,0.99,0,1,4,40,22.1285,1.00001,true,-22.1285,,,22.1286,60
sqz_vac_loss_ch_eta0p99_pn0_Nt1_ns5,sqz_vac,loss_ch,0.99,0,1,5,40,22.1285,1.00001,true,-22.1284,,,22.1285,60
sqz_vac_loss_ch_eta0p99_pn0_Nt5_ns1,sqz_vac,loss_ch,0.99,0,5,1,200,72.2446,5.00005,true,-72.222,,,72.2446,300
sqz_vac_loss_ch_eta0p99_pn0_Nt5_ns2,sqz_vac,loss_ch,0.99,0,5,2,200,72.2343,5.00005,true,-72.2306,,,72.2343,300
sqz_vac_loss_ch_eta0p99_pn0_Nt5_ns3,sqz_vac,loss_ch,0.99,0,5,3,200,72.2401,5.00002,true,-72.226,,,72.2401,300
sqz_vac_loss_ch_eta0p99_pn0_Nt5_ns4,sqz_vac,loss_ch,0.99,0,5,4,200,72.2148,5.00002,true,-72.2144,,,72.2148,300
sqz_vac_loss_ch_eta0p99_pn0_Nt5_ns5,sqz_vac,loss_ch,0.99,0,5,5,200,72.2333,5.00004,true,-72.2312,,,72.2333,300
sqz_vac_loss_ch_eta0p99_pn0p05_Nt1_ns1,sqz_vac,loss_ch,0.99,0.05,1,1,40,21.2613,1.00001,true,-21.2613,,,21.2613,60
sqz_vac_loss_ch_eta0p99_pn0p05_Nt1_ns2,sqz_vac,loss_ch,0.99,0.05,1,2,40,21.576,1.00001,true,-21.576,,,21.576,60
sqz_vac_loss_ch_eta0p99_pn0p05_Nt1_ns3,sqz_vac,loss_ch,0.99,0.05,1,3,40,21.577,1.00001,true,-21.5769,,,21.577,60
sqz_vac_loss_ch_eta0p99_pn0p05_Nt1_ns4,sqz_vac,loss_ch,0.99,0.05,1,4,40,21.5772,1.00001,true,-21.5772,,,21.5772,60
sqz_vac_loss_ch_eta0p99_pn0p05_Nt1_ns5,sqz_vac,loss_ch,0.99,0.05,1,5,40,21.5773,1.00001,true,-21.5773,,,21.5773,60
sqz_vac_loss_ch_eta0p99_pn0p05_Nt5_ns1,sqz_vac,loss_ch,0.99,0.05,5,1,120,56.9044,5,true,-56.9107,,,56.9033,180
sqz_vac_loss_ch_eta0p99_pn0p05_Nt5_ns2,sqz_vac,loss_ch,0.99,0.05,5,2,120,68.7954,5,true,-68.7954,,,68.7954,180
sqz_vac_loss_ch_eta0p99_pn0p05_Nt5_ns3,sqz_vac,loss_ch,0.99,0.05,5,3,120,68.9236,5.00001,true,-68.9235,,,68.9236,180
sqz_vac_loss_ch_eta0p99_pn0p05_Nt5_ns4,sqz_vac,loss_ch,0.99,0.05,5,4,120,68.9275,5.00001,true,-68.9274,,,68.9275,180
sqz_vac_loss_ch_eta0p99_pn0p05_Nt5_ns5,sqz_vac,loss_ch,0.99,0.05,5,5,120,68.9253,5.00001,true,-68.9253,,,68.9253,180
sqz_vac_loss_ch_eta0p99_pn0p05_Nt10_ns1,sqz_vac,loss_ch,0.99,0.05,10,1,200,75.6775,10,true,-75.6775,,,75.6749,300
sqz_vac_loss_ch_eta0p99_pn0p05_Nt10_ns2,sqz_vac,loss_ch,0.99,0.05,10,2,200,107.932,10,true,-107.932,,,107.932,300
sqz_vac_loss_ch_eta0p99_pn0p05_Nt10_ns3,sqz_vac,loss_ch,0.99,0.05,10,3,200,109.263,10,true,-109.263,,,109.263,300
sqz_vac_loss_ch_eta0p99_pn0p05_Nt10_ns4,sqz_vac,loss_ch,0.99,0.05,10,4,200,109.271,10,true,-109.271,,,109.271,300
sqz_vac_loss_ch_eta0p99_pn0p05_Nt10_ns5,sqz_vac,loss_ch,0.99,0.05,10,5,200,109.289,10,true,-109.289,,,109.289,300
sqz_vac_loss_ch_eta0p99_pn0p1_Nt0p5_ns1,sqz_vac,loss_ch,0.99,0.1,0.5,1,100,13.9194,0.500007,true,-13.9194,,,13.9194,150
sqz_vac_loss_ch_eta0p99_pn0p1_Nt1_ns1,sqz_vac,loss_ch,0.99,0.1,1,1,100,20.6388,1.00001,true,-20.6387,,,20.6388,150
sqz_vac_loss_ch_eta0p99_pn0p1_Nt1_ns2,sqz_vac,loss_ch,0.99,0.1,1,2,40,21.1524,1.00001,true,-21.1523,,,21.1524,60
sqz_vac_loss_ch_eta0p99_pn0p1_Nt1_ns3,sqz_vac,loss_ch,0.99,0.1,1,3,40,21.1542,1.00001,true,-21.1542,,,21.1542,60
sqz_vac_loss_ch_eta0p99_pn0p1_Nt1_ns4,sqz_vac,loss_ch,0.99,0.1,1,4,40,21.1545,1.00001,true,-21.1545,,,21.1545,60
sqz_vac_loss_ch_eta0p99_pn0p1_Nt1_ns5,sqz_vac,loss_ch,0.99,0.1,1,5,40,21.1547,1.00001,true,-21.1547,,,21.1547,60
sqz_vac_loss_ch_eta0p99_pn0p1_Nt2_ns1,sqz_vac,loss_ch,0.99,0.1,2,1,100,31.6752,2,true,-31.6752,,,31.6752,150
sqz_vac_loss_ch_eta0p99_pn0p1_Nt3_ns1,sqz_vac,loss_ch,0.99,0.1,3,1,100,40.4582,3,true,-40.4582,,,40.4582,150
sqz_vac_loss_ch_eta0p99_pn0p1_Nt5_ns1,sqz_vac,loss_ch,0.99,0.1,5,1,120,53.3484,5,true,-53.3553,,,53.3473,180
sqz_vac_loss_ch_eta0p99_pn0p1_Nt5_ns2,sqz_vac,loss_ch,0.99,0.1,5,2,120,67.4696,5,true,-67.4696,,,67.4696,180
sqz_vac_loss_ch_eta0p99_pn0p1_Nt5_ns3,sqz_vac,loss_ch,0.99,0.1,5,3,120,67.7499,5.00001,true,-67.7499,,,67.7499,180
sqz_vac_loss_ch_eta0p99_pn0p1_Nt5_ns4,sqz_vac,loss_ch,0.99,0.1,5,4,120,67.7691,5,true,-67.7691,,,67.7691,180
sqz_vac_loss_ch_eta0p99_pn0p1_Nt5_ns5,sqz_vac,loss_ch,0.99,0.1,5,5,120,67.7636,5,true,-67.7636,,,67.7636,180
sqz_vac_loss_ch_eta0p99_pn0p1_Nt8_ns1,sqz_vac,loss_ch,0.99,0.1,8,1,180,65.2754,8,true,-65.2906,,,65.2744,270
sqz_vac_loss_ch_eta0p99_pn0p1_Nt10_ns1,sqz_vac,loss_ch,0.99,0.1,10,1,200,70.2178,10,true,-70.2178,,,70.2152,300
sqz_vac_loss_ch_eta0p99_pn0p1_Nt10_ns2,sqz_vac,loss_ch,0.99,0.1,10,2,200,104.75,10,true,-104.75,,,104.75,300
sqz_vac_loss_ch_eta0p99_pn0p1_Nt10_ns3,sqz_vac,loss_ch,0.99,0.1,10,3,200,107.577,10,true,-107.577,,,107.577,300
sqz_vac_loss_ch_eta0p99_pn0p1_Nt10_ns4,sqz_vac,loss_ch,0.99,0.1,10,4,200,107.768,10,true,-107.768,,,107.768,300
sqz_vac_loss_ch_eta0p99_pn0p1_Nt10_ns5,sqz_vac,loss_ch,0.99,0.1,10,5,200,107.863,10,true,-107.863,,,107.863,300
sqz_vac_loss_ch_eta0p99_pn0p1_Nt15_ns1,sqz_vac,loss_ch,0.99,0.1,15,1,220,76.8971,15,true,-76.8971,,,76.8727,330
sqz_vac_loss_ch_eta0p99_pn0p1_Nt20_ns1,sqz_vac,loss_ch,0.99,0.1,20,1,250,79.289,20,true,-79.289,,,79.2361,375
sqz_vac_loss_ch_eta0p99_pn0p1_Nt30_ns1,sqz_vac,loss_ch,0.99,0.1,30,1,300,79.6496,23.9567,true,-79.6496,,,79.6183,450
sqz_vac_loss_ch_eta0p99_pn0p1_Nt40_ns1,sqz_vac,loss_ch,0.99,0.1,40,1,400,79.6203,23.8139,true,-79.6203,,,79.6186,500
sqz_vac_loss_ch_eta0p99_pn0p1_Nt50_ns1,sqz_vac,loss_ch,0.99,0.1,50,1,300,101.728,50,true,-101.728,,,95.3936,500
sqz_vac_loss_ch_eta0p99_pn0p15_Nt1_ns1,sqz_vac,loss_ch,0.99,0.15,1,1,40,20.2413,1.00001,true,-20.2413,,,20.2413,60
sqz_vac_loss_ch_eta0p99_pn0p15_Nt1_ns2,sqz_vac,loss_ch,0.99,0.15,1,2,40,20.8039,1.00001,true,-20.8038,,,20.8039,60
sqz_vac_loss_ch_eta0p99_pn0p15_Nt1_ns3,sqz_vac,loss_ch,0.99,0.15,1,3,40,20.8052,1.00001,true,-20.8052,,,20.8052,60
sqz_vac_loss_ch_eta0p99_pn0p15_Nt1_ns4,sqz_vac,loss_ch,0.99,0.15,1,4,40,20.8066,1.00001,true,-20.8065,,,20.8066,60
sqz_vac_loss_ch_eta0p99_pn0p15_Nt1_ns5,sqz_vac,loss_ch,0.99,0.15,1,5,40,20.8066,1.00001,true,-20.8065,,,20.8066,60
sqz_vac_loss_ch_eta0p99_pn0p15_Nt5_ns1,sqz_vac,loss_ch,0.99,0.15,5,1,120,51.9676,5,true,-51.9744,,,51.9664,180
sqz_vac_loss_ch_eta0p99_pn0p15_Nt5_ns2,sqz_vac,loss_ch,0.99,0.15,5,2,120,66.3436,5,true,-66.3436,,,66.3436,180
sqz_vac_loss_ch_eta0p99_pn0p15_Nt5_ns3,sqz_vac,loss_ch,0.99,0.15,5,3,120,66.4741,5,true,-66.4741,,,66.4741,180
sqz_vac_loss_ch_eta0p99_pn0p15_Nt5_ns4,sqz_vac,loss_ch,0.99,0.15,5,4,120,66.7235,5.00001,true,-66.7235,,,66.7235,180
sqz_vac_loss_ch_eta0p99_pn0p15_Nt5_ns5,sqz_vac,loss_ch,0.99,0.15,5,5,120,66.7298,5,true,-66.7298,,,66.7298,180
sqz_vac_loss_ch_eta0p99_pn0p15_Nt10_ns1,sqz_vac,loss_ch,0.99,0.15,10,1,200,68.3273,10,true,-68.3273,,,68.3248,300
sqz_vac_loss_ch_eta0p99_pn0p15_Nt10_ns2,sqz_vac,loss_ch,0.99,0.15,10,2,200,102.629,10,true,-102.629,,,102.629,300
sqz_vac_loss_ch_eta0p99_pn0p15_Nt10_ns3,sqz_vac,loss_ch,0.99,0.15,10,3,200,106.159,10,true,-106.159,,,106.159,300
sqz_vac_loss_ch_eta0p99_pn0p15_Nt10_ns4,sqz_vac,loss_ch,0.99,0.15,10,4,200,106.347,10,true,-106.347,,,106.347,300
sqz_vac_loss_ch_eta0p99_pn0p15_Nt10_ns5,sqz_vac,loss_ch,0.99,0.15,10,5,200,106.366,10,true,-106.366,,,106.366,300
sqz_vac_loss_ch_eta0p99_pn0p2_Nt1_ns1,sqz_vac,loss_ch,0.99,0.2,1,1,40,19.8502,1.00001,true,-19.8501,,,19.8502,60
sqz_vac_loss_ch_eta0p99_pn0p2_Nt1_ns2,sqz_vac,loss_ch,0.99,0.2,1,2,40,20.4254,1.00001,true,-20.4253,,,20.4254,60
sqz_vac_loss_ch_eta0p99_pn0p2_Nt1_ns3,sqz_vac,loss_ch,0.99,0.2,1,3,40,20.4281,1.00001,true,-20.4281,,,20.4281,60
sqz_vac_loss_ch_eta0p99_pn0p2_Nt1_ns4,sqz_vac,loss_ch,0.99,0.2,1,4,40,20.4279,1.00001,true,-20.4278,,,20.4279,60
sqz_vac_loss_ch_eta0p99_pn0p2_Nt1_ns5,sqz_vac,loss_ch,0.99,0.2,1,5,40,20.428,1.00001,true,-20.4279,,,20.428,60
sqz_vac_loss_ch_eta0p99_pn0p2_Nt5_ns1,sqz_vac,loss_ch,0.99,0.2,5,1,120,50.8321,5,true,-50.8388,,,50.8309,180
sqz_vac_loss_ch_eta0p99_pn0p2_Nt5_ns2,sqz_vac,loss_ch,0.99,0.2,5,2,120,65.1171,5,true,-65.1171,,,65.1171,180
sqz_vac_loss_ch_eta0p99_pn0p2_Nt5_ns3,sqz_vac,loss_ch,0.99,0.2,5,3,120,65.5308,5.00001,true,-65.5308,,,65.5308,180
sqz_vac_loss_ch_eta0p99_pn0p2_Nt5_ns4,sqz_vac,loss_ch,0.99,0.2,5,4,120,65.5393,5,true,-65.5393,,,65.5393,180
sqz_vac_loss_ch_eta0p99_pn0p2_Nt5_ns5,sqz_vac,loss_ch,0.99,0.2,5,5,120,65.542,5,true,-65.542,,,65.542,180
sqz_vac_loss_ch_eta0p99_pn0p25_Nt5_ns1,sqz_vac,loss_ch,0.99,0.25,5,1,120,49.6383,5,true,-49.6383,,,49.6371,180
sqz_vac_loss_ch_eta0p99_pn0p25_Nt5_ns2,sqz_vac,loss_ch,0.99,0.25,5,2,120,63.7154,5,true,-63.7154,,,63.7154,180
sqz_vac_loss_ch_eta0p99_pn0p25_Nt5_ns3,sqz_vac,loss_ch,0.99,0.25,5,3,100,64.1554,5.00001,true,-64.1553,,,64.1554,150
sqz_vac_loss_ch_eta0p99_pn0p25_Nt5_ns4,sqz_vac,loss_ch,0.99,0.25,5,4,100,64.1597,5,true,-64.1596,,,64.1597,150
sqz_vac_loss_ch_eta0p99_pn0p25_Nt5_ns5,sqz_vac,loss_ch,0.99,0.25,5,5,90,64.1609,5.00001,true,-64.1608,,,64.1609,135
sqz_vac_loss_ch_eta0p99_pn0p3_Nt5_ns1,sqz_vac,loss_ch,0.99,0.3,5,1,100,48.3499,5,true,-48.3929,,,48.342,150
sqz_vac_loss_ch_eta0p99_pn0p3_Nt5_ns2,sqz_vac,loss_ch,0.99,0.3,5,2,100,62.1359,5,true,-62.1359,,,62.1359,150
sqz_vac_loss_ch_eta0p99_pn0p3_Nt5_ns3,sqz_vac,loss_ch,0.99,0.3,5,3,100,62.5795,5.00001,true,-62.5795,,,62.5795,150
sqz_vac_loss_ch_eta0p99_pn0p3_Nt5_ns4,sqz_vac,loss_ch,0.99,0.3,5,4,100,62.5908,5,true,-62.5908,,,62.5908,150
sqz_vac_loss_ch_eta0p99_pn0p3_Nt5_ns5,sqz_vac,loss_ch,0.99,0.3,5,5,100,62.592,5,true,-62.592,,,62.592,150
sqz_vac_loss_ch_eta0p99_pn0p35_Nt5_ns1,sqz_vac,loss_ch,0.99,0.35,5,1,120,46.9152,5,true,-46.922,,,46.914,180
sqz_vac_loss_ch_eta0p99_pn0p35_Nt5_ns2,sqz_vac,loss_ch,0.99,0.35,5,2,120,60.4032,5,true,-60.4032,,,60.4032,180
sqz_vac_loss_ch_eta0p99_pn0p35_Nt5_ns3,sqz_vac,loss_ch,0.99,0.35,5,3,120,60.8573,5,true,-60.8573,,,60.8573,180
sqz_vac_loss_ch_eta0p99_pn0p35_Nt5_ns4,sqz_vac,loss_ch,0.99,0.35,5,4,120,60.8615,5,true,-60.8615,,,60.8615,180
sqz_vac_loss_ch_eta0p99_pn0p35_Nt5_ns5,sqz_vac,loss_ch,0.99,0.35,5,5,120,60.8546,5,true,-60.8546,,,60.8546,180
sqz_vac_loss_ch_eta0p99_pn0p4_Nt5_ns1,sqz_vac,loss_ch,0.99,0.4,5,1,100,45.4237,5,true,-45.467,,,45.4157,150
sqz_vac_loss_ch_eta0p99_pn0p4_Nt5_ns2,sqz_vac,loss_ch,0.99,0.4,5,2,100,58.5536,5,true,-58.5536,,,58.5536,150
sqz_vac_loss_ch_eta0p99_pn0p4_Nt5_ns3,sqz_vac,loss_ch,0.99,0.4,5,3,100,59.015,5,true,-59.015,,,59.015,150
sqz_vac_loss_ch_eta0p99_pn0p4_Nt5_ns4,sqz_vac,loss_ch,0.99,0.4,5,4,100,59.0191,5,true,-59.0191,,,59.0191,150
sqz_vac_loss_ch_eta0p99_pn0p4_Nt5_ns5,sqz_vac,loss_ch,0.99,0.4,5,5,100,59.0201,5,true,-59.0201,,,59.0201,150
sqz_vac_loss_ch_eta0p99_pn0p45_Nt5_ns1,sqz_vac,loss_ch,0.99,0.45,5,1,120,43.8405,5,true,-43.8473,,,43.8394,180
sqz_vac_loss_ch_eta0p99_pn0p45_Nt5_ns2,sqz_vac,loss_ch,0.99,0.45,5,2,120,56.6279,5,true,-56.6279,,,56.6279,180
sqz_vac_loss_ch_eta0p99_pn0p45_Nt5_ns3,sqz_vac,loss_ch,0.99,0.45,5,3,120,57.0794,5,true,-57.0793,,,57.0794,180
sqz_vac_loss_ch_eta0p99_pn0p45_Nt5_ns4,sqz_vac,loss_ch,0.99,0.45,5,4,120,57.0934,5,true,-57.0934,,,57.0934,180
sqz_vac_loss_ch_eta0p99_pn0p45_Nt5_ns5,sqz_vac,loss_ch,0.99,0.45,5,5,120,57.0901,5,true,-57.0901,,,57.0901,180
sqz_vac_loss_ch_eta0p99_pn0p5_Nt5_ns1,sqz_vac,loss_ch,0.99,0.5,5,1,100,42.2607,5,true,-42.3043,,,42.2528,150
sqz_vac_loss_ch_eta0p99_pn0p5_Nt5_ns2,sqz_vac,loss_ch,0.99,0.5,5,2,100,54.6679,5,true,-54.6679,,,54.6679,150
sqz_vac_loss_ch_eta0p99_pn0p5_Nt5_ns3,sqz_vac,loss_ch,0.99,0.5,5,3,100,55.1244,5,true,-55.1244,,,55.1244,150
sqz_vac_loss_ch_eta0p99_pn0p5_Nt5_ns4,sqz_vac,loss_ch,0.99,0.5,5,4,100,55.1342,5,true,-55.1342,,,55.1342,150
sqz_vac_loss_ch_eta0p99_pn0p5_Nt5_ns5,sqz_vac,loss_ch,0.99,0.5,5,5,100,55.1305,5,true,-55.1305,,,55.1305,150
sqz_vac_loss_ch_eta0p9_pn0_Nt0p5_ns1,sqz_vac,loss_ch,0.9,0,0.5,1,100,11.1262,0.500045,true,-11.126,,,11.1262,150
sqz_vac_loss_ch_eta0p9_pn0_Nt0p5_ns2,sqz_vac,loss_ch,0.9,0,0.5,2,100,11.1262,0.500045,true,-11.126,,,11.1262,150
sqz_vac_loss_ch_eta0p9_pn0_Nt0p5_ns3,sqz_vac,loss_ch,0.9,0,0.5,3,100,11.1262,0.500045,true,-11.126,,,11.1262,150
sqz_vac_loss_ch_eta0p9_pn0_Nt0p5_ns4,sqz_vac,loss_ch,0.9,0,0.5,4,100,11.1262,0.500045,true,-11.126,,,11.1262,150
sqz_vac_loss_ch_eta0p9_pn0_Nt0p5_ns5,sqz_vac,loss_ch,0.9,0,0.5,5,100,11.1262,0.500045,true,-11.126,,,11.1262,150
sqz_vac_loss_ch_eta0p9_pn0_Nt1_ns1,sqz_vac,loss_ch,0.9,0,1,1,180,14.919,1,true,-14.919,,,14.919,270
sqz_vac_loss_ch_eta0p9_pn0_Nt1_ns2,sqz_vac,loss_ch,0.9,0,1,2,180,14.919,1,true,-14.919,,,14.919,270
sqz_vac_loss_ch_eta0p9_pn0_Nt1_ns3,sqz_vac,loss_ch,0.9,0,1,3,180,17.1808,0.999991,true,-17.1808,,,14.5866,405
sqz_vac_loss_ch_eta0p9_pn0_Nt1_ns4,sqz_vac,loss_ch,0.9,0,1,4,180,18.3291,0.999961,true,-18.3291,,,14.7677,405
sqz_vac_loss_ch_eta0p9_pn0_Nt1_ns5,sqz_vac,loss_ch,0.9,0,1,5,180,14.9189,1,true,-14.9189,,,14.9189,270
sqz_vac_loss_ch_eta0p9_pn0_Nt2_ns1,sqz_vac,loss_ch,0.9,0,2,1,180,19.8808,2,true,-19.8808,,,19.8808,270
sqz_vac_loss_ch_eta0p9_pn0_Nt2_ns2,sqz_vac,loss_ch,0.9,0,2,2,180,19.8808,2,true,-19.8808,,,19.8808,270
sqz_vac_loss_ch_eta0p9_pn0_Nt2_ns3,sqz_vac,loss_ch,0.9,0,2,3,180,22.9563,1.99995,true,-22.9563,,,19.7657,405
sqz_vac_loss_ch_eta0p9_pn0_Nt2_ns4,sqz_vac,loss_ch,0.9,0,2,4,180,22.5089,2,true,-22.5089,,,19.8435,405
sqz_vac_loss_ch_eta0p9_pn0_Nt2_ns5,sqz_vac,loss_ch,0.9,0,2,5,180,22.8743,2,true,-22.8743,,,19.7024,405
sqz_vac_loss_ch_eta0p9_pn0_Nt3_ns1,sqz_vac,loss_ch,0.9,0,3,1,180,23.0572,3,true,-23.0572,,,23.0569,270
sqz_vac_loss_ch_eta0p9_pn0_Nt3_ns2,sqz_vac,loss_ch,0.9,0,3,2,180,26.1626,3,true,-26.1626,,,23.0032,405
sqz_vac_loss_ch_eta0p9_pn0_Nt5_ns1,sqz_vac,loss_ch,0.9,0,5,1,250,26.9069,4.99991,true,-26.9069,,,26.9084,375
sqz_vac_loss_ch_eta0p9_pn0_Nt5_ns2,sqz_vac,loss_ch,0.9,0,5,2,250,26.8657,4.99894,true,-26.8657,,,26.8657,375
sqz_vac_loss_ch_eta0p9_pn0_Nt5_ns3,sqz_vac,loss_ch,0.9,0,5,3,120,26.9235,4.99997,false,-26.7635,,,26.9236,180
sqz_vac_loss_ch_eta0p9_pn0_Nt5_ns4,sqz_vac,loss_ch,0.9,0,5,4,120,27.0358,5,true,-26.8418,,,27.0358,180
sqz_vac_loss_ch_eta0p9_pn0_Nt5_ns5,sqz_vac,loss_ch,0.9,0,5,5,120,26.9744,4.99997,true,-26.8197,,,26.9769,180
sqz_vac_loss_ch_eta0p9_pn0_Nt10_ns1,sqz_vac,loss_ch,0.9,0,10,1,200,31.2532,10,true,-31.2532,,,31.2085,300
sqz_vac_loss_ch_eta0p9_pn0_Nt12_ns1,sqz_vac,loss_ch,0.9,0,12,1,250,31.8549,11.2501,true,-31.8549,,,31.8906,375
sqz_vac_loss_ch_eta0p9_pn0_Nt12_ns2,sqz_vac,loss_ch,0.9,0,12,2,250,32.1537,11.9998,true,-32.1537,,,32.1388,375
sqz_vac_loss_ch_eta0p9_pn0_Nt12_ns3,sqz_vac,loss_ch,0.9,0,12,3,250,35.3064,12,true,-35.3064,,,32.1553,500
sqz_vac_loss_ch_eta0p9_pn0_Nt12_ns4,sqz_vac,loss_ch,0.9,0,12,4,250,34.8386,11.9897,true,-34.8386,,,31.8948,500
sqz_vac_loss_ch_eta0p9_pn0_Nt14_ns1,sqz_vac,loss_ch,0.9,0,14,1,200,30.9123,13.9997,false,-32.592,,,32.6255,300
sqz_vac_loss_ch_eta0p9_pn0_Nt14_ns2,sqz_vac,loss_ch,0.9,0,14,2,200,31.1503,13.9984,false,-32.8429,,,32.8538,300
sqz_vac_loss_ch_eta0p9_pn0_Nt15_ns1,sqz_vac,loss_ch,0.9,0,15,1,300,30.9518,14.9997,false,-32.6336,,,33.161,500
sqz_vac_loss_ch_eta0p9_pn0_Nt16_ns1,sqz_vac,loss_ch,0.9,0,16,1,200,31.0944,15.9997,false,-32.784,,,32.8311,300
sqz_vac_loss_ch_eta0p9_pn0_Nt16_ns2,sqz_vac,loss_ch,0.9,0,16,2,200,31.6527,15.9985,false,-33.3726,,,33.4021,300
sqz_vac_loss_ch_eta0p9_pn0_Nt18_ns1,sqz_vac,loss_ch,0.9,0,18,1,200,31.9755,17.9996,false,-33.7129,,,33.7986,300
sqz_vac_loss_ch_eta0p9_pn0_Nt18_ns2,sqz_vac,loss_ch,0.9,0,18,2,200,32.0468,17.999,false,-33.7881,,,33.8386,300
sqz_vac_loss_ch_eta0p9_pn0_Nt20_ns1,sqz_vac,loss_ch,0.9,0,20,1,200,32.3165,19.9995,false,-34.0724,,,34.208,300
sqz_vac_loss_ch_eta0p9_pn0_Nt30_ns1,sqz_vac,loss_ch,0.9,0,30,1,300,32.9349,15.1007,false,-32.9349,,,32.99,500
sqz_vac_loss_ch_eta0p9_pn0_Nt30_ns2,sqz_vac,loss_ch,0.9,0,30,2,300,36.9222,24.7851,false,-36.9222,,,34.3324,500
sqz_vac_loss_ch_eta0p9_pn0_Nt30_ns3,sqz_vac,loss_ch,0.9,0,30,3,200,33.9327,25.1841,true,-33.9326,,,34.1348,300
sqz_vac_loss_ch_eta0p9_pn0_Nt35_ns1,sqz_vac,loss_ch,0.9,0,35,1,300,32.9349,15.1007,false,-32.9349,,,32.99,500
sqz_vac_loss_ch_eta0p9_pn0_Nt35_ns2,sqz_vac,loss_ch,0.9,0,35,2,300,37.1962,24.5996,false,-37.1962,,,34.5778,500
sqz_vac_loss_ch_eta0p9_pn0_Nt35_ns3,sqz_vac,loss_ch,0.9,0,35,3,200,33.9327,25.1841,true,-33.9326,,,34.1348,300
sqz_vac_loss_ch_eta0p9_pn0_Nt40_ns1,sqz_vac,loss_ch,0.9,0,40,1,200,32.6067,15.2846,true,-32.6052,,,32.7175,300
sqz_vac_loss_ch_eta0p9_pn0_Nt40_ns2,sqz_vac,loss_ch,0.9,0,40,2,300,37.1543,25.0917,false,-37.1543,,,34.5181,500
sqz_vac_loss_ch_eta0p9_pn0_Nt40_ns3,sqz_vac,loss_ch,0.9,0,40,3,200,33.9327,25.1841,true,-33.9326,,,34.1348,300
sqz_vac_loss_ch_eta0p9_pn0_Nt45_ns2,sqz_vac,loss_ch,0.9,0,45,2,300,37.8524,38.3323,false,-37.8524,,,34.9033,500
sqz_vac_loss_ch_eta0p9_pn0_Nt50_ns1,sqz_vac,loss_ch,0.9,0,50,1,200,32.6067,15.2846,true,-32.6052,,,32.7175,300
sqz_vac_loss_ch_eta0p9_pn0_Nt50_ns2,sqz_vac,loss_ch,0.9,0,50,2,300,37.092,25.5021,false,-37.092,,,34.1721,500
sqz_vac_loss_ch_eta0p9_pn0_Nt50_ns3,sqz_vac,loss_ch,0.9,0,50,3,200,33.9068,26.4401,true,-33.9067,,,34.1656,300
sqz_vac_loss_ch_eta0p9_pn0_Nt55_ns2,sqz_vac,loss_ch,0.9,0,55,2,300,37.1031,28.9998,false,-37.1031,,,34.6248,500
sqz_vac_loss_ch_eta0p9_pn0_Nt60_ns2,sqz_vac,loss_ch,0.9,0,60,2,300,35.9389,28.828,false,-35.9389,,,33.7161,500
sqz_vac_loss_ch_eta0p9_pn0_Nt65_ns2,sqz_vac,loss_ch,0.9,0,65,2,300,37.512,36.7652,false,-37.512,,,33.8254,500
sqz_vac_loss_ch_eta0p9_pn0_Nt70_ns2,sqz_vac,loss_ch,0.9,0,70,2,300,37.2255,24.8474,false,-37.2255,,,34.6443,450
sqz_vac_loss_ch_eta0p9_pn0_Nt75_ns2,sqz_vac,loss_ch,0.9,0,75,2,300,37.205,25.3876,false,-37.205,,,34.4683,500
sqz_vac_loss_ch_eta0p9_pn0_Nt80_ns2,sqz_vac,loss_ch,0.9,0,80,2,300,36.878,24.6793,false,-36.878,,,34.3799,500
sqz_vac_loss_ch_eta0p9_pn0_Nt85_ns2,sqz_vac,loss_ch,0.9,0,85,2,300,37.3824,37.5381,false,-37.3824,,,34.451,500
sqz_vac_loss_ch_eta0p9_pn0_Nt90_ns2,sqz_vac,loss_ch,0.9,0,90,2,300,37.0644,25.6142,false,-37.0644,,,34.2557,500
sqz_vac_loss_ch_eta0p9_pn0_Nt95_ns2,sqz_vac,loss_ch,0.9,0,95,2,300,37.1217,24.8304,false,-37.1217,,,34.5499,500
sqz_vac_loss_ch_eta0p9_pn0p05_Nt1_ns1,sqz_vac,loss_ch,0.9,0.05,1,1,120,14.2673,1,true,-14.2673,,,14.2673,180
sqz_vac_loss_ch_eta0p9_pn0p05_Nt1_ns2,sqz_vac,loss_ch,0.9,0.05,1,2,40,14.3764,1,true,-14.3764,,,14.3764,60
sqz_vac_loss_ch_eta0p9_pn0p05_Nt1_ns3,sqz_vac,loss_ch,0.9,0.05,1,3,40,14.3761,1,true,-14.3761,,,14.3761,60
sqz_vac_loss_ch_eta0p9_pn0p05_Nt1_ns4,sqz_vac,loss_ch,0.9,0.05,1,4,40,14.3764,1,true,-14.3763,,,14.3764,60
sqz_vac_loss_ch_eta0p9_pn0p05_Nt1_ns5,sqz_vac,loss_ch,0.9,0.05,1,5,40,14.3764,1,true,-14.3764,,,14.3764,60
sqz_vac_loss_ch_eta0p9_pn0p05_Nt5_ns1,sqz_vac,loss_ch,0.9,0.05,5,1,100,21.4314,4.99993,false,-21.415,,,21.4314,150
sqz_vac_loss_ch_eta0p9_pn0p05_Nt5_ns2,sqz_vac,loss_ch,0.9,0.05,5,2,100,21.8725,4.99996,false,-21.8703,,,21.8725,150
sqz_vac_loss_ch_eta0p9_pn0p05_Nt5_ns3,sqz_vac,loss_ch,0.9,0.05,5,3,100,21.8727,4.99994,false,-21.8705,,,21.8727,150
sqz_vac_loss_ch_eta0p9_pn0p05_Nt5_ns4,sqz_vac,loss_ch,0.9,0.05,5,4,120,21.873,5,true,-21.873,,,21.873,180
sqz_vac_loss_ch_eta0p9_pn0p05_Nt5_ns5,sqz_vac,loss_ch,0.9,0.05,5,5,120,21.873,5,true,-21.873,,,21.873,180
sqz_vac_loss_ch_eta0p9_pn0p05_Nt10_ns1,sqz_vac,loss_ch,0.9,0.05,10,1,250,22.177,6.70717,true,-22.177,,,21.6385,500
sqz_vac_loss_ch_eta0p9_pn0p05_Nt10_ns2,sqz_vac,loss_ch,0.9,0.05,10,2,250,22.5881,7.76216,true,-22.5881,,,22.001,500
sqz_vac_loss_ch_eta0p9_pn0p05_Nt10_ns3,sqz_vac,loss_ch,0.9,0.05,10,3,250,24.2318,9.78929,true,-24.2318,,,21.3173,500
sqz_vac_loss_ch_eta0p9_pn0p05_Nt10_ns4,sqz_vac,loss_ch,0.9,0.05,10,4,250,24.8301,8.75984,true,-24.8301,,,21.8874,500
sqz_vac_loss_ch_eta0p9_pn0p05_Nt10_ns5,sqz_vac,loss_ch,0.9,0.05,10,5,250,24.0412,10,true,-24.0412,,,23.2691,500
sqz_vac_loss_ch_eta0p9_pn0p05_Nt30_ns1,sqz_vac,loss_ch,0.9,0.05,30,1,200,22.1545,4.97497,true,-22.1545,,,21.4102,450
sqz_vac_loss_ch_eta0p9_pn0p05_Nt30_ns2,sqz_vac,loss_ch,0.9,0.05,30,2,200,26.5572,6.55781,true,-26.5572,,,21.9668,450
sqz_vac_loss_ch_eta0p9_pn0p05_Nt35_ns1,sqz_vac,loss_ch,0.9,0.05,35,1,200,22.1545,4.97497,true,-22.1545,,,21.4102,450
sqz_vac_loss_ch_eta0p9_pn0p05_Nt35_ns2,sqz_vac,loss_ch,0.9,0.05,35,2,200,26.5597,6.61223,true,-26.5597,,,21.9585,300
sqz_vac_loss_ch_eta0p9_pn0p05_Nt40_ns1,sqz_vac,loss_ch,0.9,0.05,40,1,200,21.7053,6.2149,true,-21.7053,,,21.6252,300
sqz_vac_loss_ch_eta0p9_pn0p05_Nt40_ns2,sqz_vac,loss_ch,0.9,0.05,40,2,200,26.5522,6.55772,true,-26.5522,,,21.9664,450
sqz_vac_loss_ch_eta0p9_pn0p05_Nt50_ns1,sqz_vac,loss_ch,0.9,0.05,50,1,200,21.7053,6.2149,true,-21.7053,,,21.6252,300
sqz_vac_loss_ch_eta0p9_pn0p05_Nt50_ns2,sqz_vac,loss_ch,0.9,0.05,50,2,200,26.5512,6.50434,true,-26.5512,,,21.9734,450
sqz_vac_loss_ch_eta0p9_pn0p1_Nt0p5_ns1,sqz_vac,loss_ch,0.9,0.1,0.5,1,100,10.3603,0.500035,false,-10.3602,,,10.3603,150
sqz_vac_loss_ch_eta0p9_pn0p1_Nt0p5_ns2,sqz_vac,loss_ch,0.9,0.1,0.5,2,100,10.5465,0.500039,false,-10.5463,,,10.5465,150
sqz_vac_loss_ch_eta0p9_pn0p1_Nt0p5_ns3,sqz_vac,loss_ch,0.9,0.1,0.5,3,100,10.5464,0.500039,false,-10.5463,,,10.5464,150
sqz_vac_loss_ch_eta0p9_pn0p1_Nt0p5_ns4,sqz_vac,loss_ch,0.9,0.1,0.5,4,50,10.5465,0.500039,true,-10.5464,,,10.5465,75
sqz_vac_loss_ch_eta0p9_pn0p1_Nt0p5_ns5,sqz_vac,loss_ch,0.9,0.1,0.5,5,100,10.5462,0.500004,true,-10.5462,,,10.5462,150
sqz_vac_loss_ch_eta0p9_pn0p1_Nt1_ns1,sqz_vac,loss_ch,0.9,0.1,1,1,100,12.977,1.00002,false,-12.977,,,12.977,150
sqz_vac_loss_ch_eta0p9_pn0p1_Nt1_ns2,sqz_vac,loss_ch,0.9,0.1,1,2,100,13.5863,1.00002,false,-13.5863,,,13.5863,150
sqz_vac_loss_ch_eta0p9_pn0p1_Nt1_ns3,sqz_vac,loss_ch,0.9,0.1,1,3,100,13.5863,1.00002,false,-13.5863,,,13.5863,150
sqz_vac_loss_ch_eta0p9_pn0p1_Nt1_ns4,sqz_vac,loss_ch,0.9,0.1,1,4,50,13.5865,1.00002,true,-13.5864,,,13.5865,75
sqz_vac_loss_ch_eta0p9_pn0p1_Nt1_ns5,sqz_vac,loss_ch,0.9,0.1,1,5,100,13.5864,1,true,-13.5864,,,13.5864,150
sqz_vac_loss_ch_eta0p9_pn0p1_Nt2_ns1,sqz_vac,loss_ch,0.9,0.1,2,1,100,15.2632,1.99999,false,-15.2633,,,15.2632,150
sqz_vac_loss_ch_eta0p9_pn0p1_Nt2_ns2,sqz_vac,loss_ch,0.9,0.1,2,2,100,16.519,2.00003,false,-16.5189,,,16.519,150
sqz_vac_loss_ch_eta0p9_pn0p1_Nt2_ns3,sqz_vac,loss_ch,0.9,0.1,2,3,100,16.519,2,false,-16.519,,,16.5189,150
sqz_vac_loss_ch_eta0p9_pn0p1_Nt2_ns4,sqz_vac,loss_ch,0.9,0.1,2,4,50,16.5192,2.00001,true,-16.5192,,,16.5192,75
sqz_vac_loss_ch_eta0p9_pn0p1_Nt2_ns5,sqz_vac,loss_ch,0.9,0.1,2,5,100,16.5192,2,true,-16.5192,,,16.5192,150
sqz_vac_loss_ch_eta0p9_pn0p1_Nt3_ns1,sqz_vac,loss_ch,0.9,0.1,3,1,100,15.9542,2.99996,false,-15.9558,,,15.9542,150
sqz_vac_loss_ch_eta0p9_pn0p1_Nt3_ns2,sqz_vac,loss_ch,0.9,0.1,3,2,100,17.5919,3,false,-17.5919,,,17.5919,150
sqz_vac_loss_ch_eta0p9_pn0p1_Nt3_ns3,sqz_vac,loss_ch,0.9,0.1,3,3,150,17.6244,3,false,-17.6244,,,17.6244,225
sqz_vac_loss_ch_eta0p9_pn0p1_Nt3_ns4,sqz_vac,loss_ch,0.9,0.1,3,4,100,17.7052,3,true,-17.7052,,,17.7052,150
sqz_vac_loss_ch_eta0p9_pn0p1_Nt3_ns5,sqz_vac,loss_ch,0.9,0.1,3,5,100,17.7107,3,true,-17.7107,,,17.7107,150
sqz_vac_loss_ch_eta0p9_pn0p1_Nt4_ns1,sqz_vac,loss_ch,0.9,0.1,4,1,50,15.2299,3.7468,false,-16.0574,,,16.0516,75
sqz_vac_loss_ch_eta0p9_pn0p1_Nt4_ns2,sqz_vac,loss_ch,0.9,0.1,4,2,50,16.9681,3.78114,false,-17.8901,,,17.89,75
sqz_vac_loss_ch_eta0p9_pn0p1_Nt4_ns3,sqz_vac,loss_ch,0.9,0.1,4,3,50,17.6022,4,false,-18.5587,,,18.5586,75
sqz_vac_loss_ch_eta0p9_pn0p1_Nt5_ns1,sqz_vac,loss_ch,0.9,0.1,5,1,100,16.0516,3.72701,true,-16.0516,,,16.0516,150
sqz_vac_loss_ch_eta0p9_pn0p1_Nt5_ns2,sqz_vac,loss_ch,0.9,0.1,5,2,100,17.89,3.78069,true,-17.89,,,17.89,150
sqz_vac_loss_ch_eta0p9_pn0p1_Nt5_ns3,sqz_vac,loss_ch,0.9,0.1,5,3,100,19.1166,5,true,-19.1166,,,19.1166,150
sqz_vac_loss_ch_eta0p9_pn0p1_Nt5_ns4,sqz_vac,loss_ch,0.9,0.1,5,4,100,19.3396,5,true,-19.3396,,,19.3396,150
sqz_vac_loss_ch_eta0p9_pn0p1_Nt5_ns5,sqz_vac,loss_ch,0.9,0.1,5,5,100,19.3412,5,true,-19.3412,,,19.3412,150
sqz_vac_loss_ch_eta0p9_pn0p1_Nt5_ns6,sqz_vac,loss_ch,0.9,0.1,5,6,100,19.3501,5,true,-19.3501,,,19.3501,150
sqz_vac_loss_ch_eta0p9_pn0p1_Nt6_ns1,sqz_vac,loss_ch,0.9,0.1,6,1,200,18.5443,5.22788,true,-18.5443,,,15.4968,450
sqz_vac_loss_ch_eta0p9_pn0p1_Nt6_ns2,sqz_vac,loss_ch,0.9,0.1,6,2,200,20.0398,6,true,-20.0398,,,16.7818,450
sqz_vac_loss_ch_eta0p9_pn0p1_Nt6_ns3,sqz_vac,loss_ch,0.9,0.1,6,3,100,18.329,5.99999,false,-19.3249,,,19.3249,150
sqz_vac_loss_ch_eta0p9_pn0p1_Nt7_ns1,sqz_vac,loss_ch,0.9,0.1,7,1,200,18.9348,5.22788,true,-18.9348,,,15.8222,450
sqz_vac_loss_ch_eta0p9_pn0p1_Nt7_ns2,sqz_vac,loss_ch,0.9,0.1,7,2,200,20.4226,6.42658,true,-20.4226,,,17.0091,450
sqz_vac_loss_ch_eta0p9_pn0p1_Nt7_ns3,sqz_vac,loss_ch,0.9,0.1,7,3,100,18.3347,6.22714,false,-19.331,,,19.331,150
sqz_vac_loss_ch_eta0p9_pn0p1_Nt7_ns4,sqz_vac,loss_ch,0.9,0.1,7,4,100,19.3016,7,false,-20.3504,,,20.3504,150
sqz_vac_loss_ch_eta0p9_pn0p1_Nt8_ns1,sqz_vac,loss_ch,0.9,0.1,8,1,200,18.9348,5.22788,true,-18.9348,,,15.8222,450
sqz_vac_loss_ch_eta0p9_pn0p1_Nt8_ns2,sqz_vac,loss_ch,0.9,0.1,8,2,200,20.4261,6.46113,true,-20.4261,,,17.0175,450
sqz_vac_loss_ch_eta0p9_pn0p1_Nt8_ns3,sqz_vac,loss_ch,0.9,0.1,8,3,150,19.331,6.22714,false,-19.331,,,19.331,150
sqz_vac_loss_ch_eta0p9_pn0p1_Nt8_ns4,sqz_vac,loss_ch,0.9,0.1,8,4,150,20.5042,7.99999,false,-20.5042,,,20.5042,150
sqz_vac_loss_ch_eta0p9_pn0p1_Nt8_ns5,sqz_vac,loss_ch,0.9,0.1,8,5,150,20.7022,8,true,-20.7022,,,20.7022,225
sqz_vac_loss_ch_eta0p9_pn0p1_Nt9_ns1,sqz_vac,loss_ch,0.9,0.1,9,1,200,18.4557,5.22785,true,-18.4557,,,15.4233,450
sqz_vac_loss_ch_eta0p9_pn0p1_Nt9_ns2,sqz_vac,loss_ch,0.9,0.1,9,2,100,16.9681,3.78069,false,-17.89,,,17.89,150
sqz_vac_loss_ch_eta0p9_pn0p1_Nt9_ns3,sqz_vac,loss_ch,0.9,0.1,9,3,100,18.3347,6.22714,false,-19.331,,,19.331,150
sqz_vac_loss_ch_eta0p9_pn0p1_Nt9_ns4,sqz_vac,loss_ch,0.9,0.1,9,4,100,19.472,8.78844,false,-20.53,,,20.53,150
sqz_vac_loss_ch_eta0p9_pn0p1_Nt9_ns5,sqz_vac,loss_ch,0.9,0.1,9,5,100,19.7023,8.98962,false,-20.7728,,,20.7726,150
sqz_vac_loss_ch_eta0p9_pn0p1_Nt10_ns1,sqz_vac,loss_ch,0.9,0.1,10,1,200,18.4557,5.22785,true,-18.4557,,,15.4233,450
sqz_vac_loss_ch_eta0p9_pn0p1_Nt10_ns2,sqz_vac,loss_ch,0.9,0.1,10,2,200,17.89,3.78069,false,-17.89,,,17.89,300
sqz_vac_loss_ch_eta0p9_pn0p1_Nt10_ns3,sqz_vac,loss_ch,0.9,0.1,10,3,200,19.331,6.22714,false,-19.331,,,19.3328,300
sqz_vac_loss_ch_eta0p9_pn0p1_Nt10_ns4,sqz_vac,loss_ch,0.9,0.1,10,4,200,19.7223,6.71139,false,-19.7223,,,19.7221,300
sqz_vac_loss_ch_eta0p9_pn0p1_Nt10_ns5,sqz_vac,loss_ch,0.9,0.1,10,5,200,20.9123,10,true,-20.9114,,,20.9098,300
sqz_vac_loss_ch_eta0p9_pn0p1_Nt11_ns1,sqz_vac,loss_ch,0.9,0.1,11,1,200,18.4557,5.22785,true,-18.4557,,,15.4233,450
sqz_vac_loss_ch_eta0p9_pn0p1_Nt11_ns2,sqz_vac,loss_ch,0.9,0.1,11,2,100,16.9681,3.78069,false,-17.89,,,17.89,150
sqz_vac_loss_ch_eta0p9_pn0p1_Nt11_ns4,sqz_vac,loss_ch,0.9,0.1,11,4,100,19.472,8.78844,false,-20.53,,,20.53,150
sqz_vac_loss_ch_eta0p9_pn0p1_Nt15_ns1,sqz_vac,loss_ch,0.9,0.1,15,1,220,16.0517,3.7269,true,-16.0516,,,16.0516,330
sqz_vac_loss_ch_eta0p9_pn0p1_Nt15_ns2,sqz_vac,loss_ch,0.9,0.1,15,2,150,17.89,3.78067,true,-17.89,,,17.89,225
sqz_vac_loss_ch_eta0p9_pn0p1_Nt15_ns3,sqz_vac,loss_ch,0.9,0.1,15,3,150,19.331,6.22715,true,-19.331,,,19.331,225
sqz_vac_loss_ch_eta0p9_pn0p1_Nt15_ns4,sqz_vac,loss_ch,0.9,0.1,15,4,150,20.53,8.78432,true,-20.53,,,20.5306,225
sqz_vac_loss_ch_eta0p9_pn0p1_Nt20_ns1,sqz_vac,loss_ch,0.9,0.1,20,1,250,16.0519,3.78132,true,-16.0519,,,16.0512,375
sqz_vac_loss_ch_eta0p9_pn0p1_Nt20_ns2,sqz_vac,loss_ch,0.9,0.1,20,2,250,17.89,3.78071,true,-17.89,,,17.89,375
sqz_vac_loss_ch_eta0p9_pn0p1_Nt20_ns3,sqz_vac,loss_ch,0.9,0.1,20,3,250,19.4128,6.3704,true,-19.4128,,,19.3263,375
sqz_vac_loss_ch_eta0p9_pn0p1_Nt20_ns4,sqz_vac,loss_ch,0.9,0.1,20,4,250,21.2111,9.14064,true,-21.2111,,,20.5108,500
sqz_vac_loss_ch_eta0p9_pn0p1_Nt20_ns5,sqz_vac,loss_ch,0.9,0.1,20,5,250,21.4882,9.35198,true,-21.4882,,,20.4187,500
sqz_vac_loss_ch_eta0p9_pn0p1_Nt25_ns1,sqz_vac,loss_ch,0.9,0.1,25,1,150,16.0516,3.7269,true,-16.0516,,,16.0516,225
sqz_vac_loss_ch_eta0p9_pn0p1_Nt25_ns2,sqz_vac,loss_ch,0.9,0.1,25,2,150,17.89,3.78067,true,-17.89,,,17.89,225
sqz_vac_loss_ch_eta0p9_pn0p1_Nt25_ns3,sqz_vac,loss_ch,0.9,0.1,25,3,150,19.331,6.22715,true,-19.331,,,19.331,225
sqz_vac_loss_ch_eta0p9_pn0p1_Nt25_ns4,sqz_vac,loss_ch,0.9,0.1,25,4,150,19.7223,6.71142,true,-19.7223,,,19.7223,225
sqz_vac_loss_ch_eta0p9_pn0p1_Nt30_ns1,sqz_vac,loss_ch,0.9,0.1,30,1,300,16.0516,3.72745,true,-16.0516,,,16.0517,450
sqz_vac_loss_ch_eta0p9_pn0p1_Nt30_ns2,sqz_vac,loss_ch,0.9,0.1,30,2,300,17.89,3.78072,true,-17.89,,,17.89,450
sqz_vac_loss_ch_eta0p9_pn0p1_Nt30_ns3,sqz_vac,loss_ch,0.9,0.1,30,3,300,19.3771,6.25836,true,-19.3771,,,19.3305,450
sqz_vac_loss_ch_eta0p9_pn0p1_Nt30_ns4,sqz_vac,loss_ch,0.9,0.1,30,4,300,22.1983,14.3294,true,-22.1983,,,19.7741,500
sqz_vac_loss_ch_eta0p9_pn0p1_Nt40_ns1,sqz_vac,loss_ch,0.9,0.1,40,1,400,16.0516,3.72745,true,-16.0516,,,16.0516,500
sqz_vac_loss_ch_eta0p9_pn0p1_Nt40_ns2,sqz_vac,loss_ch,0.9,0.1,40,2,300,17.89,3.78072,true,-17.89,,,17.89,450
sqz_vac_loss_ch_eta0p9_pn0p1_Nt50_ns1,sqz_vac,loss_ch,0.9,0.1,50,1,300,16.0516,3.72745,true,-16.0516,,,16.0517,450
sqz_vac_loss_ch_eta0p9_pn0p15_Nt1_ns1,sqz_vac,loss_ch,0.9,0.15,1,1,40,11.7843,1,true,-11.7843,,,11.7843,60
sqz_vac_loss_ch_eta0p9_pn0p15_Nt1_ns2,sqz_vac,loss_ch,0.9,0.15,1,2,40,12.9804,1,true,-12.9804,,,12.9804,60
sqz_vac_loss_ch_eta0p9_pn0p15_Nt1_ns3,sqz_vac,loss_ch,0.9,0.15,1,3,40,12.9805,1,true,-12.9805,,,12.9805,60
sqz_vac_loss_ch_eta0p9_pn0p15_Nt1_ns4,sqz_vac,loss_ch,0.9,0.15,1,4,40,12.9808,1,true,-12.9807,,,12.9807,60
sqz_vac_loss_ch_eta0p9_pn0p15_Nt1_ns5,sqz_vac,loss_ch,0.9,0.15,1,5,40,12.9807,1,true,-12.9807,,,12.9807,60
sqz_vac_loss_ch_eta0p9_pn0p15_Nt5_ns1,sqz_vac,loss_ch,0.9,0.15,5,1,100,13.3031,2.72969,false,-13.3043,,,13.3031,150
sqz_vac_loss_ch_eta0p9_pn0p15_Nt5_ns2,sqz_vac,loss_ch,0.9,0.15,5,2,120,16.4856,3.43552,false,-16.4856,,,16.4856,180
sqz_vac_loss_ch_eta0p9_pn0p15_Nt5_ns3,sqz_vac,loss_ch,0.9,0.15,5,3,100,18.2505,5,false,-18.2506,,,18.2505,150
sqz_vac_loss_ch_eta0p9_pn0p15_Nt5_ns4,sqz_vac,loss_ch,0.9,0.15,5,4,100,18.4171,5,true,-18.4171,,,18.4171,150
sqz_vac_loss_ch_eta0p9_pn0p15_Nt5_ns5,sqz_vac,loss_ch,0.9,0.15,5,5,120,18.4682,5,true,-18.4682,,,18.4682,180
sqz_vac_loss_ch_eta0p9_pn0p15_Nt10_ns1,sqz_vac,loss_ch,0.9,0.15,10,1,200,15.0577,5.37067,true,-15.0577,,,12.574,450
sqz_vac_loss_ch_eta0p9_pn0p15_Nt10_ns2,sqz_vac,loss_ch,0.9,0.15,10,2,200,16.4856,3.43544,true,-16.4856,,,16.4856,300
sqz_vac_loss_ch_eta0p9_pn0p15_Nt10_ns3,sqz_vac,loss_ch,0.9,0.15,10,3,200,18.3431,5.81657,true,-18.3431,,,18.3431,300
sqz_vac_loss_ch_eta0p9_pn0p15_Nt10_ns4,sqz_vac,loss_ch,0.9,0.15,10,4,200,20.134,7.91317,true,-20.134,,,18.2579,450
sqz_vac_loss_ch_eta0p9_pn0p15_Nt10_ns5,sqz_vac,loss_ch,0.9,0.15,10,5,200,21.4976,9.12691,true,-21.4976,,,19.8655,450
sqz_vac_loss_ch_eta0p9_pn0p2_Nt0p5_ns1,sqz_vac,loss_ch,0.9,0.2,0.5,1,100,9.27053,0.500024,false,-9.27047,,,9.27052,150
sqz_vac_loss_ch_eta0p9_pn0p2_Nt0p5_ns2,sqz_vac,loss_ch,0.9,0.2,0.5,2,100,9.8538,0.500034,false,-9.85369,,,9.85379,150
sqz_vac_loss_ch_eta0p9_pn0p2_Nt0p5_ns3,sqz_vac,loss_ch,0.9,0.2,0.5,3,100,9.85389,0.500034,false,-9.85378,,,9.85389,150
sqz_vac_loss_ch_eta0p9_pn0p2_Nt0p5_ns4,sqz_vac,loss_ch,0.9,0.2,0.5,4,100,9.85372,0.500003,true,-9.85371,,,9.85372,150
sqz_vac_loss_ch_eta0p9_pn0p2_Nt0p5_ns5,sqz_vac,loss_ch,0.9,0.2,0.5,5,100,9.85372,0.500003,true,-9.85371,,,9.85373,150
sqz_vac_loss_ch_eta0p9_pn0p2_Nt1_ns1,sqz_vac,loss_ch,0.9,0.2,1,1,100,10.8544,1.00001,false,-10.8544,,,10.8544,150
sqz_vac_loss_ch_eta0p9_pn0p2_Nt1_ns2,sqz_vac,loss_ch,0.9,0.2,1,2,100,12.5049,1.00002,false,-12.5049,,,12.5049,150
sqz_vac_loss_ch_eta0p9_pn0p2_Nt1_ns3,sqz_vac,loss_ch,0.9,0.2,1,3,100,12.5052,1.00002,false,-12.5052,,,12.5052,150
sqz_vac_loss_ch_eta0p9_pn0p2_Nt1_ns4,sqz_vac,loss_ch,0.9,0.2,1,4,100,12.5051,1,true,-12.5051,,,12.5051,150
sqz_vac_loss_ch_eta0p9_pn0p2_Nt1_ns5,sqz_vac,loss_ch,0.9,0.2,1,5,100,12.5052,1,true,-12.5052,,,12.5052,150
sqz_vac_loss_ch_eta0p9_pn0p2_Nt2_ns1,sqz_vac,loss_ch,0.9,0.2,2,1,100,11.6993,1.99998,false,-11.6994,,,11.6993,150
sqz_vac_loss_ch_eta0p9_pn0p2_Nt2_ns2,sqz_vac,loss_ch,0.9,0.2,2,2,100,14.9182,1.99999,false,-14.9182,,,14.9182,150
sqz_vac_loss_ch_eta0p9_pn0p2_Nt2_ns3,sqz_vac,loss_ch,0.9,0.2,2,3,100,14.9409,2.00001,false,-14.9409,,,14.9409,150
sqz_vac_loss_ch_eta0p9_pn0p2_Nt2_ns4,sqz_vac,loss_ch,0.9,0.2,2,4,100,14.943,2,true,-14.943,,,14.9429,150
sqz_vac_loss_ch_eta0p9_pn0p2_Nt2_ns5,sqz_vac,loss_ch,0.9,0.2,2,5,100,14.9463,2,true,-14.9463,,,14.9463,150
sqz_vac_loss_ch_eta0p9_pn0p2_Nt3_ns1,sqz_vac,loss_ch,0.9,0.2,3,1,50,11.1147,2.24508,false,-11.7187,,,11.7184,75
sqz_vac_loss_ch_eta0p9_pn0p2_Nt3_ns2,sqz_vac,loss_ch,0.9,0.2,3,2,50,14.9929,3,false,-15.8075,,,15.8075,75
sqz_vac_loss_ch_eta0p9_pn0p2_Nt3_ns3,sqz_vac,loss_ch,0.9,0.2,3,3,50,15.2803,3,false,-16.1105,,,16.1105,75
sqz_vac_loss_ch_eta0p9_pn0p2_Nt4_ns1,sqz_vac,loss_ch,0.9,0.2,4,1,50,11.1147,2.24508,false,-11.7187,,,11.7184,75
sqz_vac_loss_ch_eta0p9_pn0p2_Nt4_ns2,sqz_vac,loss_ch,0.9,0.2,4,2,50,14.9967,3.09356,false,-15.8116,,,15.8116,75
sqz_vac_loss_ch_eta0p9_pn0p2_Nt4_ns3,sqz_vac,loss_ch,0.9,0.2,4,3,50,16.4781,4.00002,false,-17.3734,,,17.3734,75
sqz_vac_loss_ch_eta0p9_pn0p2_Nt5_ns1,sqz_vac,loss_ch,0.9,0.2,5,1,120,11.7184,2.24508,false,-11.7187,,,11.7184,180
sqz_vac_loss_ch_eta0p9_pn0p2_Nt5_ns2,sqz_vac,loss_ch,0.9,0.2,5,2,120,15.8116,3.09356,false,-15.8116,,,15.8116,180
sqz_vac_loss_ch_eta0p9_pn0p2_Nt5_ns3,sqz_vac,loss_ch,0.9,0.2,5,3,120,17.8169,4.99994,false,-17.817,,,17.8169,180
sqz_vac_loss_ch_eta0p9_pn0p2_Nt5_ns4,sqz_vac,loss_ch,0.9,0.2,5,4,120,17.9506,5,true,-17.9508,,,17.9506,180
sqz_vac_loss_ch_eta0p9_pn0p2_Nt5_ns5,sqz_vac,loss_ch,0.9,0.2,5,5,120,17.872,5.00001,true,-17.872,,,17.872,180
sqz_vac_loss_ch_eta0p9_pn0p2_Nt6_ns1,sqz_vac,loss_ch,0.9,0.2,6,1,100,11.1145,2.24348,false,-11.7184,,,11.7184,150
sqz_vac_loss_ch_eta0p9_pn0p2_Nt6_ns2,sqz_vac,loss_ch,0.9,0.2,6,2,100,14.9967,3.09358,false,-15.8116,,,15.8116,150
sqz_vac_loss_ch_eta0p9_pn0p2_Nt6_ns3,sqz_vac,loss_ch,0.9,0.2,6,3,100,16.9387,5.60259,false,-17.8591,,,17.8591,150
sqz_vac_loss_ch_eta0p9_pn0p2_Nt7_ns2,sqz_vac,loss_ch,0.9,0.2,7,2,100,14.9967,3.09358,false,-15.8116,,,15.8116,150
sqz_vac_loss_ch_eta0p9_pn0p2_Nt7_ns3,sqz_vac,loss_ch,0.9,0.2,7,3,100,16.9387,5.60259,false,-17.8591,,,17.8591,150
sqz_vac_loss_ch_eta0p9_pn0p2_Nt7_ns4,sqz_vac,loss_ch,0.9,0.2,7,4,100,17.3397,6.99998,false,-18.2818,,,18.2818,150
sqz_vac_loss_ch_eta0p9_pn0p2_Nt7_ns5,sqz_vac,loss_ch,0.9,0.2,7,5,100,18.2489,6.99999,false,-19.2405,,,19.2405,150
sqz_vac_loss_ch_eta0p9_pn0p2_Nt8_ns2,sqz_vac,loss_ch,0.9,0.2,8,2,100,14.9967,3.09358,false,-15.8116,,,15.8116,150
sqz_vac_loss_ch_eta0p9_pn0p2_Nt8_ns3,sqz_vac,loss_ch,0.9,0.2,8,3,100,16.9387,5.60259,false,-17.8591,,,17.8591,150
sqz_vac_loss_ch_eta0p9_pn0p2_Nt9_ns1,sqz_vac,loss_ch,0.9,0.2,9,1,100,11.1145,2.24348,false,-11.7184,,,11.7184,150
sqz_vac_loss_ch_eta0p9_pn0p2_Nt9_ns2,sqz_vac,loss_ch,0.9,0.2,9,2,100,14.9967,3.09358,false,-15.8116,,,15.8116,150
sqz_vac_loss_ch_eta0p9_pn0p2_Nt9_ns3,sqz_vac,loss_ch,0.9,0.2,9,3,100,16.9387,5.60259,false,-17.8591,,,17.8591,150
sqz_vac_loss_ch_eta0p9_pn0p2_Nt9_ns4,sqz_vac,loss_ch,0.9,0.2,9,4,100,17.3391,7.04326,false,-18.2812,,,18.2812,150
sqz_vac_loss_ch_eta0p9_pn0p2_Nt10_ns1,sqz_vac,loss_ch,0.9,0.2,10,1,200,11.7184,2.24348,false,-11.7184,,,11.7184,300
sqz_vac_loss_ch_eta0p9_pn0p2_Nt10_ns2,sqz_vac,loss_ch,0.9,0.2,10,2,100,14.9967,3.09358,false,-15.8116,,,15.8116,150
sqz_vac_loss_ch_eta0p9_pn0p2_Nt10_ns3,sqz_vac,loss_ch,0.9,0.2,10,3,100,17.8591,5.60259,true,-17.8591,,,17.8591,150
sqz_vac_loss_ch_eta0p9_pn0p2_Nt10_ns4,sqz_vac,loss_ch,0.9,0.2,10,4,100,18.2819,7.03883,true,-18.2819,,,18.2819,150
sqz_vac_loss_ch_eta0p9_pn0p2_Nt10_ns5,sqz_vac,loss_ch,0.9,0.2,10,5,100,20.2116,8.54243,true,-20.2116,,,20.2116,150
sqz_vac_loss_ch_eta0p9_pn0p2_Nt11_ns1,sqz_vac,loss_ch,0.9,0.2,11,1,100,11.1145,2.24348,false,-11.7184,,,11.7184,150
sqz_vac_loss_ch_eta0p9_pn0p2_Nt20_ns1,sqz_vac,loss_ch,0.9,0.2,20,1,250,11.7184,2.24357,true,-11.7184,,,11.7184,375
sqz_vac_loss_ch_eta0p9_pn0p2_Nt20_ns2,sqz_vac,loss_ch,0.9,0.2,20,2,250,15.8116,3.09357,true,-15.8116,,,15.8116,375
sqz_vac_loss_ch_eta0p9_pn0p2_Nt20_ns3,sqz_vac,loss_ch,0.9,0.2,20,3,250,17.8591,5.6026,true,-17.8591,,,17.8591,375
sqz_vac_loss_ch_eta0p9_pn0p2_Nt20_ns4,sqz_vac,loss_ch,0.9,0.2,20,4,250,19.8113,11.4957,true,-19.8113,,,18.6637,500
sqz_vac_loss_ch_eta0p9_pn0p25_Nt5_ns1,sqz_vac,loss_ch,0.9,0.25,5,1,50,10.1345,1.97416,false,-10.6852,,,10.6851,75
sqz_vac_loss_ch_eta0p9_pn0p25_Nt5_ns2,sqz_vac,loss_ch,0.9,0.25,5,2,50,14.5596,2.83682,false,-15.3507,,,15.3507,75
sqz_vac_loss_ch_eta0p9_pn0p25_Nt5_ns3,sqz_vac,loss_ch,0.9,0.25,5,3,50,16.6486,5,false,-17.5532,,,17.5532,75
sqz_vac_loss_ch_eta0p9_pn0p3_Nt1_ns1,sqz_vac,loss_ch,0.9,0.3,1,1,40,9.55778,1,true,-9.55778,,,9.55778,60
sqz_vac_loss_ch_eta0p9_pn0p3_Nt1_ns2,sqz_vac,loss_ch,0.9,0.3,1,2,40,11.707,1,true,-11.707,,,11.707,60
sqz_vac_loss_ch_eta0p9_pn0p3_Nt1_ns3,sqz_vac,loss_ch,0.9,0.3,1,3,40,11.707,1,true,-11.707,,,11.707,60
sqz_vac_loss_ch_eta0p9_pn0p3_Nt1_ns4,sqz_vac,loss_ch,0.9,0.3,1,4,40,11.7072,1,true,-11.7072,,,11.7072,60
sqz_vac_loss_ch_eta0p9_pn0p3_Nt1_ns5,sqz_vac,loss_ch,0.9,0.3,1,5,40,11.7072,1,true,-11.7072,,,11.7072,60
sqz_vac_loss_ch_eta0p9_pn0p3_Nt2_ns1,sqz_vac,loss_ch,0.9,0.3,2,1,60,9.93727,1.806,true,-9.93727,,,9.93726,90
sqz_vac_loss_ch_eta0p9_pn0p3_Nt2_ns2,sqz_vac,loss_ch,0.9,0.3,2,2,60,14.3137,2,true,-14.3137,,,14.3137,90
sqz_vac_loss_ch_eta0p9_pn0p3_Nt5_ns1,sqz_vac,loss_ch,0.9,0.3,5,1,100,9.93726,1.80624,false,-9.93731,,,9.93726,150
sqz_vac_loss_ch_eta0p9_pn0p3_Nt5_ns2,sqz_vac,loss_ch,0.9,0.3,5,2,100,15.0381,2.49818,false,-15.0382,,,15.0381,150
sqz_vac_loss_ch_eta0p9_pn0p3_Nt5_ns3,sqz_vac,loss_ch,0.9,0.3,5,3,100,17.4165,5,false,-17.4165,,,17.4165,150
sqz_vac_loss_ch_eta0p9_pn0p3_Nt5_ns4,sqz_vac,loss_ch,0.9,0.3,5,4,100,17.3503,5,true,-17.3504,,,17.3503,150
sqz_vac_loss_ch_eta0p9_pn0p3_Nt5_ns5,sqz_vac,loss_ch,0.9,0.3,5,5,100,17.5435,5,true,-17.5436,,,17.5435,150
sqz_vac_loss_ch_eta0p9_pn0p35_Nt5_ns1,sqz_vac,loss_ch,0.9,0.35,5,1,50,8.86601,1.69384,false,-9.34775,,,9.34773,75
sqz_vac_loss_ch_eta0p9_pn0p35_Nt5_ns2,sqz_vac,loss_ch,0.9,0.35,5,2,50,13.996,2.43857,false,-14.7564,,,14.7564,75
sqz_vac_loss_ch_eta0p9_pn0p35_Nt5_ns3,sqz_vac,loss_ch,0.9,0.35,5,3,50,16.4538,4.99995,false,-17.3479,,,17.3478,75
sqz_vac_loss_ch_eta0p9_pn0p4_Nt1_ns1,sqz_vac,loss_ch,0.9,0.4,1,1,200,8.63783,1,true,-8.63786,,,8.63784,300
sqz_vac_loss_ch_eta0p9_pn0p4_Nt1_ns2,sqz_vac,loss_ch,0.9,0.4,1,2,200,10.9698,1,true,-10.9698,,,10.9698,300
sqz_vac_loss_ch_eta0p9_pn0p4_Nt1_ns3,sqz_vac,loss_ch,0.9,0.4,1,3,200,10.9695,1,true,-10.9695,,,10.9695,300
sqz_vac_loss_ch_eta0p9_pn0p4_Nt1_ns4,sqz_vac,loss_ch,0.9,0.4,1,4,200,10.97,1,true,-10.97,,,10.97,300
sqz_vac_loss_ch_eta0p9_pn0p4_Nt1_ns5,sqz_vac,loss_ch,0.9,0.4,1,5,200,10.97,1,true,-10.97,,,10.97,300
sqz_vac_loss_ch_eta0p9_pn0p4_Nt2_ns1,sqz_vac,loss_ch,0.9,0.4,2,1,60,8.85199,1.61354,true,-8.85199,,,8.85199,90
sqz_vac_loss_ch_eta0p9_pn0p4_Nt2_ns2,sqz_vac,loss_ch,0.9,0.4,2,2,60,13.8391,2,true,-13.8391,,,13.8391,90
sqz_vac_loss_ch_eta0p9_pn0p4_Nt5_ns1,sqz_vac,loss_ch,0.9,0.4,5,1,100,8.85199,1.61354,true,-8.85199,,,8.85198,150
sqz_vac_loss_ch_eta0p9_pn0p4_Nt5_ns2,sqz_vac,loss_ch,0.9,0.4,5,2,100,14.4892,2.3802,true,-14.4892,,,14.4892,150
sqz_vac_loss_ch_eta0p9_pn0p4_Nt5_ns3,sqz_vac,loss_ch,0.9,0.4,5,3,100,17.3094,5,true,-17.3094,,,17.3094,150
sqz_vac_loss_ch_eta0p9_pn0p4_Nt5_ns4,sqz_vac,loss_ch,0.9,0.4,5,4,100,17.1547,4.89147,true,-17.1547,,,17.1547,150
sqz_vac_loss_ch_eta0p9_pn0p4_Nt5_ns5,sqz_vac,loss_ch,0.9,0.4,5,5,100,17.4765,5,true,-17.4765,,,17.4765,150
sqz_vac_loss_ch_eta0p9_pn0p45_Nt5_ns1,sqz_vac,loss_ch,0.9,0.45,5,1,50,7.98245,1.55304,false,-8.41617,,,8.41617,75
sqz_vac_loss_ch_eta0p9_pn0p45_Nt5_ns2,sqz_vac,loss_ch,0.9,0.45,5,2,50,13.5029,2.32594,false,-14.2366,,,14.2366,75
sqz_vac_loss_ch_eta0p9_pn0p45_Nt5_ns3,sqz_vac,loss_ch,0.9,0.45,5,3,50,16.3919,5,false,-17.2826,,,17.2825,75
sqz_vac_loss_ch_eta0p9_pn0p5_Nt1_ns1,sqz_vac,loss_ch,0.9,0.5,1,1,80,7.88511,1,true,-7.88511,,,7.8851,120
sqz_vac_loss_ch_eta0p9_pn0p5_Nt1_ns2,sqz_vac,loss_ch,0.9,0.5,1,2,80,10.2603,1,true,-10.2603,,,10.2603,120
sqz_vac_loss_ch_eta0p9_pn0p5_Nt1_ns3,sqz_vac,loss_ch,0.9,0.5,1,3,80,10.2604,1,true,-10.2604,,,10.2604,120
sqz_vac_loss_ch_eta0p9_pn0p5_Nt1_ns4,sqz_vac,loss_ch,0.9,0.5,1,4,80,10.2604,1,true,-10.2604,,,10.2604,120
sqz_vac_loss_ch_eta0p9_pn0p5_Nt1_ns5,sqz_vac,loss_ch,0.9,0.5,1,5,80,10.2604,1,true,-10.2604,,,10.2604,120
sqz_vac_loss_ch_eta0p9_pn0p5_Nt2_ns1,sqz_vac,loss_ch,0.9,0.5,2,1,60,8.02231,1.50492,true,-8.02231,,,8.0223,90
sqz_vac_loss_ch_eta0p9_pn0p5_Nt2_ns2,sqz_vac,loss_ch,0.9,0.5,2,2,60,13.4655,2,true,-13.4655,,,13.4655,90
sqz_vac_loss_ch_eta0p9_pn0p5_Nt5_ns1,sqz_vac,loss_ch,0.9,0.5,5,1,100,8.0223,1.50491,false,-8.02231,,,8.02229,150
sqz_vac_loss_ch_eta0p9_pn0p5_Nt5_ns2,sqz_vac,loss_ch,0.9,0.5,5,2,100,14.0015,2.27563,false,-14.0015,,,14.0015,150
sqz_vac_loss_ch_eta0p9_pn0p5_Nt5_ns3,sqz_vac,loss_ch,0.9,0.5,5,3,100,17.2684,5,false,-17.2685,,,17.2684,150
sqz_vac_loss_ch_eta0p9_pn0p5_Nt5_ns4,sqz_vac,loss_ch,0.9,0.5,5,4,100,17.0164,4.01855,true,-17.0164,,,17.0164,150
sqz_vac_loss_ch_eta0p9_pn0p5_Nt5_ns5,sqz_vac,loss_ch,0.9,0.5,5,5,100,14.0097,2.28568,true,-14.0097,,,14.0097,150
sqz_vac_loss_ch_eta1_pn0_Nt0p5_ns1,sqz_vac,loss_ch,1,0,0.5,1,100,14.9297,0.500086,true,-14.9289,,,14.9297,150
sqz_vac_loss_ch_eta1_pn0_Nt0p5_ns2,sqz_vac,loss_ch,1,0,0.5,2,100,14.9297,0.500086,true,-14.9289,,,14.9297,150
sqz_vac_loss_ch_eta1_pn0_Nt1_ns1,sqz_vac,loss_ch,1,0,1,1,100,23.3151,1.00008,true,-23.3144,,,23.3151,150
sqz_vac_loss_ch_eta1_pn0_Nt1_ns2,sqz_vac,loss_ch,1,0,1,2,100,23.3151,1.00008,true,-23.3144,,,23.3151,150
sqz_vac_loss_ch_eta1_pn0_Nt1_ns3,sqz_vac,loss_ch,1,0,1,3,40,23.3138,1.00001,true,-23.3137,,,23.3138,60
sqz_vac_loss_ch_eta1_pn0_Nt1_ns4,sqz_vac,loss_ch,1,0,1,4,40,23.3138,1.00001,true,-23.3137,,,23.3138,60
sqz_vac_loss_ch_eta1_pn0_Nt1_ns5,sqz_vac,loss_ch,1,0,1,5,40,23.3138,1.00001,true,-23.3137,,,23.3138,60
sqz_vac_loss_ch_eta1_pn0_Nt2_ns1,sqz_vac,loss_ch,1,0,2,1,100,39.5972,2.00008,true,-39.5966,,,39.5972,150
sqz_vac_loss_ch_eta1_pn0_Nt2_ns2,sqz_vac,loss_ch,1,0,2,2,100,39.5972,2.00008,true,-39.5966,,,39.5972,150
sqz_vac_loss_ch_eta1_pn0_Nt3_ns1,sqz_vac,loss_ch,1,0,3,1,100,55.714,3.00008,true,-55.7133,,,55.7141,150
sqz_vac_loss_ch_eta1_pn0_Nt3_ns2,sqz_vac,loss_ch,1,0,3,2,100,55.714,3.00008,true,-55.7134,,,55.7141,150
sqz_vac_loss_ch_eta1_pn0_Nt5_ns1,sqz_vac,loss_ch,1,0,5,1,120,87.819,5.00008,true,-87.7909,,,87.8248,180
sqz_vac_loss_ch_eta1_pn0_Nt5_ns2,sqz_vac,loss_ch,1,0,5,2,120,87.7505,5.00008,true,-87.7497,,,87.7505,180
sqz_vac_loss_ch_eta1_pn0_Nt5_ns3,sqz_vac,loss_ch,1,0,5,3,120,87.748,5.00008,true,-87.7472,,,87.748,180
sqz_vac_loss_ch_eta1_pn0_Nt5_ns4,sqz_vac,loss_ch,1,0,5,4,120,87.7967,5.00008,true,-87.7531,,,87.7967,180
sqz_vac_loss_ch_eta1_pn0_Nt5_ns5,sqz_vac,loss_ch,1,0,5,5,120,87.8206,5.00008,true,-87.7436,,,87.8206,180
sqz_vac_loss_ch_eta1_pn0_Nt8_ns1,sqz_vac,loss_ch,1,0,8,1,100,135.053,8.00008,true,-135.052,,,136.082,150
sqz_vac_loss_ch_eta1_pn0_Nt10_ns1,sqz_vac,loss_ch,1,0,10,1,200,168.975,10.0001,true,-165.1,,,169.021,300
sqz_vac_loss_ch_eta1_pn0_Nt10_ns2,sqz_vac,loss_ch,1,0,10,2,200,167.874,10,true,-167.874,,,167.909,300
sqz_vac_loss_ch_eta1_pn0_Nt10_ns3,sqz_vac,loss_ch,1,0,10,3,200,167.894,9.99999,true,-167.894,,,167.894,300
sqz_vac_loss_ch_eta1_pn0_Nt10_ns4,sqz_vac,loss_ch,1,0,10,4,200,167.891,9.99995,true,-167.891,,,167.91,300
sqz_vac_loss_ch_eta1_pn0_Nt10_ns5,sqz_vac,loss_ch,1,0,10,5,200,167.898,9.99999,true,-167.898,,,167.901,300
sqz_vac_loss_ch_eta1_pn0p05_Nt1_ns1,sqz_vac,loss_ch,1,0.05,1,1,40,23.2573,1.00001,true,-23.2573,,,23.2574,60
sqz_vac_loss_ch_eta1_pn0p05_Nt1_ns2,sqz_vac,loss_ch,1,0.05,1,2,40,23.2571,1.00001,true,-23.257,,,23.2572,60
sqz_vac_loss_ch_eta1_pn0p05_Nt1_ns3,sqz_vac,loss_ch,1,0.05,1,3,40,23.2556,1.00001,true,-23.2556,,,23.2557,60
sqz_vac_loss_ch_eta1_pn0p05_Nt1_ns4,sqz_vac,loss_ch,1,0.05,1,4,40,23.2572,1.00001,true,-23.2571,,,23.2574,60
sqz_vac_loss_ch_eta1_pn0p05_Nt1_ns5,sqz_vac,loss_ch,1,0.05,1,5,40,23.2573,1.00001,true,-23.2572,,,23.2573,60
sqz_vac_loss_ch_eta1_pn0p05_Nt5_ns1,sqz_vac,loss_ch,1,0.05,5,1,120,87.6005,5.00008,true,-87.5725,,,87.6063,180
sqz_vac_loss_ch_eta1_pn0p05_Nt5_ns2,sqz_vac,loss_ch,1,0.05,5,2,120,87.5955,5.00008,true,-87.5934,,,87.596,180
sqz_vac_loss_ch_eta1_pn0p05_Nt5_ns3,sqz_vac,loss_ch,1,0.05,5,3,120,87.592,5.00008,true,-87.5875,,,87.5925,180
sqz_vac_loss_ch_eta1_pn0p05_Nt5_ns4,sqz_vac,loss_ch,1,0.05,5,4,120,87.5972,5.00001,true,-87.5913,,,87.5976,180
sqz_vac_loss_ch_eta1_pn0p05_Nt5_ns5,sqz_vac,loss_ch,1,0.05,5,5,120,87.5972,5.00001,true,-87.5918,,,87.5976,180
sqz_vac_loss_ch_eta1_pn0p05_Nt10_ns1,sqz_vac,loss_ch,1,0.05,10,1,200,167.45,10,true,-167.45,,,167.493,300
sqz_vac_loss_ch_eta1_pn0p05_Nt10_ns2,sqz_vac,loss_ch,1,0.05,10,2,200,167.469,10,true,-167.468,,,167.475,300
sqz_vac_loss_ch_eta1_pn0p05_Nt10_ns3,sqz_vac,loss_ch,1,0.05,10,3,200,167.472,10,true,-167.472,,,167.477,300
sqz_vac_loss_ch_eta1_pn0p05_Nt10_ns4,sqz_vac,loss_ch,1,0.05,10,4,200,167.47,10,true,-167.47,,,167.485,300
sqz_vac_loss_ch_eta1_pn0p05_Nt10_ns5,sqz_vac,loss_ch,1,0.05,10,5,200,167.464,9.99996,true,-167.464,,,167.468,300
sqz_vac_loss_ch_eta1_pn0p1_Nt1_ns1,sqz_vac,loss_ch,1,0.1,1,1,40,23.0897,1.00001,true,-23.0897,,,23.0898,60
sqz_vac_loss_ch_eta1_pn0p1_Nt1_ns2,sqz_vac,loss_ch,1,0.1,1,2,40,23.0897,1.00001,true,-23.0897,,,23.0898,60
sqz_vac_loss_ch_eta1_pn0p1_Nt1_ns3,sqz_vac,loss_ch,1,0.1,1,3,40,23.0898,1.00001,true,-23.0897,,,23.0898,60
sqz_vac_loss_ch_eta1_pn0p1_Nt1_ns4,sqz_vac,loss_ch,1,0.1,1,4,40,23.0897,1.00001,true,-23.0896,,,23.0899,60
sqz_vac_loss_ch_eta1_pn0p1_Nt1_ns5,sqz_vac,loss_ch,1,0.1,1,5,40,23.0898,1.00001,true,-23.0897,,,23.0898,60
sqz_vac_loss_ch_eta1_pn0p1_Nt2_ns1,sqz_vac,loss_ch,1,0.1,2,1,60,39.2074,2.00001,true,-39.2073,,,39.2081,90
sqz_vac_loss_ch_eta1_pn0p1_Nt2_ns2,sqz_vac,loss_ch,1,0.1,2,2,60,39.2076,2.00001,true,-39.2075,,,39.208,90
sqz_vac_loss_ch_eta1_pn0p1_Nt5_ns1,sqz_vac,loss_ch,1,0.1,5,1,120,86.9514,5.00008,true,-86.9238,,,86.9571,180
sqz_vac_loss_ch_eta1_pn0p1_Nt5_ns2,sqz_vac,loss_ch,1,0.1,5,2,120,86.8834,5.00008,true,-86.8827,,,86.8834,180
sqz_vac_loss_ch_eta1_pn0p1_Nt5_ns3,sqz_vac,loss_ch,1,0.1,5,3,120,86.8228,5.00009,false,-86.7975,,,86.8229,180
sqz_vac_loss_ch_eta1_pn0p1_Nt5_ns4,sqz_vac,loss_ch,1,0.1,5,4,120,86.9185,5.00008,true,-86.9052,,,86.9185,180
sqz_vac_loss_ch_eta1_pn0p1_Nt5_ns5,sqz_vac,loss_ch,1,0.1,5,5,120,86.9394,5.00008,true,-86.8918,,,86.9394,180
sqz_vac_loss_ch_eta1_pn0p15_Nt1_ns1,sqz_vac,loss_ch,1,0.15,1,1,40,22.8159,1.00001,true,-22.8159,,,22.816,60
sqz_vac_loss_ch_eta1_pn0p15_Nt1_ns2,sqz_vac,loss_ch,1,0.15,1,2,40,22.8155,1,true,-22.8155,,,22.8156,60
sqz_vac_loss_ch_eta1_pn0p15_Nt1_ns3,sqz_vac,loss_ch,1,0.15,1,3,40,22.8159,1.00001,true,-22.8159,,,22.816,60
sqz_vac_loss_ch_eta1_pn0p15_Nt1_ns4,sqz_vac,loss_ch,1,0.15,1,4,40,22.8154,1.00001,true,-22.8154,,,22.8155,60
sqz_vac_loss_ch_eta1_pn0p15_Nt1_ns5,sqz_vac,loss_ch,1,0.15,1,5,40,22.816,1.00001,true,-22.8159,,,22.816,60
sqz_vac_loss_ch_eta1_pn0p15_Nt5_ns1,sqz_vac,loss_ch,1,0.15,5,1,120,85.9222,5.00001,true,-85.7478,,,85.9278,180
sqz_vac_loss_ch_eta1_pn0p15_Nt5_ns2,sqz_vac,loss_ch,1,0.15,5,2,120,85.8775,5,true,-85.8766,,,85.8776,180
sqz_vac_loss_ch_eta1_pn0p15_Nt5_ns3,sqz_vac,loss_ch,1,0.15,5,3,120,85.884,5.00001,true,-85.8794,,,85.8845,180
sqz_vac_loss_ch_eta1_pn0p15_Nt5_ns4,sqz_vac,loss_ch,1,0.15,5,4,120,85.8892,5.00002,true,-85.8519,,,85.8896,180
sqz_vac_loss_ch_eta1_pn0p15_Nt5_ns5,sqz_vac,loss_ch,1,0.15,5,5,120,85.8831,5.00001,true,-85.8824,,,85.8831,180
sqz_vac_loss_ch_eta1_pn0p2_Nt1_ns1,sqz_vac,loss_ch,1,0.2,1,1,40,22.4439,1.00001,true,-22.4439,,,22.444,60
sqz_vac_loss_ch_eta1_pn0p2_Nt1_ns2,sqz_vac,loss_ch,1,0.2,1,2,40,22.4437,1.00001,true,-22.4436,,,22.4438,60
sqz_vac_loss_ch_eta1_pn0p2_Nt1_ns3,sqz_vac,loss_ch,1,0.2,1,3,40,22.4439,1.00001,true,-22.4439,,,22.444,60
sqz_vac_loss_ch_eta1_pn0p2_Nt1_ns4,sqz_vac,loss_ch,1,0.2,1,4,40,22.4439,1.00001,true,-22.4439,,,22.444,60
sqz_vac_loss_ch_eta1_pn0p2_Nt1_ns5,sqz_vac,loss_ch,1,0.2,1,5,40,22.4438,1.00001,true,-22.4438,,,22.4439,60
sqz_vac_loss_ch_eta1_pn0p2_Nt2_ns1,sqz_vac,loss_ch,1,0.2,2,1,60,38.0888,2.00001,true,-38.0887,,,38.0895,90
sqz_vac_loss_ch_eta1_pn0p2_Nt2_ns2,sqz_vac,loss_ch,1,0.2,2,2,60,38.0868,2,true,-38.0868,,,38.0871,90
sqz_vac_loss_ch_eta1_pn0p2_Nt5_ns1,sqz_vac,loss_ch,1,0.2,5,1,120,85.1359,5.00007,false,-82.8491,,,85.1418,180
sqz_vac_loss_ch_eta1_pn0p2_Nt5_ns2,sqz_vac,loss_ch,1,0.2,5,2,120,84.4409,5.00008,false,-84.371,,,84.4409,180
sqz_vac_loss_ch_eta1_pn0p2_Nt5_ns3,sqz_vac,loss_ch,1,0.2,5,3,120,84.3422,5.00008,false,-84.2561,,,84.3422,180
sqz_vac_loss_ch_eta1_pn0p2_Nt5_ns4,sqz_vac,loss_ch,1,0.2,5,4,120,84.4381,5.00008,true,-84.3984,,,84.4381,180
sqz_vac_loss_ch_eta1_pn0p2_Nt5_ns5,sqz_vac,loss_ch,1,0.2,5,5,120,84.4465,5.00007,true,-84.4009,,,84.4465,180
sqz_vac_loss_ch_eta1_pn0p3_Nt1_ns1,sqz_vac,loss_ch,1,0.3,1,1,40,21.4501,1.00001,true,-21.45,,,21.4501,60
sqz_vac_loss_ch_eta1_pn0p3_Nt1_ns2,sqz_vac,loss_ch,1,0.3,1,2,40,21.4498,1.00001,true,-21.4497,,,21.45,60
sqz_vac_loss_ch_eta1_pn0p3_Nt1_ns3,sqz_vac,loss_ch,1,0.3,1,3,40,21.4501,1.00001,true,-21.45,,,21.4501,60
sqz_vac_loss_ch_eta1_pn0p3_Nt1_ns4,sqz_vac,loss_ch,1,0.3,1,4,40,21.4501,1.00001,true,-21.45,,,21.4501,60
sqz_vac_loss_ch_eta1_pn0p3_Nt1_ns5,sqz_vac,loss_ch,1,0.3,1,5,40,21.45,1.00001,true,-21.45,,,21.4501,60
sqz_vac_loss_ch_eta1_pn0p3_Nt2_ns1,sqz_vac,loss_ch,1,0.3,2,1,60,36.3674,2.00001,true,-36.3674,,,36.3681,90
sqz_vac_loss_ch_eta1_pn0p3_Nt2_ns2,sqz_vac,loss_ch,1,0.3,2,2,60,36.3675,2,true,-36.3675,,,36.3675,90
sqz_vac_loss_ch_eta1_pn0p3_Nt5_ns1,sqz_vac,loss_ch,1,0.3,5,1,140,81.26,5.00007,true,-79.1521,,,81.2609,210
sqz_vac_loss_ch_eta1_pn0p3_Nt5_ns2,sqz_vac,loss_ch,1,0.3,5,2,140,80.595,5.00007,true,-80.5292,,,80.595,210
sqz_vac_loss_ch_eta1_pn0p3_Nt5_ns3,sqz_vac,loss_ch,1,0.3,5,3,140,80.5798,5.00007,true,-80.5473,,,80.5798,210
sqz_vac_loss_ch_eta1_pn0p3_Nt5_ns4,sqz_vac,loss_ch,1,0.3,5,4,140,80.5662,5.00007,true,-80.553,,,80.5662,210
sqz_vac_loss_ch_eta1_pn0p3_Nt5_ns5,sqz_vac,loss_ch,1,0.3,5,5,140,80.5972,5.00007,true,-80.5466,,,80.5972,210
sqz_vac_loss_ch_eta1_pn0p4_Nt1_ns1,sqz_vac,loss_ch,1,0.4,1,1,40,20.2155,1.00001,true,-20.2154,,,20.2155,60
sqz_vac_loss_ch_eta1_pn0p4_Nt1_ns2,sqz_vac,loss_ch,1,0.4,1,2,40,20.2154,1.00001,true,-20.2154,,,20.2155,60
sqz_vac_loss_ch_eta1_pn0p4_Nt1_ns3,sqz_vac,loss_ch,1,0.4,1,3,40,20.2155,1.00001,true,-20.2155,,,20.2155,60
sqz_vac_loss_ch_eta1_pn0p4_Nt1_ns4,sqz_vac,loss_ch,1,0.4,1,4,40,20.2155,1.00001,true,-20.2154,,,20.2155,60
sqz_vac_loss_ch_eta1_pn0p4_Nt1_ns5,sqz_vac,loss_ch,1,0.4,1,5,40,20.2155,1.00001,true,-20.2155,,,20.2155,60
sqz_vac_loss_ch_eta1_pn0p4_Nt2_ns1,sqz_vac,loss_ch,1,0.4,2,1,60,34.2292,2.00001,true,-34.2291,,,34.2297,90
sqz_vac_loss_ch_eta1_pn0p4_Nt2_ns2,sqz_vac,loss_ch,1,0.4,2,2,60,34.2294,2.00001,true,-34.2293,,,34.2294,90
sqz_vac_loss_ch_eta1_pn0p4_Nt5_ns1,sqz_vac,loss_ch,1,0.4,5,1,60,75.2585,5.00006,true,-75.2581,,,75.9888,90
sqz_vac_loss_ch_eta1_pn0p4_Nt5_ns2,sqz_vac,loss_ch,1,0.4,5,2,60,75.7901,5.00007,true,-75.7897,,,75.8185,90
sqz_vac_loss_ch_eta1_pn0p4_Nt5_ns3,sqz_vac,loss_ch,1,0.4,5,3,60,75.78,5.00007,true,-75.7796,,,75.7997,90
sqz_vac_loss_ch_eta1_pn0p4_Nt5_ns4,sqz_vac,loss_ch,1,0.4,5,4,60,75.7885,5.00026,true,-75.7815,,,75.7924,90
sqz_vac_loss_ch_eta1_pn0p4_Nt5_ns5,sqz_vac,loss_ch,1,0.4,5,5,50,75.776,5.00007,true,-75.7755,,,75.7793,75
sqz_vac_loss_ch_eta1_pn0p5_Nt1_ns1,sqz_vac,loss_ch,1,0.5,1,1,40,18.8622,1.00001,true,-18.8621,,,18.8622,60
sqz_vac_loss_ch_eta1_pn0p5_Nt1_ns2,sqz_vac,loss_ch,1,0.5,1,2,40,18.8622,1.00001,true,-18.8621,,,18.8622,60
sqz_vac_loss_ch_eta1_pn0p5_Nt1_ns3,sqz_vac,loss_ch,1,0.5,1,3,40,18.8621,1.00001,true,-18.8621,,,18.8622,60
sqz_vac_loss_ch_eta1_pn0p5_Nt1_ns4,sqz_vac,loss_ch,1,0.5,1,4,40,18.8621,1.00001,true,-18.8621,,,18.8622,60
sqz_vac_loss_ch_eta1_pn0p5_Nt1_ns5,sqz_vac,loss_ch,1,0.5,1,5,40,18.8621,1.00001,true,-18.8621,,,18.8622,60
sqz_vac_loss_ch_eta1_pn0p5_Nt2_ns1,sqz_vac,loss_ch,1,0.5,2,1,60,31.8852,2.00001,true,-31.8852,,,31.8857,90
sqz_vac_loss_ch_eta1_pn0p5_Nt2_ns2,sqz_vac,loss_ch,1,0.5,2,2,60,31.8852,2,true,-31.8852,,,31.8855,90
sqz_vac_loss_ch_eta1_pn0p5_Nt5_ns1,sqz_vac,loss_ch,1,0.5,5,1,50,69.5261,5.00006,true,-69.5257,,,71.1466,113
sqz_vac_loss_ch_eta1_pn0p5_Nt5_ns2,sqz_vac,loss_ch,1,0.5,5,2,50,70.5261,5.00006,true,-70.5256,,,70.5725,75
sqz_vac_loss_ch_eta1_pn0p5_Nt5_ns3,sqz_vac,loss_ch,1,0.5,5,3,50,70.5007,5.00007,true,-70.5003,,,70.8332,75
sqz_vac_loss_ch_eta1_pn0p5_Nt5_ns4,sqz_vac,loss_ch,1,0.5,5,4,50,70.5417,5.00007,true,-70.5413,,,70.5616,75
sqz_vac_loss_ch_eta1_pn0p5_Nt5_ns5,sqz_vac,loss_ch,1,0.5,5,5,50,70.5119,5.00006,true,-70.5115,,,70.8352,75
sqz_vac_loss_in_eta0p05_pn0_Nt5_ns1,sqz_vac,loss_in,0.05,0,5,1,50,4.19099,2.61702,false,-4.19099,,,4.19268,75
sqz_vac_loss_in_eta0p05_pn0_Nt5_ns2,sqz_vac,loss_in,0.05,0,5,2,50,4.19632,4.38014,false,-4.19632,,,4.19655,75
sqz_vac_loss_in_eta0p05_pn0p2_Nt5_ns1,sqz_vac,loss_in,0.05,0.2,5,1,50,4.12722,0.790237,false,-4.12722,,,4.12706,75
sqz_vac_loss_in_eta0p05_pn0p2_Nt5_ns2,sqz_vac,loss_in,0.05,0.2,5,2,50,4.12722,0.800957,false,-4.12722,,,4.12706,75
sqz_vac_loss_in_eta0p15_pn0_Nt5_ns1,sqz_vac,loss_in,0.15,0,5,1,50,4.64809,3.80353,false,-4.64809,,,4.65775,75
sqz_vac_loss_in_eta0p15_pn0_Nt5_ns2,sqz_vac,loss_in,0.15,0,5,2,50,4.65812,5,false,-4.65812,,,4.66363,75
sqz_vac_loss_in_eta0p15_pn0p2_Nt5_ns1,sqz_vac,loss_in,0.15,0.2,5,1,50,4.4085,0.819138,false,-4.4085,,,4.4085,75
sqz_vac_loss_in_eta0p15_pn0p2_Nt5_ns2,sqz_vac,loss_in,0.15,0.2,5,2,50,4.40866,0.822478,false,-4.40866,,,4.40841,75
sqz_vac_loss_in_eta0p1_pn0_Nt5_ns1,sqz_vac,loss_in,0.1,0,5,1,50,4.40431,3.04635,false,-4.40431,,,4.40962,75
sqz_vac_loss_in_eta0p1_pn0_Nt5_ns2,sqz_vac,loss_in,0.1,0,5,2,50,4.41244,4.34778,false,-4.41244,,,4.41577,75
sqz_vac_loss_in_eta0p1_pn0p2_Nt5_ns1,sqz_vac,loss_in,0.1,0.2,5,1,50,4.26294,0.793406,false,-4.26294,,,4.2628,75
sqz_vac_loss_in_eta0p1_pn0p2_Nt5_ns2,sqz_vac,loss_in,0.1,0.2,5,2,50,4.26295,0.810827,false,-4.26295,,,4.26281,75
sqz_vac_loss_in_eta0p25_pn0_Nt5_ns1,sqz_vac,loss_in,0.25,0,5,1,50,5.23723,4.84746,false,-5.23723,,,5.25065,75
sqz_vac_loss_in_eta0p25_pn0_Nt5_ns2,sqz_vac,loss_in,0.25,0,5,2,50,5.24391,4.99993,false,-5.24391,,,5.24968,75
sqz_vac_loss_in_eta0p25_pn0p2_Nt5_ns1,sqz_vac,loss_in,0.25,0.2,5,1,50,4.73581,0.849112,false,-4.73581,,,4.73581,75
sqz_vac_loss_in_eta0p25_pn0p2_Nt5_ns2,sqz_vac,loss_in,0.25,0.2,5,2,50,4.73593,0.853678,false,-4.73593,,,4.73581,75
sqz_vac_loss_in_eta0p2_pn0_Nt5_ns1,sqz_vac,loss_in,0.2,0,5,1,50,4.92569,4.56018,false,-4.92569,,,4.93836,75
sqz_vac_loss_in_eta0p2_pn0_Nt5_ns2,sqz_vac,loss_in,0.2,0,5,2,50,4.92911,4.72029,false,-4.92911,,,4.94018,75
sqz_vac_loss_in_eta0p2_pn0p2_Nt5_ns1,sqz_vac,loss_in,0.2,0.2,5,1,50,4.56559,0.832503,false,-4.56559,,,4.56559,75
sqz_vac_loss_in_eta0p2_pn0p2_Nt5_ns2,sqz_vac,loss_in,0.2,0.2,5,2,50,4.56574,0.829643,false,-4.56574,,,4.56559,75
sqz_vac_loss_in_eta0p2_pn0p2_Nt5_ns3,sqz_vac,loss_in,0.2,0.2,5,3,50,4.56576,0.832499,false,-4.56576,,,4.56559,75
sqz_vac_loss_in_eta0p35_pn0_Nt5_ns1,sqz_vac,loss_in,0.35,0,5,1,50,5.98684,4.99991,false,-5.98684,,,6.00573,75
sqz_vac_loss_in_eta0p35_pn0_Nt5_ns2,sqz_vac,loss_in,0.35,0,5,2,50,5.99335,4.99992,false,-5.99335,,,6.00244,75
sqz_vac_loss_in_eta0p35_pn0p2_Nt5_ns1,sqz_vac,loss_in,0.35,0.2,5,1,50,5.12441,0.892482,false,-5.12441,,,5.12441,75
sqz_vac_loss_in_eta0p35_pn0p2_Nt5_ns2,sqz_vac,loss_in,0.35,0.2,5,2,50,5.12462,0.889918,false,-5.12462,,,5.12462,75
sqz_vac_loss_in_eta0p3_pn0_Nt5_ns1,sqz_vac,loss_in,0.3,0,5,1,50,5.58721,4.94631,false,-5.58721,,,5.60303,75
sqz_vac_loss_in_eta0p3_pn0_Nt5_ns2,sqz_vac,loss_in,0.3,0,5,2,50,5.59413,4.99992,false,-5.59413,,,5.60017,75
sqz_vac_loss_in_eta0p3_pn0p2_Nt5_ns1,sqz_vac,loss_in,0.3,0.2,5,1,50,4.92123,0.869033,false,-4.92123,,,4.92123,75
sqz_vac_loss_in_eta0p3_pn0p2_Nt5_ns2,sqz_vac,loss_in,0.3,0.2,5,2,50,4.9213,0.867732,false,-4.9213,,,4.9213,75
sqz_vac_loss_in_eta0p45_pn0_Nt5_ns1,sqz_vac,loss_in,0.45,0,5,1,50,6.98635,4.99991,false,-6.98635,,,7.01139,75
sqz_vac_loss_in_eta0p45_pn0_Nt5_ns2,sqz_vac,loss_in,0.45,0,5,2,50,6.99401,4.99981,false,-6.99401,,,7.00861,75
sqz_vac_loss_in_eta0p45_pn0p2_Nt5_ns1,sqz_vac,loss_in,0.45,0.2,5,1,50,5.5976,0.951614,false,-5.5976,,,5.5976,75
sqz_vac_loss_in_eta0p45_pn0p2_Nt5_ns2,sqz_vac,loss_in,0.45,0.2,5,2,50,5.59889,0.943619,false,-5.59889,,,5.59889,75
sqz_vac_loss_in_eta0p4_pn0_Nt5_ns1,sqz_vac,loss_in,0.4,0,5,1,50,6.44836,4.99477,false,-6.44836,,,6.46948,75
sqz_vac_loss_in_eta0p4_pn0_Nt5_ns2,sqz_vac,loss_in,0.4,0,5,2,50,6.45574,4.99983,false,-6.45574,,,6.46746,75
sqz_vac_loss_in_eta0p4_pn0p2_Nt5_ns1,sqz_vac,loss_in,0.4,0.2,5,1,50,5.34852,0.919821,false,-5.34852,,,5.34852,75
sqz_vac_loss_in_eta0p4_pn0p2_Nt5_ns2,sqz_vac,loss_in,0.4,0.2,5,2,50,5.34897,0.915878,false,-5.34897,,,5.34897,75
sqz_vac_loss_in_eta0p55_pn0_Nt5_ns1,sqz_vac,loss_in,0.55,0,5,1,50,8.38715,4.99991,false,-8.38715,,,8.42032,75
sqz_vac_loss_in_eta0p55_pn0_Nt5_ns2,sqz_vac,loss_in,0.55,0,5,2,50,8.39577,4.99992,false,-8.39577,,,8.41594,75
sqz_vac_loss_in_eta0p55_pn0p2_Nt5_ns1,sqz_vac,loss_in,0.55,0.2,5,1,50,6.19351,1.03222,false,-6.19351,,,6.19351,75
sqz_vac_loss_in_eta0p55_pn0p2_Nt5_ns2,sqz_vac,loss_in,0.55,0.2,5,2,50,6.20005,1.01164,false,-6.20005,,,6.20005,75
sqz_vac_loss_in_eta0p5_pn0_Nt5_ns1,sqz_vac,loss_in,0.5,0,5,1,50,7.62288,4.99991,false,-7.62288,,,7.65145,75
sqz_vac_loss_in_eta0p5_pn0_Nt5_ns2,sqz_vac,loss_in,0.5,0,5,2,50,7.62289,4.99991,false,-7.62289,,,7.65141,75
sqz_vac_loss_in_eta0p5_pn0p2_Nt5_ns1,sqz_vac,loss_in,0.5,0.2,5,1,50,5.87691,0.988683,false,-5.87691,,,5.87691,75
sqz_vac_loss_in_eta0p5_pn0p2_Nt5_ns2,sqz_vac,loss_in,0.5,0.2,5,2,50,5.87974,0.975824,false,-5.87974,,,5.87974,75
sqz_vac_loss_in_eta0p65_pn0_Nt5_ns1,sqz_vac,loss_in,0.65,0,5,1,50,10.4912,4.99992,false,-10.4912,,,10.5389,75
sqz_vac_loss_in_eta0p65_pn0_Nt5_ns2,sqz_vac,loss_in,0.65,0,5,2,50,10.492,4.99993,false,-10.492,,,10.54,75
sqz_vac_loss_in_eta0p65_pn0p2_Nt5_ns1,sqz_vac,loss_in,0.65,0.2,5,1,50,6.98255,1.14695,false,-6.98255,,,6.98255,75
sqz_vac_loss_in_eta0p65_pn0p2_Nt5_ns2,sqz_vac,loss_in,0.65,0.2,5,2,50,7.01341,1.09636,false,-7.01341,,,7.01341,75
sqz_vac_loss_in_eta0p6_pn0_Nt5_ns1,sqz_vac,loss_in,0.6,0,5,1,50,9.32187,4.99991,false,-9.32187,,,9.36133,75
sqz_vac_loss_in_eta0p6_pn0_Nt5_ns2,sqz_vac,loss_in,0.6,0,5,2,50,9.32213,4.99991,false,-9.32213,,,9.36033,75
sqz_vac_loss_in_eta0p6_pn0p2_Nt5_ns1,sqz_vac,loss_in,0.6,0.2,5,1,50,6.55725,1.08404,false,-6.55725,,,6.55725,75
sqz_vac_loss_in_eta0p6_pn0p2_Nt5_ns2,sqz_vac,loss_in,0.6,0.2,5,2,50,6.57149,1.05253,false,-6.57149,,,6.57149,75
sqz_vac_loss_in_eta0p6_pn0p2_Nt5_ns3,sqz_vac,loss_in,0.6,0.2,5,3,50,6.57153,1.05247,false,-6.57153,,,6.57153,75
sqz_vac_loss_in_eta0p75_pn0_Nt5_ns1,sqz_vac,loss_in,0.75,0,5,1,50,14.0051,4.99992,false,-14.0051,,,14.0817,75
sqz_vac_loss_in_eta0p75_pn0_Nt5_ns2,sqz_vac,loss_in,0.75,0,5,2,50,14.0062,4.99993,false,-14.0062,,,14.0802,75
sqz_vac_loss_in_eta0p75_pn0p2_Nt5_ns1,sqz_vac,loss_in,0.75,0.2,5,1,50,8.12472,1.32941,false,-8.12472,,,8.12472,75
sqz_vac_loss_in_eta0p75_pn0p2_Nt5_ns2,sqz_vac,loss_in,0.75,0.2,5,2,50,8.295,1.21749,false,-8.295,,,8.295,75
sqz_vac_loss_in_eta0p7_pn0_Nt5_ns1,sqz_vac,loss_in,0.7,0,5,1,50,11.996,4.99992,false,-11.996,,,12.0553,75
sqz_vac_loss_in_eta0p7_pn0_Nt5_ns2,sqz_vac,loss_in,0.7,0,5,2,50,12.0103,4.99991,false,-12.0103,,,12.0472,75
sqz_vac_loss_in_eta0p7_pn0p2_Nt5_ns1,sqz_vac,loss_in,0.7,0.2,5,1,50,7.49206,1.22576,false,-7.49206,,,7.49206,75
sqz_vac_loss_in_eta0p7_pn0p2_Nt5_ns2,sqz_vac,loss_in,0.7,0.2,5,2,50,7.56264,1.14978,false,-7.56264,,,7.56264,75
sqz_vac_loss_in_eta0p81_pn0p2_Nt5_ns2,sqz_vac,loss_in,0.81,0.2,5,2,50,10.513,2.23053,false,-10.513,,,10.513,75
sqz_vac_loss_in_eta0p81_pn0p2_Nt5_ns3,sqz_vac,loss_in,0.81,0.2,5,3,50,9.70197,1.36454,false,-9.70197,,,9.70197,75
sqz_vac_loss_in_eta0p82_pn0p2_Nt5_ns1,sqz_vac,loss_in,0.82,0.2,5,1,50,9.37967,1.55819,false,-9.37967,,,9.37966,75
sqz_vac_loss_in_eta0p82_pn0p2_Nt5_ns2,sqz_vac,loss_in,0.82,0.2,5,2,50,10.9102,2.25559,false,-10.9102,,,10.9102,75
sqz_vac_loss_in_eta0p82_pn0p2_Nt5_ns3,sqz_vac,loss_in,0.82,0.2,5,3,50,10.9103,2.25581,false,-10.9103,,,10.9103,75
sqz_vac_loss_in_eta0p83_pn0p2_Nt5_ns2,sqz_vac,loss_in,0.83,0.2,5,2,50,11.3454,2.28052,false,-11.3454,,,11.3454,75
sqz_vac_loss_in_eta0p83_pn0p2_Nt5_ns3,sqz_vac,loss_in,0.83,0.2,5,3,50,11.4381,2.55036,false,-11.4381,,,11.4381,75
sqz_vac_loss_in_eta0p84_pn0p2_Nt5_ns1,sqz_vac,loss_in,0.84,0.2,5,1,50,9.88115,1.65958,false,-9.88115,,,9.88114,75
sqz_vac_loss_in_eta0p84_pn0p2_Nt5_ns2,sqz_vac,loss_in,0.84,0.2,5,2,50,11.8264,2.30596,false,-11.8264,,,11.8264,75
sqz_vac_loss_in_eta0p84_pn0p2_Nt5_ns3,sqz_vac,loss_in,0.84,0.2,5,3,50,11.8293,2.31222,false,-11.8293,,,11.8293,75
sqz_vac_loss_in_eta0p85_pn0_Nt5_ns1,sqz_vac,loss_in,0.85,0,5,1,50,21.0639,4.99994,false,-21.0639,,,21.2136,75
sqz_vac_loss_in_eta0p85_pn0_Nt5_ns2,sqz_vac,loss_in,0.85,0,5,2,50,21.0656,4.99994,false,-21.0656,,,21.2167,75
sqz_vac_loss_in_eta0p85_pn0p2_Nt5_ns1,sqz_vac,loss_in,0.85,0.2,5,1,50,10.1714,1.72104,false,-10.1714,,,10.1714,75
sqz_vac_loss_in_eta0p85_pn0p2_Nt5_ns2,sqz_vac,loss_in,0.85,0.2,5,2,50,12.3635,2.33343,false,-12.3635,,,12.3635,75
sqz_vac_loss_in_eta0p85_pn0p2_Nt5_ns3,sqz_vac,loss_in,0.85,0.2,5,3,50,13.8045,4.38803,false,-13.8045,,,13.8045,75
sqz_vac_loss_in_eta0p86_pn0p2_Nt5_ns1,sqz_vac,loss_in,0.86,0.2,5,1,50,10.4956,1.7921,false,-10.4956,,,10.4956,75
sqz_vac_loss_in_eta0p86_pn0p2_Nt5_ns2,sqz_vac,loss_in,0.86,0.2,5,2,50,12.9159,2.56864,false,-12.9159,,,12.9159,75
sqz_vac_loss_in_eta0p86_pn0p2_Nt5_ns3,sqz_vac,loss_in,0.86,0.2,5,3,50,13.3262,3.88058,false,-13.3262,,,13.3262,75
sqz_vac_loss_in_eta0p87_pn0p2_Nt5_ns2,sqz_vac,loss_in,0.87,0.2,5,2,50,13.656,2.678,false,-13.656,,,13.656,75
sqz_vac_loss_in_eta0p87_pn0p2_Nt5_ns3,sqz_vac,loss_in,0.87,0.2,5,3,50,15.3753,4.76477,false,-15.3753,,,15.3753,75
sqz_vac_loss_in_eta0p88_pn0p2_Nt5_ns1,sqz_vac,loss_in,0.88,0.2,5,1,50,11.2818,1.97482,false,-11.2818,,,11.2818,75
sqz_vac_loss_in_eta0p88_pn0p2_Nt5_ns2,sqz_vac,loss_in,0.88,0.2,5,2,50,14.5065,2.80011,false,-14.5065,,,14.5065,75
sqz_vac_loss_in_eta0p88_pn0p2_Nt5_ns3,sqz_vac,loss_in,0.88,0.2,5,3,50,16.3533,4.9884,false,-16.3533,,,16.3533,75
sqz_vac_loss_in_eta0p89_pn0p2_Nt5_ns2,sqz_vac,loss_in,0.89,0.2,5,2,50,15.4957,2.9381,false,-15.4957,,,15.4957,75
sqz_vac_loss_in_eta0p89_pn0p2_Nt5_ns3,sqz_vac,loss_in,0.89,0.2,5,3,50,17.4474,5,false,-17.4474,,,17.4474,75
sqz_vac_loss_in_eta0p8_pn0_Nt5_ns1,sqz_vac,loss_in,0.8,0,5,1,50,16.8235,4.99993,false,-16.8235,,,16.9271,75
sqz_vac_loss_in_eta0p8_pn0_Nt5_ns2,sqz_vac,loss_in,0.8,0,5,2,50,16.8432,4.99996,false,-16.8432,,,16.9172,75
sqz_vac_loss_in_eta0p8_pn0p2_Nt5_ns1,sqz_vac,loss_in,0.8,0.2,5,1,50,8.95712,1.47735,false,-8.95712,,,8.95711,75
sqz_vac_loss_in_eta0p8_pn0p2_Nt5_ns2,sqz_vac,loss_in,0.8,0.2,5,2,50,10.148,2.20525,false,-10.148,,,10.148,75
sqz_vac_loss_in_eta0p8_pn0p2_Nt5_ns3,sqz_vac,loss_in,0.8,0.2,5,3,50,10.1528,2.2243,false,-10.1528,,,10.1528,75
sqz_vac_loss_in_eta0p91_pn0p2_Nt5_ns2,sqz_vac,loss_in,0.91,0.2,5,2,50,18.0664,3.2621,false,-18.0664,,,18.0664,75
sqz_vac_loss_in_eta0p91_pn0p2_Nt5_ns3,sqz_vac,loss_in,0.91,0.2,5,3,50,20.0951,4.77994,false,-20.0951,,,20.0951,75
sqz_vac_loss_in_eta0p92_pn0p2_Nt5_ns1,sqz_vac,loss_in,0.92,0.2,5,1,50,13.9298,2.68586,false,-13.9298,,,13.9284,75
sqz_vac_loss_in_eta0p92_pn0p2_Nt5_ns2,sqz_vac,loss_in,0.92,0.2,5,2,50,19.7994,3.41227,false,-19.7994,,,19.7994,75
sqz_vac_loss_in_eta0p92_pn0p2_Nt5_ns3,sqz_vac,loss_in,0.92,0.2,5,3,50,22.1508,5,false,-22.1508,,,22.1508,75
sqz_vac_loss_in_eta0p93_pn0p2_Nt5_ns2,sqz_vac,loss_in,0.93,0.2,5,2,50,22.0754,3.48886,false,-22.0754,,,22.0754,75
sqz_vac_loss_in_eta0p93_pn0p2_Nt5_ns3,sqz_vac,loss_in,0.93,0.2,5,3,50,24.4594,5,false,-24.4594,,,24.4594,75
sqz_vac_loss_in_eta0p94_pn0p2_Nt5_ns1,sqz_vac,loss_in,0.94,0.2,5,1,50,16.5942,3.52895,false,-16.5942,,,16.5826,75
sqz_vac_loss_in_eta0p94_pn0p2_Nt5_ns2,sqz_vac,loss_in,0.94,0.2,5,2,50,25.1554,3.96124,false,-25.1554,,,25.1554,75
sqz_vac_loss_in_eta0p94_pn0p2_Nt5_ns3,sqz_vac,loss_in,0.94,0.2,5,3,50,27.3504,5,false,-27.3504,,,27.3504,75
sqz_vac_loss_in_eta0p95_pn0_Nt5_ns1,sqz_vac,loss_in,0.95,0,5,1,50,42.4474,4.99998,false,-42.4474,,,43.0454,113
sqz_vac_loss_in_eta0p95_pn0_Nt5_ns2,sqz_vac,loss_in,0.95,0,5,2,50,42.6405,4.99998,false,-42.6405,,,42.7295,75
sqz_vac_loss_in_eta0p95_pn0p1_Nt5_ns1,sqz_vac,loss_in,0.95,0.1,5,1,50,26.1988,4.9982,false,-26.1988,,,8.41106,500
sqz_vac_loss_in_eta0p95_pn0p1_Nt5_ns2,sqz_vac,loss_in,0.95,0.1,5,2,50,31.6996,4.99998,false,-31.6996,,,31.6996,75
sqz_vac_loss_in_eta0p95_pn0p1_Nt5_ns3,sqz_vac,loss_in,0.95,0.1,5,3,50,32.3831,5,false,-32.3831,,,32.3831,75
sqz_vac_loss_in_eta0p95_pn0p1_Nt5_ns4,sqz_vac,loss_in,0.95,0.1,5,4,50,32.4397,5.00001,false,-32.4397,,,32.4397,75
sqz_vac_loss_in_eta0p95_pn0p1_Nt5_ns6,sqz_vac,loss_in,0.95,0.1,5,6,50,32.4463,5.00001,false,-32.4462,,,32.4458,75
sqz_vac_loss_in_eta0p95_pn0p1_Nt5_ns7,sqz_vac,loss_in,0.95,0.1,5,7,50,32.2229,5.00001,false,-32.2229,,,31.8761,113
sqz_vac_loss_in_eta0p95_pn0p1_Nt5_ns9,sqz_vac,loss_in,0.95,0.1,5,9,50,32.4257,5.00001,false,-32.4257,,,32.4256,75
sqz_vac_loss_in_eta0p95_pn0p2_Nt5_ns1,sqz_vac,loss_in,0.95,0.2,5,1,50,18.7999,4.36605,false,-18.7999,,,18.7491,75
sqz_vac_loss_in_eta0p95_pn0p2_Nt5_ns2,sqz_vac,loss_in,0.95,0.2,5,2,50,29.4341,4.65758,false,-29.4341,,,29.434,75
sqz_vac_loss_in_eta0p95_pn0p2_Nt5_ns3,sqz_vac,loss_in,0.95,0.2,5,3,50,31.1344,5,false,-31.1344,,,31.1344,75
sqz_vac_loss_in_eta0p95_pn0p2_Nt5_ns5,sqz_vac,loss_in,0.95,0.2,5,5,50,31.1542,5.00001,false,-31.1542,,,31.1542,75
sqz_vac_loss_in_eta0p95_pn0p2_Nt5_ns6,sqz_vac,loss_in,0.95,0.2,5,6,50,31.1612,5,false,-31.1612,,,31.1612,75
sqz_vac_loss_in_eta0p95_pn0p2_Nt5_ns8,sqz_vac,loss_in,0.95,0.2,5,8,50,30.7206,5.00001,false,-30.7206,,,30.1996,170
sqz_vac_loss_in_eta0p96_pn0p2_Nt5_ns1,sqz_vac,loss_in,0.96,0.2,5,1,50,25.4339,4.99821,false,-25.4339,,,7.94113,500
sqz_vac_loss_in_eta0p96_pn0p2_Nt5_ns2,sqz_vac,loss_in,0.96,0.2,5,2,50,35.4803,5.00001,false,-35.4803,,,35.4803,75
sqz_vac_loss_in_eta0p96_pn0p2_Nt5_ns3,sqz_vac,loss_in,0.96,0.2,5,3,50,36.2969,5.00001,false,-36.2969,,,36.2969,75
sqz_vac_loss_in_eta0p97_pn0p2_Nt5_ns2,sqz_vac,loss_in,0.97,0.2,5,2,50,43.1717,5.00001,false,-43.1717,,,43.1717,75
sqz_vac_loss_in_eta0p97_pn0p2_Nt5_ns3,sqz_vac,loss_in,0.97,0.2,5,3,50,43.8786,5.00001,false,-43.8786,,,43.8786,75
sqz_vac_loss_in_eta0p98_pn0p2_Nt5_ns1,sqz_vac,loss_in,0.98,0.2,5,1,50,36.3078,4.99997,false,-36.3078,,,35.7857,113
sqz_vac_loss_in_eta0p98_pn0p2_Nt5_ns2,sqz_vac,loss_in,0.98,0.2,5,2,50,52.905,5.00003,false,-52.9049,,,52.905,75
sqz_vac_loss_in_eta0p98_pn0p2_Nt5_ns3,sqz_vac,loss_in,0.98,0.2,5,3,50,53.604,5.00003,false,-53.6039,,,53.604,75
sqz_vac_loss_in_eta0p99_pn0_Nt5_ns1,sqz_vac,loss_in,0.99,0,5,1,50,71.4181,5.00004,false,-71.418,,,73.0828,113
sqz_vac_loss_in_eta0p99_pn0_Nt5_ns2,sqz_vac,loss_in,0.99,0,5,2,50,72.3594,5.00005,false,-72.3591,,,72.6181,75
sqz_vac_loss_in_eta0p99_pn0p05_Nt5_ns1,sqz_vac,loss_in,0.99,0.05,5,1,50,57.8056,5.00001,false,-57.8056,,,57.4924,75
sqz_vac_loss_in_eta0p99_pn0p05_Nt5_ns2,sqz_vac,loss_in,0.99,0.05,5,2,50,69.1421,5.00005,false,-69.1418,,,69.1421,75
sqz_vac_loss_in_eta0p99_pn0p1_Nt5_ns1,sqz_vac,loss_in,0.99,0.1,5,1,50,54.3345,5.00001,false,-54.3345,,,53.9017,75
sqz_vac_loss_in_eta0p99_pn0p1_Nt5_ns2,sqz_vac,loss_in,0.99,0.1,5,2,50,67.8072,5.00005,false,-67.807,,,67.8072,75
sqz_vac_loss_in_eta0p99_pn0p15_Nt5_ns1,sqz_vac,loss_in,0.99,0.15,5,1,50,52.965,5.00001,false,-52.965,,,52.5074,75
sqz_vac_loss_in_eta0p99_pn0p15_Nt5_ns2,sqz_vac,loss_in,0.99,0.15,5,2,50,66.6771,5.00005,false,-66.6768,,,66.6771,75
sqz_vac_loss_in_eta0p99_pn0p2_Nt5_ns1,sqz_vac,loss_in,0.99,0.2,5,1,50,51.8335,5.00001,false,-51.8334,,,51.3613,75
sqz_vac_loss_in_eta0p99_pn0p2_Nt5_ns2,sqz_vac,loss_in,0.99,0.2,5,2,50,65.4424,5.00005,false,-65.4422,,,65.4424,75
sqz_vac_loss_in_eta0p99_pn0p2_Nt5_ns3,sqz_vac,loss_in,0.99,0.2,5,3,50,65.6294,5.00005,false,-65.6292,,,65.6293,75
sqz_vac_loss_in_eta0p99_pn0p25_Nt5_ns1,sqz_vac,loss_in,0.99,0.25,5,1,50,50.6429,5.00001,false,-50.6429,,,50.1581,75
sqz_vac_loss_in_eta0p99_pn0p25_Nt5_ns2,sqz_vac,loss_in,0.99,0.25,5,2,50,51.762,5.00002,false,-51.762,,,51.6713,75
sqz_vac_loss_in_eta0p99_pn0p3_Nt5_ns1,sqz_vac,loss_in,0.99,0.3,5,1,50,49.3354,5,false,-49.3354,,,48.787,113
sqz_vac_loss_in_eta0p99_pn0p3_Nt5_ns2,sqz_vac,loss_in,0.99,0.3,5,2,50,60.3157,5.00003,false,-60.3156,,,60.3112,75
sqz_vac_loss_in_eta0p99_pn0p35_Nt5_ns1,sqz_vac,loss_in,0.99,0.35,5,1,50,47.913,5,false,-47.913,,,47.3555,113
sqz_vac_loss_in_eta0p99_pn0p35_Nt5_ns2,sqz_vac,loss_in,0.99,0.35,5,2,50,48.9812,5.00002,false,-48.9812,,,48.8578,75
sqz_vac_loss_in_eta0p99_pn0p4_Nt5_ns1,sqz_vac,loss_in,0.99,0.4,5,1,50,46.3984,5,false,-46.3984,,,45.8338,113
sqz_vac_loss_in_eta0p99_pn0p4_Nt5_ns2,sqz_vac,loss_in,0.99,0.4,5,2,50,58.8485,5.00004,false,-58.8484,,,58.8485,75
sqz_vac_loss_in_eta0p99_pn0p45_Nt5_ns1,sqz_vac,loss_in,0.99,0.45,5,1,50,44.8224,5,false,-44.8224,,,44.2518,113
sqz_vac_loss_in_eta0p99_pn0p45_Nt5_ns2,sqz_vac,loss_in,0.99,0.45,5,2,50,56.9126,5.00004,false,-56.9124,,,56.9126,75
sqz_vac_loss_in_eta0p99_pn0p5_Nt5_ns1,sqz_vac,loss_in,0.99,0.5,5,1,50,43.2179,5,false,-43.2179,,,42.6417,113
sqz_vac_loss_in_eta0p9_pn0_Nt0p5_ns1,sqz_vac,loss_in,0.9,0,0.5,1,120,11.7254,0.500048,false,-11.7251,,,11.7254,180
sqz_vac_loss_in_eta0p9_pn0_Nt0p5_ns2,sqz_vac,loss_in,0.9,0,0.5,2,120,11.7253,0.500048,false,-11.7251,,,11.7253,180
sqz_vac_loss_in_eta0p9_pn0_Nt0p5_ns3,sqz_vac,loss_in,0.9,0,0.5,3,120,12.1411,0.500058,false,-12.1408,,,11.7247,180
sqz_vac_loss_in_eta0p9_pn0_Nt0p5_ns6,sqz_vac,loss_in,0.9,0,0.5,6,120,11.8006,0.50003,false,-11.8005,,,11.7135,180
sqz_vac_loss_in_eta0p9_pn0_Nt0p9_ns1,sqz_vac,loss_in,0.9,0,0.9,1,120,15.0269,0.900036,false,-15.0267,,,15.0269,180
sqz_vac_loss_in_eta0p9_pn0_Nt0p9_ns2,sqz_vac,loss_in,0.9,0,0.9,2,120,15.0267,0.900036,false,-15.0266,,,15.0267,180
sqz_vac_loss_in_eta0p9_pn0_Nt0p9_ns3,sqz_vac,loss_in,0.9,0,0.9,3,120,15.0256,0.900035,false,-15.0255,,,15.0256,180
sqz_vac_loss_in_eta0p9_pn0_Nt0p9_ns6,sqz_vac,loss_in,0.9,0,0.9,6,120,15.0261,0.900036,false,-15.0259,,,15.0261,180
sqz_vac_loss_in_eta0p9_pn0_Nt1p5_ns1,sqz_vac,loss_in,0.9,0,1.5,1,120,18.6642,1.50003,false,-18.6642,,,18.6642,180
sqz_vac_loss_in_eta0p9_pn0_Nt1p5_ns2,sqz_vac,loss_in,0.9,0,1.5,2,120,18.6639,1.50003,false,-18.6639,,,18.6639,180
sqz_vac_loss_in_eta0p9_pn0_Nt1p5_ns3,sqz_vac,loss_in,0.9,0,1.5,3,120,18.6641,1.50003,false,-18.6641,,,18.6641,180
sqz_vac_loss_in_eta0p9_pn0_Nt2p7_ns1,sqz_vac,loss_in,0.9,0,2.7,1,120,23.4265,2.70001,false,-23.4265,,,23.4265,180
sqz_vac_loss_in_eta0p9_pn0_Nt2p7_ns2,sqz_vac,loss_in,0.9,0,2.7,2,120,23.4265,2.70001,false,-23.4265,,,23.4265,180
sqz_vac_loss_in_eta0p9_pn0_Nt2p7_ns3,sqz_vac,loss_in,0.9,0,2.7,3,120,23.4234,2.70001,false,-23.4234,,,23.4234,180
sqz_vac_loss_in_eta0p9_pn0_Nt4p8_ns1,sqz_vac,loss_in,0.9,0,4.8,1,120,28.0604,4.79996,false,-28.0604,,,28.0608,180
sqz_vac_loss_in_eta0p9_pn0_Nt4p8_ns2,sqz_vac,loss_in,0.9,0,4.8,2,120,28.0603,4.79995,false,-28.0603,,,28.0607,180
sqz_vac_loss_in_eta0p9_pn0_Nt4p8_ns3,sqz_vac,loss_in,0.9,0,4.8,3,120,28.0605,4.80004,false,-28.0603,,,28.0609,180
sqz_vac_loss_in_eta0p9_pn0_Nt5_ns1,sqz_vac,loss_in,0.9,0,5,1,50,28.1593,4.99995,false,-28.1593,,,28.4075,75
sqz_vac_loss_in_eta0p9_pn0_Nt5_ns2,sqz_vac,loss_in,0.9,0,5,2,50,28.2,4.99994,false,-28.2,,,28.351,75
sqz_vac_loss_in_eta0p9_pn0_Nt5_ns3,sqz_vac,loss_in,0.9,0,5,3,50,28.1852,4.99998,false,-28.1852,,,28.36,75
sqz_vac_loss_in_eta0p9_pn0_Nt5_ns4,sqz_vac,loss_in,0.9,0,5,4,50,28.1962,4.99995,false,-28.1962,,,28.4477,75
sqz_vac_loss_in_eta0p9_pn0_Nt8p4_ns1,sqz_vac,loss_in,0.9,0,8.4,1,120,31.8975,8.39986,false,-31.8975,,,31.927,180
sqz_vac_loss_in_eta0p9_pn0_Nt8p4_ns2,sqz_vac,loss_in,0.9,0,8.4,2,120,31.8976,8.39986,false,-31.8976,,,31.9269,180
sqz_vac_loss_in_eta0p9_pn0_Nt8p4_ns3,sqz_vac,loss_in,0.9,0,8.4,3,120,31.8878,8.39995,false,-31.8878,,,31.9128,180
sqz_vac_loss_in_eta0p9_pn0_Nt14p7_ns1,sqz_vac,loss_in,0.9,0,14.7,1,120,34.4736,14.6997,false,-34.4736,,,34.8755,270
sqz_vac_loss_in_eta0p9_pn0_Nt14p7_ns2,sqz_vac,loss_in,0.9,0,14.7,2,120,34.3391,14.6997,false,-34.3391,,,34.5834,180
sqz_vac_loss_in_eta0p9_pn0_Nt14p7_ns3,sqz_vac,loss_in,0.9,0,14.7,3,120,34.534,14.7,false,-34.5339,,,34.8223,180
sqz_vac_loss_in_eta0p9_pn0_Nt25p9_ns1,sqz_vac,loss_in,0.9,0,25.9,1,120,34.9679,20.064,false,-34.9679,,,36.177,270
sqz_vac_loss_in_eta0p9_pn0_Nt25p9_ns2,sqz_vac,loss_in,0.9,0,25.9,2,120,35.0958,21.5235,false,-35.0958,,,36.2239,270
sqz_vac_loss_in_eta0p9_pn0_Nt25p9_ns3,sqz_vac,loss_in,0.9,0,25.9,3,120,35.1748,23.6433,false,-35.1748,,,36.311,270
sqz_vac_loss_in_eta0p9_pn0_Nt45p5_ns1,sqz_vac,loss_in,0.9,0,45.5,1,120,34.9679,20.064,false,-34.9679,,,36.177,270
sqz_vac_loss_in_eta0p9_pn0_Nt45p5_ns2,sqz_vac,loss_in,0.9,0,45.5,2,120,35.1144,21.4901,false,-35.1144,,,35.9541,270
sqz_vac_loss_in_eta0p9_pn0_Nt45p5_ns3,sqz_vac,loss_in,0.9,0,45.5,3,120,34.7533,22.8318,false,-34.7533,,,36.1299,405
sqz_vac_loss_in_eta0p9_pn0_Nt80_ns1,sqz_vac,loss_in,0.9,0,80,1,120,34.9679,20.064,false,-34.9679,,,36.177,270
sqz_vac_loss_in_eta0p9_pn0_Nt80_ns2,sqz_vac,loss_in,0.9,0,80,2,120,35.1144,21.4901,false,-35.1144,,,35.9541,270
sqz_vac_loss_in_eta0p9_pn0_Nt80_ns3,sqz_vac,loss_in,0.9,0,80,3,120,35.1436,24.6692,false,-35.1436,,,36.3296,405
sqz_vac_loss_in_eta0p9_pn0p05_Nt5_ns1,sqz_vac,loss_in,0.9,0.05,5,1,50,22.5682,4.99993,false,-22.5682,,,22.5851,75
sqz_vac_loss_in_eta0p9_pn0p05_Nt5_ns2,sqz_vac,loss_in,0.9,0.05,5,2,50,23.0455,4.99995,false,-23.0455,,,23.0486,75
sqz_vac_loss_in_eta0p9_pn0p05_Nt5_ns3,sqz_vac,loss_in,0.9,0.05,5,3,50,23.0059,4.99999,false,-23.0059,,,23.0089,75
sqz_vac_loss_in_eta0p9_pn0p05_Nt5_ns4,sqz_vac,loss_in,0.9,0.05,5,4,50,23.0406,4.99999,false,-23.0406,,,23.0438,75
sqz_vac_loss_in_eta0p9_pn0p1_Nt1_ns2,sqz_vac,loss_in,0.9,0.1,1,2,10,13.8016,1.00002,false,-13.8016,,,12.8941,60
sqz_vac_loss_in_eta0p9_pn0p1_Nt5_ns1,sqz_vac,loss_in,0.9,0.1,5,1,50,16.9221,3.7468,false,-16.9221,,,16.9161,75
sqz_vac_loss_in_eta0p9_pn0p1_Nt5_ns2,sqz_vac,loss_in,0.9,0.1,5,2,50,18.8535,3.781,false,-18.8535,,,18.8534,75
sqz_vac_loss_in_eta0p9_pn0p1_Nt5_ns3,sqz_vac,loss_in,0.9,0.1,5,3,50,20.1428,4.99999,false,-20.1428,,,20.1427,75
sqz_vac_loss_in_eta0p9_pn0p1_Nt5_ns4,sqz_vac,loss_in,0.9,0.1,5,4,50,20.2701,4.99998,false,-20.2701,,,20.2701,75
sqz_vac_loss_in_eta0p9_pn0p1_Nt5_ns5,sqz_vac,loss_in,0.9,0.1,5,5,50,20.3556,5,false,-20.3556,,,20.3555,75
sqz_vac_loss_in_eta0p9_pn0p1_Nt5_ns7,sqz_vac,loss_in,0.9,0.1,5,7,50,20.3377,5,false,-20.3377,,,20.3377,75
sqz_vac_loss_in_eta0p9_pn0p1_Nt5_ns10,sqz_vac,loss_in,0.9,0.1,5,10,50,20.0368,5,false,-20.0368,,,19.8861,75
sqz_vac_loss_in_eta0p9_pn0p1_Nt10_ns2,sqz_vac,loss_in,0.9,0.1,10,2,20,21.9925,9.52354,false,-21.9925,,,10.6231,203
sqz_vac_loss_in_eta0p9_pn0p15_Nt5_ns1,sqz_vac,loss_in,0.9,0.15,5,1,50,14.0207,2.72969,false,-14.0207,,,14.0195,75
sqz_vac_loss_in_eta0p9_pn0p15_Nt5_ns2,sqz_vac,loss_in,0.9,0.15,5,2,50,17.3734,3.43552,false,-17.3734,,,17.3733,75
sqz_vac_loss_in_eta0p9_pn0p15_Nt5_ns3,sqz_vac,loss_in,0.9,0.15,5,3,50,19.2334,5,false,-19.2334,,,19.2334,75
sqz_vac_loss_in_eta0p9_pn0p15_Nt5_ns4,sqz_vac,loss_in,0.9,0.15,5,4,50,19.2797,5,false,-19.2797,,,19.2795,75
sqz_vac_loss_in_eta0p9_pn0p2_Nt0p5_ns1,sqz_vac,loss_in,0.9,0.2,0.5,1,120,9.76975,0.500026,false,-9.76969,,,9.76975,180
sqz_vac_loss_in_eta0p9_pn0p2_Nt0p5_ns2,sqz_vac,loss_in,0.9,0.2,0.5,2,120,10.3463,0.500033,false,-10.3461,,,10.3463,180
sqz_vac_loss_in_eta0p9_pn0p2_Nt0p5_ns3,sqz_vac,loss_in,0.9,0.2,0.5,3,120,10.3834,0.500036,false,-10.3833,,,10.3834,180
sqz_vac_loss_in_eta0p9_pn0p2_Nt0p5_ns6,sqz_vac,loss_in,0.9,0.2,0.5,6,120,10.3818,0.500036,false,-10.3816,,,10.3818,180
sqz_vac_loss_in_eta0p9_pn0p2_Nt0p9_ns1,sqz_vac,loss_in,0.9,0.2,0.9,1,120,11.2135,0.900012,false,-11.2135,,,11.2135,180
sqz_vac_loss_in_eta0p9_pn0p2_Nt0p9_ns2,sqz_vac,loss_in,0.9,0.2,0.9,2,120,12.7073,0.900024,false,-12.7072,,,12.7073,180
sqz_vac_loss_in_eta0p9_pn0p2_Nt0p9_ns3,sqz_vac,loss_in,0.9,0.2,0.9,3,120,12.7144,0.900025,false,-12.7143,,,12.7144,180
sqz_vac_loss_in_eta0p9_pn0p2_Nt1_ns1,sqz_vac,loss_in,0.9,0.2,1,1,50,11.4389,1.00001,false,-11.4389,,,11.4389,75
sqz_vac_loss_in_eta0p9_pn0p2_Nt1p5_ns1,sqz_vac,loss_in,0.9,0.2,1.5,1,50,12.1077,1.5,false,-12.1077,,,12.1077,75
sqz_vac_loss_in_eta0p9_pn0p2_Nt1p5_ns2,sqz_vac,loss_in,0.9,0.2,1.5,2,120,14.8362,1.50001,false,-14.8362,,,14.8362,180
sqz_vac_loss_in_eta0p9_pn0p2_Nt1p5_ns3,sqz_vac,loss_in,0.9,0.2,1.5,3,50,14.8428,1.50001,false,-14.8428,,,14.8428,75
sqz_vac_loss_in_eta0p9_pn0p2_Nt2p7_ns1,sqz_vac,loss_in,0.9,0.2,2.7,1,120,12.3494,2.24352,false,-12.3494,,,12.3494,180
sqz_vac_loss_in_eta0p9_pn0p2_Nt2p7_ns2,sqz_vac,loss_in,0.9,0.2,2.7,2,120,16.5725,2.7,false,-16.5725,,,16.5725,180
sqz_vac_loss_in_eta0p9_pn0p2_Nt2p7_ns3,sqz_vac,loss_in,0.9,0.2,2.7,3,50,16.5809,2.7,false,-16.5809,,,16.5809,75
sqz_vac_loss_in_eta0p9_pn0p2_Nt4p8_ns1,sqz_vac,loss_in,0.9,0.2,4.8,1,120,12.3494,2.24352,false,-12.3494,,,12.3494,180
sqz_vac_loss_in_eta0p9_pn0p2_Nt4p8_ns2,sqz_vac,loss_in,0.9,0.2,4.8,2,120,16.663,3.09356,false,-16.663,,,16.663,180
sqz_vac_loss_in_eta0p9_pn0p2_Nt4p8_ns3,sqz_vac,loss_in,0.9,0.2,4.8,3,50,18.7239,4.8,false,-18.7239,,,18.7239,75
sqz_vac_loss_in_eta0p9_pn0p2_Nt5_ns1,sqz_vac,loss_in,0.9,0.2,5,1,50,12.3497,2.24508,false,-12.3497,,,12.3494,75
sqz_vac_loss_in_eta0p9_pn0p2_Nt5_ns2,sqz_vac,loss_in,0.9,0.2,5,2,50,16.6631,3.09356,false,-16.6631,,,16.663,75
sqz_vac_loss_in_eta0p9_pn0p2_Nt5_ns3,sqz_vac,loss_in,0.9,0.2,5,3,50,18.7765,5,false,-18.7765,,,18.7764,75
sqz_vac_loss_in_eta0p9_pn0p2_Nt5_ns4,sqz_vac,loss_in,0.9,0.2,5,4,60,18.81,5,false,-18.81,,,18.8098,90
sqz_vac_loss_in_eta0p9_pn0p2_Nt5_ns5,sqz_vac,loss_in,0.9,0.2,5,5,50,18.7745,4.99999,false,-18.7745,,,18.7745,75
sqz_vac_loss_in_eta0p9_pn0p2_Nt5_ns6,sqz_vac,loss_in,0.9,0.2,5,6,50,18.4468,5,false,-18.4468,,,18.447,75
sqz_vac_loss_in_eta0p9_pn0p2_Nt5_ns7,sqz_vac,loss_in,0.9,0.2,5,7,60,18.9677,5,false,-18.9677,,,18.9676,90
sqz_vac_loss_in_eta0p9_pn0p2_Nt5_ns8,sqz_vac,loss_in,0.9,0.2,5,8,50,18.7207,5,false,-18.7207,,,18.7202,75
sqz_vac_loss_in_eta0p9_pn0p2_Nt5_ns9,sqz_vac,loss_in,0.9,0.2,5,9,50,18.9331,5.00001,false,-18.9331,,,18.9315,75
sqz_vac_loss_in_eta0p9_pn0p2_Nt5_ns10,sqz_vac,loss_in,0.9,0.2,5,10,50,18.8692,5,false,-18.8692,,,18.868,75
sqz_vac_loss_in_eta0p9_pn0p2_Nt8p4_ns1,sqz_vac,loss_in,0.9,0.2,8.4,1,120,12.3494,2.24352,false,-12.3494,,,12.3494,180
sqz_vac_loss_in_eta0p9_pn0p2_Nt8p4_ns2,sqz_vac,loss_in,0.9,0.2,8.4,2,120,16.663,3.09356,false,-16.663,,,16.663,180
sqz_vac_loss_in_eta0p9_pn0p2_Nt8p4_ns3,sqz_vac,loss_in,0.9,0.2,8.4,3,80,18.8208,5.60257,false,-18.8208,,,18.8208,120
sqz_vac_loss_in_eta0p9_pn0p2_Nt10_ns1,sqz_vac,loss_in,0.9,0.2,10,1,50,12.3497,2.24508,false,-12.3497,,,12.3494,75
sqz_vac_loss_in_eta0p9_pn0p2_Nt10_ns2,sqz_vac,loss_in,0.9,0.2,10,2,100,16.663,3.09356,false,-16.663,,,16.663,150
sqz_vac_loss_in_eta0p9_pn0p2_Nt10_ns3,sqz_vac,loss_in,0.9,0.2,10,3,100,18.8208,5.60257,false,-18.8208,,,18.8208,150
sqz_vac_loss_in_eta0p9_pn0p2_Nt14p7_ns1,sqz_vac,loss_in,0.9,0.2,14.7,1,120,12.3494,2.24352,false,-12.3494,,,12.3494,180
sqz_vac_loss_in_eta0p9_pn0p2_Nt14p7_ns2,sqz_vac,loss_in,0.9,0.2,14.7,2,120,16.663,3.09356,false,-16.663,,,16.663,180
sqz_vac_loss_in_eta0p9_pn0p2_Nt14p7_ns3,sqz_vac,loss_in,0.9,0.2,14.7,3,120,18.8208,5.60254,false,-18.8208,,,18.8208,180
sqz_vac_loss_in_eta0p9_pn0p2_Nt25p9_ns1,sqz_vac,loss_in,0.9,0.2,25.9,1,120,12.3494,2.24352,false,-12.3494,,,12.3494,180
sqz_vac_loss_in_eta0p9_pn0p2_Nt25p9_ns2,sqz_vac,loss_in,0.9,0.2,25.9,2,120,16.579,2.67525,false,-16.579,,,16.579,180
sqz_vac_loss_in_eta0p9_pn0p2_Nt45p5_ns1,sqz_vac,loss_in,0.9,0.2,45.5,1,120,12.3494,2.24352,false,-12.3494,,,12.3494,180
sqz_vac_loss_in_eta0p9_pn0p2_Nt45p5_ns2,sqz_vac,loss_in,0.9,0.2,45.5,2,120,16.663,3.09356,false,-16.663,,,16.663,180
sqz_vac_loss_in_eta0p9_pn0p2_Nt80_ns1,sqz_vac,loss_in,0.9,0.2,80,1,120,12.3494,2.24352,false,-12.3494,,,12.3494,180
sqz_vac_loss_in_eta0p9_pn0p2_Nt80_ns2,sqz_vac,loss_in,0.9,0.2,80,2,120,16.663,3.09356,false,-16.663,,,16.663,180
sqz_vac_loss_in_eta0p9_pn0p25_Nt5_ns1,sqz_vac,loss_in,0.9,0.25,5,1,50,11.2606,1.97415,false,-11.2606,,,11.2605,75
sqz_vac_loss_in_eta0p9_pn0p25_Nt5_ns2,sqz_vac,loss_in,0.9,0.25,5,2,50,16.1719,2.56166,false,-16.1719,,,16.1719,75
sqz_vac_loss_in_eta0p9_pn0p25_Nt5_ns3,sqz_vac,loss_in,0.9,0.25,5,3,50,18.2861,4.08461,false,-18.2861,,,18.2861,75
sqz_vac_loss_in_eta0p9_pn0p25_Nt5_ns4,sqz_vac,loss_in,0.9,0.25,5,4,50,18.6355,5,false,-18.6355,,,18.6354,75
sqz_vac_loss_in_eta0p9_pn0p3_Nt5_ns1,sqz_vac,loss_in,0.9,0.3,5,1,50,10.4724,1.80624,false,-10.4724,,,10.4724,75
sqz_vac_loss_in_eta0p9_pn0p3_Nt5_ns2,sqz_vac,loss_in,0.9,0.3,5,2,50,15.848,2.49765,false,-15.848,,,15.848,75
sqz_vac_loss_in_eta0p9_pn0p3_Nt5_ns3,sqz_vac,loss_in,0.9,0.3,5,3,50,18.3544,5,false,-18.3544,,,18.3543,75
sqz_vac_loss_in_eta0p9_pn0p3_Nt5_ns4,sqz_vac,loss_in,0.9,0.3,5,4,50,18.1709,4.05999,false,-18.1709,,,18.1709,75
sqz_vac_loss_in_eta0p9_pn0p35_Nt5_ns1,sqz_vac,loss_in,0.9,0.35,5,1,50,9.85112,1.69383,false,-9.85112,,,9.8511,75
sqz_vac_loss_in_eta0p9_pn0p35_Nt5_ns2,sqz_vac,loss_in,0.9,0.35,5,2,50,15.5511,2.43845,false,-15.5511,,,15.5511,75
sqz_vac_loss_in_eta0p9_pn0p35_Nt5_ns3,sqz_vac,loss_in,0.9,0.35,5,3,50,17.9912,4.48048,false,-17.9912,,,17.9912,75
sqz_vac_loss_in_eta0p9_pn0p35_Nt5_ns4,sqz_vac,loss_in,0.9,0.35,5,4,50,17.194,5,false,-17.194,,,17.194,75
sqz_vac_loss_in_eta0p9_pn0p4_Nt5_ns1,sqz_vac,loss_in,0.9,0.4,5,1,50,9.32868,1.61359,false,-9.32868,,,9.32867,75
sqz_vac_loss_in_eta0p9_pn0p4_Nt5_ns2,sqz_vac,loss_in,0.9,0.4,5,2,50,15.2694,2.38017,false,-15.2694,,,15.2694,75
sqz_vac_loss_in_eta0p9_pn0p4_Nt5_ns3,sqz_vac,loss_in,0.9,0.4,5,3,50,18.0225,4.03413,false,-18.0225,,,18.0225,75
sqz_vac_loss_in_eta0p9_pn0p4_Nt5_ns4,sqz_vac,loss_in,0.9,0.4,5,4,50,16.4342,5.00001,false,-16.4342,,,16.4333,75
sqz_vac_loss_in_eta0p9_pn0p45_Nt5_ns1,sqz_vac,loss_in,0.9,0.45,5,1,50,8.86938,1.55302,false,-8.86938,,,8.86938,75
sqz_vac_loss_in_eta0p9_pn0p45_Nt5_ns2,sqz_vac,loss_in,0.9,0.45,5,2,50,15.0032,2.32596,false,-15.0032,,,15.0032,75
sqz_vac_loss_in_eta0p9_pn0p45_Nt5_ns3,sqz_vac,loss_in,0.9,0.45,5,3,50,18.2168,5,false,-18.2168,,,18.2168,75
sqz_vac_loss_in_eta0p9_pn0p45_Nt5_ns4,sqz_vac,loss_in,0.9,0.45,5,4,50,15.4598,4.37518,false,-15.4598,,,15.4564,75
sqz_vac_loss_in_eta0p9_pn0p5_Nt5_ns1,sqz_vac,loss_in,0.9,0.5,5,1,50,8.45431,1.50495,false,-8.45431,,,8.45431,75
sqz_vac_loss_in_eta0p9_pn0p5_Nt5_ns2,sqz_vac,loss_in,0.9,0.5,5,2,50,14.6576,3.6807,false,-14.6576,,,5.52496,500
sqz_vac_loss_in_eta0p9_pn0p5_Nt5_ns3,sqz_vac,loss_in,0.9,0.5,5,3,50,18.1995,5,false,-18.1995,,,18.1994,75
sqz_vac_loss_in_eta0p9_pn0p5_Nt5_ns4,sqz_vac,loss_in,0.9,0.5,5,4,50,16.283,5,false,-16.283,,,16.2829,75
sqz_vac_loss_in_eta1_pn0_Nt0p5_ns1,sqz_vac,loss_in,1,0,0.5,1,120,14.9297,0.500086,false,-14.9289,,,14.9297,180
sqz_vac_loss_in_eta1_pn0_Nt0p5_ns2,sqz_vac,loss_in,1,0,0.5,2,120,14.9289,0.500086,false,-14.9282,,,14.9289,180
sqz_vac_loss_in_eta1_pn0_Nt0p5_ns3,sqz_vac,loss_in,1,0,0.5,3,120,14.9287,0.500087,false,-14.928,,,14.9287,180
sqz_vac_loss_in_eta1_pn0_Nt0p9_ns1,sqz_vac,loss_in,1,0,0.9,1,120,21.6627,0.900083,false,-21.662,,,21.6627,180
sqz_vac_loss_in_eta1_pn0_Nt0p9_ns2,sqz_vac,loss_in,1,0,0.9,2,120,21.6626,0.900083,false,-21.6619,,,21.6626,180
sqz_vac_loss_in_eta1_pn0_Nt0p9_ns3,sqz_vac,loss_in,1,0,0.9,3,120,21.6623,0.900083,false,-21.6616,,,21.6623,180
sqz_vac_loss_in_eta1_pn0_Nt1p5_ns1,sqz_vac,loss_in,1,0,1.5,1,120,31.4933,1.50008,false,-31.4926,,,31.4933,180
sqz_vac_loss_in_eta1_pn0_Nt1p5_ns2,sqz_vac,loss_in,1,0,1.5,2,120,31.4778,1.50008,false,-31.4771,,,31.4778,180
sqz_vac_loss_in_eta1_pn0_Nt1p5_ns3,sqz_vac,loss_in,1,0,1.5,3,120,31.4912,1.50008,false,-31.4905,,,31.4912,180
sqz_vac_loss_in_eta1_pn0_Nt2p7_ns1,sqz_vac,loss_in,1,0,2.7,1,120,50.8869,2.70008,false,-50.8862,,,50.8869,180
sqz_vac_loss_in_eta1_pn0_Nt2p7_ns2,sqz_vac,loss_in,1,0,2.7,2,120,50.8612,2.70008,false,-50.8605,,,50.8655,180
sqz_vac_loss_in_eta1_pn0_Nt2p7_ns3,sqz_vac,loss_in,1,0,2.7,3,120,50.8813,2.70008,false,-50.8806,,,50.8814,180
sqz_vac_loss_in_eta1_pn0_Nt4p8_ns1,sqz_vac,loss_in,1,0,4.8,1,120,84.6089,4.80008,false,-84.6083,,,84.6127,180
sqz_vac_loss_in_eta1_pn0_Nt4p8_ns2,sqz_vac,loss_in,1,0,4.8,2,120,84.6051,4.80008,false,-84.6045,,,84.6117,180
sqz_vac_loss_in_eta1_pn0_Nt4p8_ns3,sqz_vac,loss_in,1,0,4.8,3,120,84.6068,4.80008,false,-84.6062,,,84.6088,180
sqz_vac_loss_in_eta1_pn0_Nt5_ns1,sqz_vac,loss_in,1,0,5,1,50,86.0852,5.00007,false,-86.0847,,,88.5259,113
sqz_vac_loss_in_eta1_pn0_Nt5_ns2,sqz_vac,loss_in,1,0,5,2,50,87.6969,5.00008,false,-87.6963,,,87.7398,75
sqz_vac_loss_in_eta1_pn0_Nt8p4_ns1,sqz_vac,loss_in,1,0,8.4,1,120,141.888,8.40005,false,-141.888,,,142.38,180
sqz_vac_loss_in_eta1_pn0_Nt8p4_ns2,sqz_vac,loss_in,1,0,8.4,2,120,142.06,8.39993,false,-142.06,,,142.424,180
sqz_vac_loss_in_eta1_pn0_Nt8p4_ns3,sqz_vac,loss_in,1,0,8.4,3,120,142.188,8.40007,false,-142.187,,,142.288,180
sqz_vac_loss_in_eta1_pn0_Nt14p7_ns1,sqz_vac,loss_in,1,0,14.7,1,120,231.337,14.7001,false,-231.336,,,243.334,270
sqz_vac_loss_in_eta1_pn0_Nt14p7_ns2,sqz_vac,loss_in,1,0,14.7,2,120,242.492,14.7001,false,-242.492,,,246.987,270
sqz_vac_loss_in_eta1_pn0_Nt14p7_ns3,sqz_vac,loss_in,1,0,14.7,3,120,242.363,14.7001,false,-242.362,,,247.076,270
sqz_vac_loss_in_eta1_pn0_Nt25p9_ns1,sqz_vac,loss_in,1,0,25.9,1,120,332.341,25.9,false,-332.341,,,443.058,500
sqz_vac_loss_in_eta1_pn0_Nt25p9_ns2,sqz_vac,loss_in,1,0,25.9,2,120,419.541,25.9,false,-419.541,,,431.042,270
sqz_vac_loss_in_eta1_pn0_Nt25p9_ns3,sqz_vac,loss_in,1,0,25.9,3,120,415.394,25.9,false,-415.394,,,430.544,270
sqz_vac_loss_in_eta1_pn0_Nt45p5_ns1,sqz_vac,loss_in,1,0,45.5,1,120,412.606,38.2208,false,-412.606,,,975.585,500
sqz_vac_loss_in_eta1_pn0_Nt45p5_ns2,sqz_vac,loss_in,1,0,45.5,2,120,432.97,44.0402,false,-432.97,,,982.732,500
sqz_vac_loss_in_eta1_pn0_Nt45p5_ns3,sqz_vac,loss_in,1,0,45.5,3,120,507.627,45.4996,false,-507.627,,,967.022,500
sqz_vac_loss_in_eta1_pn0_Nt80_ns1,sqz_vac,loss_in,1,0,80,1,120,412.606,38.2208,false,-412.606,,,975.585,500
sqz_vac_loss_in_eta1_pn0_Nt80_ns2,sqz_vac,loss_in,1,0,80,2,120,432.97,44.0399,false,-432.97,,,982.718,500
sqz_vac_loss_in_eta1_pn0_Nt80_ns3,sqz_vac,loss_in,1,0,80,3,120,803.577,79.999,false,-803.577,,,1386.03,500
sqz_vac_loss_in_eta1_pn0p05_Nt5_ns1,sqz_vac,loss_in,1,0.05,5,1,50,85.8753,5.00007,false,-85.8749,,,88.3056,113
sqz_vac_loss_in_eta1_pn0p05_Nt5_ns2,sqz_vac,loss_in,1,0.05,5,2,50,87.4252,5.00008,false,-87.4246,,,87.677,75
sqz_vac_loss_in_eta1_pn0p1_Nt5_ns1,sqz_vac,loss_in,1,0.1,5,1,50,85.2519,5.00007,false,-85.2514,,,87.6513,113
sqz_vac_loss_in_eta1_pn0p1_Nt5_ns2,sqz_vac,loss_in,1,0.1,5,2,50,86.8619,5.00008,false,-86.8613,,,87.0282,75
sqz_vac_loss_in_eta1_pn0p15_Nt5_ns1,sqz_vac,loss_in,1,0.15,5,1,50,84.2334,5.00007,false,-84.2329,,,86.5823,113
sqz_vac_loss_in_eta1_pn0p15_Nt5_ns2,sqz_vac,loss_in,1,0.15,5,2,50,85.7883,5.00008,false,-85.7877,,,85.7972,75
sqz_vac_loss_in_eta1_pn0p2_Nt0p5_ns1,sqz_vac,loss_in,1,0.2,0.5,1,120,14.3969,0.500083,false,-14.3962,,,14.3969,180
sqz_vac_loss_in_eta1_pn0p2_Nt0p5_ns2,sqz_vac,loss_in,1,0.2,0.5,2,120,14.3969,0.500083,false,-14.3962,,,14.3969,180
sqz_vac_loss_in_eta1_pn0p2_Nt0p5_ns3,sqz_vac,loss_in,1,0.2,0.5,3,120,14.3969,0.500083,false,-14.3962,,,14.3969,180
sqz_vac_loss_in_eta1_pn0p2_Nt0p9_ns1,sqz_vac,loss_in,1,0.2,0.9,1,120,20.8583,0.90008,false,-20.8577,,,20.8583,180
sqz_vac_loss_in_eta1_pn0p2_Nt0p9_ns2,sqz_vac,loss_in,1,0.2,0.9,2,120,20.8579,0.90008,false,-20.8573,,,20.8579,180
sqz_vac_loss_in_eta1_pn0p2_Nt1p5_ns1,sqz_vac,loss_in,1,0.2,1.5,1,120,30.302,1.50008,false,-30.3014,,,30.302,180
sqz_vac_loss_in_eta1_pn0p2_Nt1p5_ns2,sqz_vac,loss_in,1,0.2,1.5,2,120,30.3012,1.50008,false,-30.3006,,,30.3012,180
sqz_vac_loss_in_eta1_pn0p2_Nt1p5_ns3,sqz_vac,loss_in,1,0.2,1.5,3,120,30.3006,1.50008,false,-30.3,,,30.3006,180
sqz_vac_loss_in_eta1_pn0p2_Nt2p7_ns1,sqz_vac,loss_in,1,0.2,2.7,1,120,48.9427,2.70008,false,-48.9421,,,48.9427,180
sqz_vac_loss_in_eta1_pn0p2_Nt2p7_ns2,sqz_vac,loss_in,1,0.2,2.7,2,120,48.9398,2.70008,false,-48.9392,,,48.9398,180
sqz_vac_loss_in_eta1_pn0p2_Nt2p7_ns3,sqz_vac,loss_in,1,0.2,2.7,3,120,48.9418,2.70008,false,-48.9412,,,48.9418,180
sqz_vac_loss_in_eta1_pn0p2_Nt4p8_ns1,sqz_vac,loss_in,1,0.2,4.8,1,120,81.3638,4.80008,false,-81.3632,,,81.3672,180
sqz_vac_loss_in_eta1_pn0p2_Nt4p8_ns2,sqz_vac,loss_in,1,0.2,4.8,2,120,81.3638,4.80008,false,-81.3632,,,81.3672,180
sqz_vac_loss_in_eta1_pn0p2_Nt5_ns1,sqz_vac,loss_in,1,0.2,5,1,50,82.8496,5.00007,false,-82.8491,,,85.13,113
sqz_vac_loss_in_eta1_pn0p2_Nt5_ns2,sqz_vac,loss_in,1,0.2,5,2,50,84.3691,5.00008,false,-84.3685,,,84.4043,75
sqz_vac_loss_in_eta1_pn0p2_Nt5_ns3,sqz_vac,loss_in,1,0.2,5,3,50,84.3578,5.00008,false,-84.3572,,,84.3784,75
sqz_vac_loss_in_eta1_pn0p2_Nt8p4_ns1,sqz_vac,loss_in,1,0.2,8.4,1,120,136.451,8.40005,false,-136.45,,,136.909,180
sqz_vac_loss_in_eta1_pn0p2_Nt8p4_ns2,sqz_vac,loss_in,1,0.2,8.4,2,120,136.195,8.40006,false,-136.195,,,137.39,180
sqz_vac_loss_in_eta1_pn0p2_Nt14p7_ns1,sqz_vac,loss_in,1,0.2,14.7,1,120,222.897,14.7,false,-222.897,,,234.126,270
sqz_vac_loss_in_eta1_pn0p2_Nt14p7_ns2,sqz_vac,loss_in,1,0.2,14.7,2,120,233.21,14.7,false,-233.21,,,237.595,270
sqz_vac_loss_in_eta1_pn0p2_Nt14p7_ns3,sqz_vac,loss_in,1,0.2,14.7,3,120,233.207,14.7,false,-233.207,,,233.48,180
sqz_vac_loss_in_eta1_pn0p2_Nt25p9_ns1,sqz_vac,loss_in,1,0.2,25.9,1,120,323.021,25.8999,false,-323.021,,,427.568,500
sqz_vac_loss_in_eta1_pn0p2_Nt25p9_ns2,sqz_vac,loss_in,1,0.2,25.9,2,120,404.663,25.9,false,-404.663,,,412.457,270
sqz_vac_loss_in_eta1_pn0p2_Nt45p5_ns1,sqz_vac,loss_in,1,0.2,45.5,1,120,404.888,38.7917,false,-404.888,,,974.547,500
sqz_vac_loss_in_eta1_pn0p2_Nt45p5_ns2,sqz_vac,loss_in,1,0.2,45.5,2,120,437.052,44.1774,false,-437.052,,,980.817,500
sqz_vac_loss_in_eta1_pn0p2_Nt80_ns1,sqz_vac,loss_in,1,0.2,80,1,120,404.888,38.7917,false,-404.888,,,974.547,500
sqz_vac_loss_in_eta1_pn0p2_Nt80_ns2,sqz_vac,loss_in,1,0.2,80,2,120,447.949,44.0102,false,-447.949,,,980.43,500
sqz_vac_loss_in_eta1_pn0p25_Nt5_ns1,sqz_vac,loss_in,1,0.25,5,1,50,81.1401,5.00007,false,-81.1397,,,83.3358,113
sqz_vac_loss_in_eta1_pn0p25_Nt5_ns2,sqz_vac,loss_in,1,0.25,5,2,50,82.4632,5.00008,false,-82.4626,,,82.5662,75
sqz_vac_loss_in_eta1_pn0p3_Nt5_ns1,sqz_vac,loss_in,1,0.3,5,1,50,79.1517,5.00006,false,-79.1513,,,81.249,113
sqz_vac_loss_in_eta1_pn0p3_Nt5_ns2,sqz_vac,loss_in,1,0.3,5,2,50,79.2185,5.00006,false,-79.2181,,,81.4,113
sqz_vac_loss_in_eta1_pn0p35_Nt5_ns1,sqz_vac,loss_in,1,0.35,5,1,50,76.9403,5.00006,false,-76.9399,,,78.9281,113
sqz_vac_loss_in_eta1_pn0p35_Nt5_ns2,sqz_vac,loss_in,1,0.35,5,2,50,78.1627,5.00007,false,-78.1622,,,78.1984,75
sqz_vac_loss_in_eta1_pn0p4_Nt5_ns1,sqz_vac,loss_in,1,0.4,5,1,50,74.5602,5.00006,false,-74.5598,,,76.43,113
sqz_vac_loss_in_eta1_pn0p4_Nt5_ns2,sqz_vac,loss_in,1,0.4,5,2,50,75.6283,5.00007,false,-75.6279,,,75.7589,75
sqz_vac_loss_in_eta1_pn0p45_Nt5_ns1,sqz_vac,loss_in,1,0.45,5,1,50,72.0699,5.00006,false,-72.0696,,,73.8164,113
sqz_vac_loss_in_eta1_pn0p45_Nt5_ns2,sqz_vac,loss_in,1,0.45,5,2,50,72.6175,5.00006,false,-72.6171,,,77.7982,170
sqz_vac_loss_in_eta1_pn0p5_Nt5_ns1,sqz_vac,loss_in,1,0.5,5,1,50,69.526,5.00005,false,-69.5257,,,71.1466,113
sqz_vac_loss_in_eta1_pn0p5_Nt5_ns2,sqz_vac,loss_in,1,0.5,5,2,50,70.515,5.00006,false,-70.5146,,,70.5188,75
sqz_vac_loss_out_eta0p05_pn0_Nt5_ns1,sqz_vac,loss_out,0.05,0,5,1,50,0.233436,0.210637,false,-0.233435,,,0.206075,113
sqz_vac_loss_out_eta0p05_pn0_Nt5_ns2,sqz_vac,loss_out,0.05,0,5,2,50,0.238493,0.0832959,false,-0.238481,,,0.204111,113
sqz_vac_loss_out_eta0p05_pn0_Nt5_ns3,sqz_vac,loss_out,0.05,0,5,3,50,0.237952,0.0923378,false,-0.237952,,,0.204369,113
sqz_vac_loss_out_eta0p05_pn0p1_Nt5_ns1,sqz_vac,loss_out,0.05,0.1,5,1,50,0.233881,0.26633,false,-0.233881,,,0.206247,113
sqz_vac_loss_out_eta0p05_pn0p1_Nt5_ns2,sqz_vac,loss_out,0.05,0.1,5,2,50,0.238591,0.0977091,false,-0.238586,,,0.204475,113
sqz_vac_loss_out_eta0p05_pn0p1_Nt5_ns3,sqz_vac,loss_out,0.05,0.1,5,3,50,0.239063,0.0555491,false,-0.239062,,,0.203647,113
sqz_vac_loss_out_eta0p05_pn0p2_Nt5_ns1,sqz_vac,loss_out,0.05,0.2,5,1,50,0.233897,0.27278,false,-0.233897,,,0.205575,113
sqz_vac_loss_out_eta0p05_pn0p2_Nt5_ns2,sqz_vac,loss_out,0.05,0.2,5,2,50,0.238446,0.19418,false,-0.238446,,,0.204963,113
sqz_vac_loss_out_eta0p05_pn0p2_Nt5_ns3,sqz_vac,loss_out,0.05,0.2,5,3,50,0.237864,0.0600216,false,-0.237863,,,0.202737,113
sqz_vac_loss_out_eta0p15_pn0_Nt5_ns1,sqz_vac,loss_out,0.15,0,5,1,50,0.698353,3.80354,false,-0.698352,,,0.70027,75
sqz_vac_loss_out_eta0p15_pn0_Nt5_ns2,sqz_vac,loss_out,0.15,0,5,2,50,0.700163,3.24869,false,-0.700163,,,0.69756,75
sqz_vac_loss_out_eta0p15_pn0_Nt5_ns3,sqz_vac,loss_out,0.15,0,5,3,50,0.70082,4.62664,false,-0.700819,,,0.702252,75
sqz_vac_loss_out_eta0p15_pn0p1_Nt5_ns1,sqz_vac,loss_out,0.15,0.1,5,1,50,0.684797,2.52542,false,-0.684797,,,0.681864,75
sqz_vac_loss_out_eta0p15_pn0p1_Nt5_ns2,sqz_vac,loss_out,0.15,0.1,5,2,50,0.687666,1.97532,false,-0.687666,,,0.682343,75
sqz_vac_loss_out_eta0p15_pn0p1_Nt5_ns3,sqz_vac,loss_out,0.15,0.1,5,3,50,0.687254,1.89937,false,-0.687254,,,0.682122,75
sqz_vac_loss_out_eta0p15_pn0p2_Nt5_ns1,sqz_vac,loss_out,0.15,0.2,5,1,50,0.664523,0.784533,false,-0.664523,,,0.661249,75
sqz_vac_loss_out_eta0p15_pn0p2_Nt5_ns2,sqz_vac,loss_out,0.15,0.2,5,2,50,0.666188,0.845372,false,-0.666188,,,0.661259,75
sqz_vac_loss_out_eta0p15_pn0p2_Nt5_ns3,sqz_vac,loss_out,0.15,0.2,5,3,50,0.667218,0.841203,false,-0.667218,,,0.661237,75
sqz_vac_loss_out_eta0p1_pn0_Nt5_ns1,sqz_vac,loss_out,0.1,0,5,1,50,0.442615,3.04636,false,-0.442614,,,0.441058,75
sqz_vac_loss_out_eta0p1_pn0_Nt5_ns2,sqz_vac,loss_out,0.1,0,5,2,50,0.443533,4.53681,false,-0.443533,,,0.441693,75
sqz_vac_loss_out_eta0p1_pn0_Nt5_ns3,sqz_vac,loss_out,0.1,0,5,3,50,0.44348,4.10955,false,-0.44348,,,0.441387,75
sqz_vac_loss_out_eta0p1_pn0p1_Nt5_ns1,sqz_vac,loss_out,0.1,0.1,5,1,50,0.438632,1.86885,false,-0.438632,,,0.434875,75
sqz_vac_loss_out_eta0p1_pn0p1_Nt5_ns2,sqz_vac,loss_out,0.1,0.1,5,2,50,0.438655,1.84224,false,-0.438655,,,0.434865,75
sqz_vac_loss_out_eta0p1_pn0p1_Nt5_ns3,sqz_vac,loss_out,0.1,0.1,5,3,50,0.438648,1.78608,false,-0.438648,,,0.434791,75
sqz_vac_loss_out_eta0p1_pn0p2_Nt5_ns1,sqz_vac,loss_out,0.1,0.2,5,1,50,0.431993,0.655408,false,-0.431993,,,0.426119,113
sqz_vac_loss_out_eta0p1_pn0p2_Nt5_ns2,sqz_vac,loss_out,0.1,0.2,5,2,50,0.432333,0.636473,false,-0.432333,,,0.426043,113
sqz_vac_loss_out_eta0p1_pn0p2_Nt5_ns3,sqz_vac,loss_out,0.1,0.2,5,3,50,0.432679,0.536639,false,-0.432679,,,0.425479,113
sqz_vac_loss_out_eta0p25_pn0_Nt5_ns1,sqz_vac,loss_out,0.25,0,5,1,50,1.31258,4.84738,false,-1.31258,,,1.32569,75
sqz_vac_loss_out_eta0p25_pn0_Nt5_ns2,sqz_vac,loss_out,0.25,0,5,2,50,1.3164,4.99995,false,-1.3164,,,1.32243,75
sqz_vac_loss_out_eta0p25_pn0_Nt5_ns3,sqz_vac,loss_out,0.25,0,5,3,50,1.3157,4.97752,false,-1.3157,,,1.31966,75
sqz_vac_loss_out_eta0p25_pn0p1_Nt5_ns1,sqz_vac,loss_out,0.25,0.1,5,1,50,1.25319,2.15581,false,-1.25319,,,1.25176,75
sqz_vac_loss_out_eta0p25_pn0p1_Nt5_ns2,sqz_vac,loss_out,0.25,0.1,5,2,50,1.2544,2.33365,false,-1.2544,,,1.25162,75
sqz_vac_loss_out_eta0p25_pn0p1_Nt5_ns3,sqz_vac,loss_out,0.25,0.1,5,3,50,1.25466,2.0321,false,-1.25466,,,1.25301,75
sqz_vac_loss_out_eta0p25_pn0p2_Nt5_ns1,sqz_vac,loss_out,0.25,0.2,5,1,50,1.18485,0.864959,false,-1.18485,,,1.18392,75
sqz_vac_loss_out_eta0p25_pn0p2_Nt5_ns2,sqz_vac,loss_out,0.25,0.2,5,2,50,1.18496,0.894302,false,-1.18496,,,1.1839,75
sqz_vac_loss_out_eta0p25_pn0p2_Nt5_ns3,sqz_vac,loss_out,0.25,0.2,5,3,50,1.18499,0.826304,false,-1.18499,,,1.18389,75
sqz_vac_loss_out_eta0p2_pn0_Nt5_ns1,sqz_vac,loss_out,0.2,0,5,1,50,0.986293,4.06281,false,-0.986292,,,0.989908,75
sqz_vac_loss_out_eta0p2_pn0_Nt5_ns2,sqz_vac,loss_out,0.2,0,5,2,50,0.988082,4.99991,false,-0.988081,,,0.987843,75
sqz_vac_loss_out_eta0p2_pn0_Nt5_ns3,sqz_vac,loss_out,0.2,0,5,3,50,0.988371,4.99178,false,-0.988371,,,0.988845,75
sqz_vac_loss_out_eta0p2_pn0p1_Nt5_ns1,sqz_vac,loss_out,0.2,0.1,5,1,50,0.9545,2.00039,false,-0.9545,,,0.953208,75
sqz_vac_loss_out_eta0p2_pn0p1_Nt5_ns2,sqz_vac,loss_out,0.2,0.1,5,2,50,0.954787,2.12801,false,-0.954786,,,0.953206,75
sqz_vac_loss_out_eta0p2_pn0p1_Nt5_ns3,sqz_vac,loss_out,0.2,0.1,5,3,50,0.955013,2.0635,false,-0.955012,,,0.953135,75
sqz_vac_loss_out_eta0p2_pn0p2_Nt5_ns1,sqz_vac,loss_out,0.2,0.2,5,1,50,0.914204,0.805258,false,-0.914204,,,0.9131,75
sqz_vac_loss_out_eta0p2_pn0p2_Nt5_ns2,sqz_vac,loss_out,0.2,0.2,5,2,50,0.915324,0.683679,false,-0.915324,,,0.912483,75
sqz_vac_loss_out_eta0p2_pn0p2_Nt5_ns3,sqz_vac,loss_out,0.2,0.2,5,3,50,0.915562,0.796247,false,-0.915562,,,0.912935,75
sqz_vac_loss_out_eta0p35_pn0_Nt5_ns1,sqz_vac,loss_out,0.35,0,5,1,50,2.09618,4.83985,false,-2.09618,,,2.11553,75
sqz_vac_loss_out_eta0p35_pn0_Nt5_ns2,sqz_vac,loss_out,0.35,0,5,2,50,2.09823,4.99927,false,-2.09823,,,2.11016,75
sqz_vac_loss_out_eta0p35_pn0_Nt5_ns3,sqz_vac,loss_out,0.35,0,5,3,50,2.09852,4.99996,false,-2.09852,,,2.10019,75
sqz_vac_loss_out_eta0p35_pn0p1_Nt5_ns1,sqz_vac,loss_out,0.35,0.1,5,1,50,1.95321,2.35639,false,-1.95321,,,1.95037,75
sqz_vac_loss_out_eta0p35_pn0p1_Nt5_ns2,sqz_vac,loss_out,0.35,0.1,5,2,50,1.9566,2.23723,false,-1.9566,,,1.9506,75
sqz_vac_loss_out_eta0p35_pn0p1_Nt5_ns3,sqz_vac,loss_out,0.35,0.1,5,3,50,1.95615,2.17192,false,-1.95615,,,1.95052,75
sqz_vac_loss_out_eta0p35_pn0p2_Nt5_ns1,sqz_vac,loss_out,0.35,0.2,5,1,50,1.79401,0.915114,false,-1.79401,,,1.79351,75
sqz_vac_loss_out_eta0p35_pn0p2_Nt5_ns2,sqz_vac,loss_out,0.35,0.2,5,2,50,1.79444,0.882831,false,-1.79444,,,1.79355,75
sqz_vac_loss_out_eta0p35_pn0p2_Nt5_ns3,sqz_vac,loss_out,0.35,0.2,5,3,50,1.79583,0.853686,false,-1.79582,,,1.7932,75
sqz_vac_loss_out_eta0p3_pn0_Nt5_ns1,sqz_vac,loss_out,0.3,0,5,1,50,1.67744,4.94275,false,-1.67743,,,1.68202,113
sqz_vac_loss_out_eta0p3_pn0_Nt5_ns2,sqz_vac,loss_out,0.3,0,5,2,50,1.68133,4.94972,false,-1.68133,,,1.6877,75
sqz_vac_loss_out_eta0p3_pn0_Nt5_ns3,sqz_vac,loss_out,0.3,0,5,3,50,1.68211,4.99779,false,-1.68211,,,1.68154,75
sqz_vac_loss_out_eta0p3_pn0p1_Nt5_ns1,sqz_vac,loss_out,0.3,0.1,5,1,50,1.58322,2.18188,false,-1.58322,,,1.58236,75
sqz_vac_loss_out_eta0p3_pn0p1_Nt5_ns2,sqz_vac,loss_out,0.3,0.1,5,2,50,1.58518,2.09344,false,-1.58518,,,1.58231,75
sqz_vac_loss_out_eta0p3_pn0p1_Nt5_ns3,sqz_vac,loss_out,0.3,0.1,5,3,50,1.58521,2.11059,false,-1.58521,,,1.58234,75
sqz_vac_loss_out_eta0p3_pn0p2_Nt5_ns1,sqz_vac,loss_out,0.3,0.2,5,1,50,1.47686,0.84352,false,-1.47686,,,1.47633,75
sqz_vac_loss_out_eta0p3_pn0p2_Nt5_ns2,sqz_vac,loss_out,0.3,0.2,5,2,50,1.47703,0.86218,false,-1.47703,,,1.47639,75
sqz_vac_loss_out_eta0p3_pn0p2_Nt5_ns3,sqz_vac,loss_out,0.3,0.2,5,3,50,1.47793,0.835117,false,-1.47793,,,1.47624,75
sqz_vac_loss_out_eta0p45_pn0_Nt5_ns1,sqz_vac,loss_out,0.45,0,5,1,50,3.14386,4.99991,false,-3.14386,,,3.17451,75
sqz_vac_loss_out_eta0p45_pn0_Nt5_ns2,sqz_vac,loss_out,0.45,0,5,2,50,3.14727,4.99327,false,-3.14727,,,3.16042,75
sqz_vac_loss_out_eta0p45_pn0_Nt5_ns3,sqz_vac,loss_out,0.45,0,5,3,50,3.14809,4.9999,false,-3.14809,,,3.1544,75
sqz_vac_loss_out_eta0p45_pn0p1_Nt5_ns1,sqz_vac,loss_out,0.45,0.1,5,1,50,2.8314,2.08999,false,-2.8314,,,2.83063,75
sqz_vac_loss_out_eta0p45_pn0p1_Nt5_ns2,sqz_vac,loss_out,0.45,0.1,5,2,50,2.866,2.30158,false,-2.866,,,2.83109,113
sqz_vac_loss_out_eta0p45_pn0p1_Nt5_ns3,sqz_vac,loss_out,0.45,0.1,5,3,50,2.86967,2.22978,false,-2.86967,,,2.83138,113
sqz_vac_loss_out_eta0p45_pn0p2_Nt5_ns1,sqz_vac,loss_out,0.45,0.2,5,1,50,2.51936,0.958493,false,-2.51936,,,2.51891,75
sqz_vac_loss_out_eta0p45_pn0p2_Nt5_ns2,sqz_vac,loss_out,0.45,0.2,5,2,50,2.52625,0.979668,false,-2.52624,,,2.51863,75
sqz_vac_loss_out_eta0p45_pn0p2_Nt5_ns3,sqz_vac,loss_out,0.45,0.2,5,3,50,2.52151,0.991671,false,-2.52151,,,2.51896,75
sqz_vac_loss_out_eta0p4_pn0_Nt5_ns1,sqz_vac,loss_out,0.4,0,5,1,50,2.58,4.99467,false,-2.58,,,2.58943,113
sqz_vac_loss_out_eta0p4_pn0_Nt5_ns2,sqz_vac,loss_out,0.4,0,5,2,50,2.58396,4.99994,false,-2.58396,,,2.58755,75
sqz_vac_loss_out_eta0p4_pn0_Nt5_ns3,sqz_vac,loss_out,0.4,0,5,3,50,2.60614,4.95879,false,-2.60613,,,2.60707,75
sqz_vac_loss_out_eta0p4_pn0p1_Nt5_ns1,sqz_vac,loss_out,0.4,0.1,5,1,50,2.36456,2.04918,false,-2.36456,,,2.36354,75
sqz_vac_loss_out_eta0p4_pn0p1_Nt5_ns2,sqz_vac,loss_out,0.4,0.1,5,2,50,2.36572,2.24937,false,-2.36572,,,2.36409,75
sqz_vac_loss_out_eta0p4_pn0p1_Nt5_ns3,sqz_vac,loss_out,0.4,0.1,5,3,50,2.37059,1.76709,false,-2.37058,,,2.35897,75
sqz_vac_loss_out_eta0p4_pn0p2_Nt5_ns1,sqz_vac,loss_out,0.4,0.2,5,1,50,2.13947,0.931733,false,-2.13947,,,2.13942,75
sqz_vac_loss_out_eta0p4_pn0p2_Nt5_ns2,sqz_vac,loss_out,0.4,0.2,5,2,50,2.14268,0.913538,false,-2.14268,,,2.13881,75
sqz_vac_loss_out_eta0p4_pn0p2_Nt5_ns3,sqz_vac,loss_out,0.4,0.2,5,3,50,2.14743,0.909688,false,-2.14743,,,2.13921,75
sqz_vac_loss_out_eta0p55_pn0_Nt5_ns1,sqz_vac,loss_out,0.55,0,5,1,50,4.61293,4.99991,false,-4.61293,,,4.65114,75
sqz_vac_loss_out_eta0p55_pn0_Nt5_ns2,sqz_vac,loss_out,0.55,0,5,2,50,4.61788,4.99092,false,-4.61788,,,4.6364,75
sqz_vac_loss_out_eta0p55_pn0_Nt5_ns3,sqz_vac,loss_out,0.55,0,5,3,50,4.61952,4.99924,false,-4.61952,,,4.63703,75
sqz_vac_loss_out_eta0p55_pn0p1_Nt5_ns1,sqz_vac,loss_out,0.55,0.1,5,1,50,3.97956,2.36469,false,-3.97956,,,3.97979,75
sqz_vac_loss_out_eta0p55_pn0p1_Nt5_ns2,sqz_vac,loss_out,0.55,0.1,5,2,50,3.98091,2.34514,false,-3.98091,,,3.98094,75
sqz_vac_loss_out_eta0p55_pn0p1_Nt5_ns3,sqz_vac,loss_out,0.55,0.1,5,3,50,3.98091,2.34515,false,-3.98091,,,3.98093,75
sqz_vac_loss_out_eta0p55_pn0p2_Nt5_ns1,sqz_vac,loss_out,0.55,0.2,5,1,50,3.40643,1.0322,false,-3.40643,,,3.40643,75
sqz_vac_loss_out_eta0p55_pn0p2_Nt5_ns2,sqz_vac,loss_out,0.55,0.2,5,2,50,3.45049,0.937417,false,-3.45049,,,3.40424,113
sqz_vac_loss_out_eta0p55_pn0p2_Nt5_ns3,sqz_vac,loss_out,0.55,0.2,5,3,50,3.45501,0.922262,false,-3.45501,,,3.4055,113
sqz_vac_loss_out_eta0p5_pn0_Nt5_ns1,sqz_vac,loss_out,0.5,0,5,1,50,3.81144,4.99991,false,-3.81144,,,3.84551,75
sqz_vac_loss_out_eta0p5_pn0_Nt5_ns2,sqz_vac,loss_out,0.5,0,5,2,50,3.81566,4.99554,false,-3.81566,,,3.83166,75
sqz_vac_loss_out_eta0p5_pn0_Nt5_ns3,sqz_vac,loss_out,0.5,0,5,3,50,3.81612,4.9999,false,-3.81612,,,3.82667,75
sqz_vac_loss_out_eta0p5_pn0p1_Nt5_ns1,sqz_vac,loss_out,0.5,0.1,5,1,50,3.36889,2.18197,false,-3.36889,,,3.36408,75
sqz_vac_loss_out_eta0p5_pn0p1_Nt5_ns2,sqz_vac,loss_out,0.5,0.1,5,2,50,3.37392,2.22529,false,-3.37392,,,3.36475,75
sqz_vac_loss_out_eta0p5_pn0p1_Nt5_ns3,sqz_vac,loss_out,0.5,0.1,5,3,50,3.37342,2.2186,false,-3.37342,,,3.36456,75
sqz_vac_loss_out_eta0p5_pn0p2_Nt5_ns1,sqz_vac,loss_out,0.5,0.2,5,1,50,2.97649,1.16876,false,-2.97649,,,2.93401,113
sqz_vac_loss_out_eta0p5_pn0p2_Nt5_ns2,sqz_vac,loss_out,0.5,0.2,5,2,50,2.97652,1.16847,false,-2.97651,,,2.93395,113
sqz_vac_loss_out_eta0p5_pn0p2_Nt5_ns3,sqz_vac,loss_out,0.5,0.2,5,3,50,2.9769,1.16741,false,-2.9769,,,2.93373,113
sqz_vac_loss_out_eta0p65_pn0_Nt5_ns1,sqz_vac,loss_out,0.65,0,5,1,50,6.81926,4.99991,false,-6.81926,,,6.86971,75
sqz_vac_loss_out_eta0p65_pn0_Nt5_ns2,sqz_vac,loss_out,0.65,0,5,2,50,6.82813,4.99992,false,-6.82813,,,6.85684,75
sqz_vac_loss_out_eta0p65_pn0_Nt5_ns3,sqz_vac,loss_out,0.65,0,5,3,50,6.82964,4.99994,false,-6.82964,,,6.85347,75
sqz_vac_loss_out_eta0p65_pn0p1_Nt5_ns1,sqz_vac,loss_out,0.65,0.1,5,1,50,5.55137,2.52442,false,-5.55137,,,5.55167,75
sqz_vac_loss_out_eta0p65_pn0p1_Nt5_ns2,sqz_vac,loss_out,0.65,0.1,5,2,50,5.5582,2.47797,false,-5.5582,,,5.55821,75
sqz_vac_loss_out_eta0p65_pn0p1_Nt5_ns3,sqz_vac,loss_out,0.65,0.1,5,3,50,5.5582,2.47794,false,-5.5582,,,5.55821,75
sqz_vac_loss_out_eta0p65_pn0p2_Nt5_ns1,sqz_vac,loss_out,0.65,0.2,5,1,50,4.53866,1.14695,false,-4.53866,,,4.53866,75
sqz_vac_loss_out_eta0p65_pn0p2_Nt5_ns2,sqz_vac,loss_out,0.65,0.2,5,2,50,4.55896,1.09839,false,-4.55896,,,4.559,75
sqz_vac_loss_out_eta0p65_pn0p2_Nt5_ns3,sqz_vac,loss_out,0.65,0.2,5,3,50,4.55902,1.09823,false,-4.55902,,,4.55902,75
sqz_vac_loss_out_eta0p6_pn0_Nt5_ns1,sqz_vac,loss_out,0.6,0,5,1,50,5.59312,4.99991,false,-5.59312,,,5.63661,75
sqz_vac_loss_out_eta0p6_pn0_Nt5_ns2,sqz_vac,loss_out,0.6,0,5,2,50,5.59991,4.99879,false,-5.59991,,,5.62325,75
sqz_vac_loss_out_eta0p6_pn0_Nt5_ns3,sqz_vac,loss_out,0.6,0,5,3,50,5.59952,4.99986,false,-5.59952,,,5.6226,75
sqz_vac_loss_out_eta0p6_pn0p1_Nt5_ns1,sqz_vac,loss_out,0.6,0.1,5,1,50,4.69827,2.4372,false,-4.69827,,,4.6984,75
sqz_vac_loss_out_eta0p6_pn0p1_Nt5_ns2,sqz_vac,loss_out,0.6,0.1,5,2,50,4.70131,2.4069,false,-4.70131,,,4.70135,75
sqz_vac_loss_out_eta0p6_pn0p1_Nt5_ns3,sqz_vac,loss_out,0.6,0.1,5,3,50,4.70131,2.40689,false,-4.70131,,,4.70133,75
sqz_vac_loss_out_eta0p6_pn0p2_Nt5_ns1,sqz_vac,loss_out,0.6,0.2,5,1,50,3.93435,1.08404,false,-3.93435,,,3.93435,75
sqz_vac_loss_out_eta0p6_pn0p2_Nt5_ns2,sqz_vac,loss_out,0.6,0.2,5,2,50,3.94287,1.05191,false,-3.94287,,,3.94287,75
sqz_vac_loss_out_eta0p6_pn0p2_Nt5_ns3,sqz_vac,loss_out,0.6,0.2,5,3,50,3.94287,1.05235,false,-3.94287,,,3.94287,75
sqz_vac_loss_out_eta0p75_pn0_Nt5_ns1,sqz_vac,loss_out,0.75,0,5,1,50,10.5039,4.99992,false,-10.5039,,,10.5788,75
sqz_vac_loss_out_eta0p75_pn0_Nt5_ns2,sqz_vac,loss_out,0.75,0,5,2,50,10.5202,4.99995,false,-10.5202,,,10.5667,75
sqz_vac_loss_out_eta0p75_pn0_Nt5_ns3,sqz_vac,loss_out,0.75,0,5,3,50,10.5182,4.99993,false,-10.5182,,,10.5585,75
sqz_vac_loss_out_eta0p75_pn0p1_Nt5_ns1,sqz_vac,loss_out,0.75,0.1,5,1,50,7.86754,2.77005,false,-7.86754,,,7.86765,75
sqz_vac_loss_out_eta0p75_pn0p1_Nt5_ns2,sqz_vac,loss_out,0.75,0.1,5,2,50,7.90494,2.65981,false,-7.90494,,,7.90494,75
sqz_vac_loss_out_eta0p75_pn0p1_Nt5_ns3,sqz_vac,loss_out,0.75,0.1,5,3,50,7.90495,2.65996,false,-7.90495,,,7.90496,75
sqz_vac_loss_out_eta0p75_pn0p2_Nt5_ns1,sqz_vac,loss_out,0.75,0.2,5,1,50,6.09354,1.32942,false,-6.09354,,,6.09354,75
sqz_vac_loss_out_eta0p75_pn0p2_Nt5_ns2,sqz_vac,loss_out,0.75,0.2,5,2,50,6.22125,1.21748,false,-6.22125,,,6.22125,75
sqz_vac_loss_out_eta0p75_pn0p2_Nt5_ns3,sqz_vac,loss_out,0.75,0.2,5,3,50,6.22142,1.21704,false,-6.22142,,,6.22142,75
sqz_vac_loss_out_eta0p7_pn0_Nt5_ns1,sqz_vac,loss_out,0.7,0,5,1,50,8.39721,4.99992,false,-8.39721,,,8.45745,75
sqz_vac_loss_out_eta0p7_pn0_Nt5_ns2,sqz_vac,loss_out,0.7,0,5,2,50,8.4082,4.99368,false,-8.4082,,,8.44353,75
sqz_vac_loss_out_eta0p7_pn0_Nt5_ns3,sqz_vac,loss_out,0.7,0,5,3,50,8.40795,4.99983,false,-8.40795,,,8.4443,75
sqz_vac_loss_out_eta0p7_pn0p1_Nt5_ns1,sqz_vac,loss_out,0.7,0.1,5,1,50,6.5842,2.63211,false,-6.5842,,,6.58433,75
sqz_vac_loss_out_eta0p7_pn0p1_Nt5_ns2,sqz_vac,loss_out,0.7,0.1,5,2,50,6.59984,2.56095,false,-6.59984,,,6.59984,75
sqz_vac_loss_out_eta0p7_pn0p1_Nt5_ns3,sqz_vac,loss_out,0.7,0.1,5,3,50,6.59984,2.56094,false,-6.59984,,,6.59984,75
sqz_vac_loss_out_eta0p7_pn0p2_Nt5_ns1,sqz_vac,loss_out,0.7,0.2,5,1,50,5.24444,1.22576,false,-5.24444,,,5.24444,75
sqz_vac_loss_out_eta0p7_pn0p2_Nt5_ns2,sqz_vac,loss_out,0.7,0.2,5,2,50,5.29399,1.15123,false,-5.29399,,,5.29399,75
sqz_vac_loss_out_eta0p7_pn0p2_Nt5_ns3,sqz_vac,loss_out,0.7,0.2,5,3,50,5.2941,1.151,false,-5.2941,,,5.2941,75
sqz_vac_loss_out_eta0p85_pn0_Nt5_ns1,sqz_vac,loss_out,0.85,0,5,1,50,17.9043,4.99994,false,-17.9043,,,18.0444,75
sqz_vac_loss_out_eta0p85_pn0_Nt5_ns2,sqz_vac,loss_out,0.85,0,5,2,50,17.9417,4.99997,false,-17.9417,,,18.0318,75
sqz_vac_loss_out_eta0p85_pn0_Nt5_ns3,sqz_vac,loss_out,0.85,0,5,3,50,17.9373,4.99995,false,-17.9373,,,18.0322,75
sqz_vac_loss_out_eta0p85_pn0p1_Nt5_ns1,sqz_vac,loss_out,0.85,0.1,5,1,50,11.7783,3.23583,false,-11.7783,,,11.778,75
sqz_vac_loss_out_eta0p85_pn0p1_Nt5_ns2,sqz_vac,loss_out,0.85,0.1,5,2,50,12.0774,2.94742,false,-12.0774,,,12.0774,75
sqz_vac_loss_out_eta0p85_pn0p1_Nt5_ns3,sqz_vac,loss_out,0.85,0.1,5,3,50,12.92,4.67215,false,-12.92,,,12.9199,75
sqz_vac_loss_out_eta0p85_pn0p2_Nt5_ns1,sqz_vac,loss_out,0.85,0.2,5,1,50,8.64568,1.72104,false,-8.64568,,,8.64566,75
sqz_vac_loss_out_eta0p85_pn0p2_Nt5_ns2,sqz_vac,loss_out,0.85,0.2,5,2,50,10.509,2.33344,false,-10.509,,,10.509,75
sqz_vac_loss_out_eta0p85_pn0p2_Nt5_ns3,sqz_vac,loss_out,0.85,0.2,5,3,50,10.6817,2.93517,false,-10.6817,,,10.6817,75
sqz_vac_loss_out_eta0p8_pn0_Nt5_ns1,sqz_vac,loss_out,0.8,0,5,1,50,13.4588,4.99993,false,-13.4588,,,13.5573,75
sqz_vac_loss_out_eta0p8_pn0_Nt5_ns2,sqz_vac,loss_out,0.8,0,5,2,50,13.4826,4.99996,false,-13.4826,,,13.5453,75
sqz_vac_loss_out_eta0p8_pn0_Nt5_ns3,sqz_vac,loss_out,0.8,0,5,3,50,13.4837,4.99988,false,-13.4837,,,13.5372,75
sqz_vac_loss_out_eta0p8_pn0p1_Nt5_ns1,sqz_vac,loss_out,0.8,0.1,5,1,50,9.52129,2.95697,false,-9.52129,,,9.52132,75
sqz_vac_loss_out_eta0p8_pn0p1_Nt5_ns2,sqz_vac,loss_out,0.8,0.1,5,2,50,9.61877,2.78168,false,-9.61877,,,9.61877,75
sqz_vac_loss_out_eta0p8_pn0p1_Nt5_ns3,sqz_vac,loss_out,0.8,0.1,5,3,50,9.61895,2.78206,false,-9.61895,,,9.61895,75
sqz_vac_loss_out_eta0p8_pn0p2_Nt5_ns1,sqz_vac,loss_out,0.8,0.2,5,1,50,7.16569,1.47736,false,-7.16569,,,7.16569,75
sqz_vac_loss_out_eta0p8_pn0p2_Nt5_ns2,sqz_vac,loss_out,0.8,0.2,5,2,50,7.47793,1.30605,false,-7.47793,,,7.47794,75
sqz_vac_loss_out_eta0p8_pn0p2_Nt5_ns3,sqz_vac,loss_out,0.8,0.2,5,3,50,8.92275,3.95015,false,-8.92275,,,8.92275,75
sqz_vac_loss_out_eta0p95_pn0_Nt5_ns1,sqz_vac,loss_out,0.95,0,5,1,50,40.325,4.99998,false,-40.325,,,40.8931,113
sqz_vac_loss_out_eta0p95_pn0_Nt5_ns2,sqz_vac,loss_out,0.95,0,5,2,50,40.5338,5.00002,false,-40.5338,,,40.735,75
sqz_vac_loss_out_eta0p95_pn0_Nt5_ns3,sqz_vac,loss_out,0.95,0,5,3,50,40.4744,5.00001,false,-40.4743,,,40.5911,75
sqz_vac_loss_out_eta0p95_pn0p05_Nt5_ns1,sqz_vac,loss_out,0.95,0.05,5,1,50,30.2008,4.99995,false,-30.2008,,,30.1839,75
sqz_vac_loss_out_eta0p95_pn0p05_Nt5_ns2,sqz_vac,loss_out,0.95,0.05,5,2,50,33.2679,4.99999,false,-33.2679,,,33.2679,75
sqz_vac_loss_out_eta0p95_pn0p1_Nt0p2_ns1,sqz_vac,loss_out,0.95,0.1,0.2,1,20,8.20617,0.200069,false,-8.20569,,,8.20617,60
sqz_vac_loss_out_eta0p95_pn0p1_Nt0p2_ns2,sqz_vac,loss_out,0.95,0.1,0.2,2,20,8.23984,0.200071,false,-8.23933,,,8.23984,60
sqz_vac_loss_out_eta0p95_pn0p1_Nt0p2_ns3,sqz_vac,loss_out,0.95,0.1,0.2,3,20,8.23983,0.200071,false,-8.23933,,,8.23983,60
sqz_vac_loss_out_eta0p95_pn0p1_Nt0p5_ns1,sqz_vac,loss_out,0.95,0.1,0.5,1,20,11.6299,0.500048,false,-11.6297,,,11.6299,60
sqz_vac_loss_out_eta0p95_pn0p1_Nt0p5_ns2,sqz_vac,loss_out,0.95,0.1,0.5,2,20,11.8857,0.500054,false,-11.8854,,,11.8857,60
sqz_vac_loss_out_eta0p95_pn0p1_Nt0p5_ns3,sqz_vac,loss_out,0.95,0.1,0.5,3,20,11.8625,0.500061,false,-11.8621,,,11.8625,60
sqz_vac_loss_out_eta0p95_pn0p1_Nt0p7_ns1,sqz_vac,loss_out,0.95,0.1,0.7,1,20,13.3859,0.70004,false,-13.3857,,,13.3853,60
sqz_vac_loss_out_eta0p95_pn0p1_Nt0p7_ns2,sqz_vac,loss_out,0.95,0.1,0.7,2,20,13.9082,0.700048,false,-13.908,,,13.9082,60
sqz_vac_loss_out_eta0p95_pn0p1_Nt0p7_ns3,sqz_vac,loss_out,0.95,0.1,0.7,3,20,13.9089,0.700048,false,-13.9087,,,13.9089,60
sqz_vac_loss_out_eta0p95_pn0p1_Nt1_ns1,sqz_vac,loss_out,0.95,0.1,1,1,20,15.5093,1.00003,false,-15.5092,,,15.5032,60
sqz_vac_loss_out_eta0p95_pn0p1_Nt1_ns2,sqz_vac,loss_out,0.95,0.1,1,2,20,16.5679,1.00004,false,-16.5678,,,16.5679,60
sqz_vac_loss_out_eta0p95_pn0p1_Nt1_ns3,sqz_vac,loss_out,0.95,0.1,1,3,20,16.5693,1.00004,false,-16.5691,,,16.5693,60
sqz_vac_loss_out_eta0p95_pn0p1_Nt2_ns1,sqz_vac,loss_out,0.95,0.1,2,1,50,19.7298,2.00001,false,-19.7298,,,19.7295,75
sqz_vac_loss_out_eta0p95_pn0p1_Nt2_ns2,sqz_vac,loss_out,0.95,0.1,2,2,50,23.1823,2.00003,false,-23.1823,,,23.1823,75
sqz_vac_loss_out_eta0p95_pn0p1_Nt2_ns3,sqz_vac,loss_out,0.95,0.1,2,3,50,23.1789,2.00002,false,-23.1789,,,23.1789,75
sqz_vac_loss_out_eta0p95_pn0p1_Nt3_ns1,sqz_vac,loss_out,0.95,0.1,3,1,50,21.6349,2.99998,false,-21.6349,,,21.6295,75
sqz_vac_loss_out_eta0p95_pn0p1_Nt3_ns2,sqz_vac,loss_out,0.95,0.1,3,2,50,27.1931,3.00001,false,-27.1931,,,27.1931,75
sqz_vac_loss_out_eta0p95_pn0p1_Nt3_ns3,sqz_vac,loss_out,0.95,0.1,3,3,50,27.2007,3.00001,false,-27.2006,,,27.2007,75
sqz_vac_loss_out_eta0p95_pn0p1_Nt4_ns1,sqz_vac,loss_out,0.95,0.1,4,1,50,22.4675,3.99995,false,-22.4675,,,22.4423,75
sqz_vac_loss_out_eta0p95_pn0p1_Nt4_ns2,sqz_vac,loss_out,0.95,0.1,4,2,50,29.2818,4.00001,false,-29.2818,,,29.2818,75
sqz_vac_loss_out_eta0p95_pn0p1_Nt4_ns3,sqz_vac,loss_out,0.95,0.1,4,3,50,29.2823,4.00001,false,-29.2823,,,29.2823,75
sqz_vac_loss_out_eta0p95_pn0p1_Nt5_ns1,sqz_vac,loss_out,0.95,0.1,5,1,50,22.7773,4.99992,false,-22.7773,,,22.7115,75
sqz_vac_loss_out_eta0p95_pn0p1_Nt5_ns2,sqz_vac,loss_out,0.95,0.1,5,2,50,30.1152,4.99998,false,-30.1152,,,30.1152,75
sqz_vac_loss_out_eta0p95_pn0p1_Nt5_ns3,sqz_vac,loss_out,0.95,0.1,5,3,50,30.8263,5,false,-30.8263,,,30.8263,75
sqz_vac_loss_out_eta0p95_pn0p1_Nt6_ns1,sqz_vac,loss_out,0.95,0.1,6,1,50,22.8284,5.74951,false,-22.8284,,,22.7182,75
sqz_vac_loss_out_eta0p95_pn0p1_Nt6_ns2,sqz_vac,loss_out,0.95,0.1,6,2,50,30.1349,5.20193,false,-30.1349,,,30.1349,75
sqz_vac_loss_out_eta0p95_pn0p1_Nt6_ns3,sqz_vac,loss_out,0.95,0.1,6,3,50,32.0056,6,false,-32.0056,,,32.0055,75
sqz_vac_loss_out_eta0p95_pn0p1_Nt7_ns1,sqz_vac,loss_out,0.95,0.1,7,1,50,22.8284,5.74951,false,-22.8284,,,22.7182,75
sqz_vac_loss_out_eta0p95_pn0p1_Nt7_ns2,sqz_vac,loss_out,0.95,0.1,7,2,50,30.13,5.62586,false,-30.13,,,30.1227,75
sqz_vac_loss_out_eta0p95_pn0p1_Nt7_ns3,sqz_vac,loss_out,0.95,0.1,7,3,50,32.5724,6.99999,false,-32.5724,,,32.5637,75
sqz_vac_loss_out_eta0p95_pn0p1_Nt8_ns1,sqz_vac,loss_out,0.95,0.1,8,1,100,22.6947,5.29916,false,-22.6947,,,22.694,150
sqz_vac_loss_out_eta0p95_pn0p1_Nt8_ns2,sqz_vac,loss_out,0.95,0.1,8,2,100,30.123,5.57503,false,-30.123,,,30.123,150
sqz_vac_loss_out_eta0p95_pn0p1_Nt8_ns3,sqz_vac,loss_out,0.95,0.1,8,3,100,32.7922,7.99998,false,-32.7922,,,32.7922,150
sqz_vac_loss_out_eta0p95_pn0p1_Nt9_ns1,sqz_vac,loss_out,0.95,0.1,9,1,100,22.6947,5.29916,false,-22.6947,,,22.694,150
sqz_vac_loss_out_eta0p95_pn0p1_Nt9_ns2,sqz_vac,loss_out,0.95,0.1,9,2,100,30.1349,5.20195,false,-30.1349,,,30.1349,150
sqz_vac_loss_out_eta0p95_pn0p1_Nt9_ns3,sqz_vac,loss_out,0.95,0.1,9,3,100,32.8718,8.99998,false,-32.8718,,,32.8706,150
sqz_vac_loss_out_eta0p95_pn0p1_Nt10_ns1,sqz_vac,loss_out,0.95,0.1,10,1,100,22.6947,5.29916,false,-22.6947,,,22.694,150
sqz_vac_loss_out_eta0p95_pn0p1_Nt10_ns2,sqz_vac,loss_out,0.95,0.1,10,2,100,30.123,5.57503,false,-30.123,,,30.123,150
sqz_vac_loss_out_eta0p95_pn0p1_Nt10_ns3,sqz_vac,loss_out,0.95,0.1,10,3,100,32.8845,9.70379,false,-32.8845,,,32.8807,150
sqz_vac_loss_out_eta0p95_pn0p15_Nt5_ns1,sqz_vac,loss_out,0.95,0.15,5,1,50,19.5276,4.7437,false,-19.5276,,,19.4696,75
sqz_vac_loss_out_eta0p95_pn0p15_Nt5_ns2,sqz_vac,loss_out,0.95,0.15,5,2,50,28.8675,4.82738,false,-28.8675,,,28.8675,75
sqz_vac_loss_out_eta0p95_pn0p15_Nt5_ns3,sqz_vac,loss_out,0.95,0.15,5,3,50,30.1206,5.00001,false,-30.1206,,,30.1206,75
sqz_vac_loss_out_eta0p95_pn0p2_Nt5_ns1,sqz_vac,loss_out,0.95,0.2,5,1,50,17.8599,4.36607,false,-17.8599,,,17.8188,75
sqz_vac_loss_out_eta0p95_pn0p2_Nt5_ns2,sqz_vac,loss_out,0.95,0.2,5,2,50,27.9624,4.65758,false,-27.9624,,,27.9624,75
sqz_vac_loss_out_eta0p95_pn0p2_Nt5_ns3,sqz_vac,loss_out,0.95,0.2,5,3,50,29.5777,5.00001,false,-29.5777,,,29.5777,75
sqz_vac_loss_out_eta0p95_pn0p25_Nt5_ns1,sqz_vac,loss_out,0.95,0.25,5,1,50,16.7974,4.18911,false,-16.7974,,,16.7637,75
sqz_vac_loss_out_eta0p95_pn0p25_Nt5_ns2,sqz_vac,loss_out,0.95,0.25,5,2,50,27.1384,4.55117,false,-27.1384,,,27.1384,75
sqz_vac_loss_out_eta0p95_pn0p25_Nt5_ns3,sqz_vac,loss_out,0.95,0.25,5,3,50,29.0274,4.99999,false,-29.0274,,,29.0274,75
sqz_vac_loss_out_eta0p95_pn0p3_Nt5_ns1,sqz_vac,loss_out,0.95,0.3,5,1,50,15.9904,4.09257,false,-15.9904,,,15.9608,75
sqz_vac_loss_out_eta0p95_pn0p3_Nt5_ns2,sqz_vac,loss_out,0.95,0.3,5,2,50,26.3407,4.47639,false,-26.3407,,,26.3407,75
sqz_vac_loss_out_eta0p95_pn0p3_Nt5_ns3,sqz_vac,loss_out,0.95,0.3,5,3,50,28.4463,5,false,-28.4463,,,28.4463,75
sqz_vac_loss_out_eta0p95_pn0p35_Nt5_ns1,sqz_vac,loss_out,0.95,0.35,5,1,50,15.3005,4.03387,false,-15.3005,,,15.2736,75
sqz_vac_loss_out_eta0p95_pn0p35_Nt5_ns2,sqz_vac,loss_out,0.95,0.35,5,2,50,25.5483,4.41817,false,-25.5483,,,25.5482,75
sqz_vac_loss_out_eta0p95_pn0p35_Nt5_ns3,sqz_vac,loss_out,0.95,0.35,5,3,50,27.8436,5,false,-27.8436,,,27.8436,75
sqz_vac_loss_out_eta0p95_pn0p4_Nt5_ns1,sqz_vac,loss_out,0.95,0.4,5,1,50,14.6689,3.99534,false,-14.6689,,,14.6437,75
sqz_vac_loss_out_eta0p95_pn0p4_Nt5_ns2,sqz_vac,loss_out,0.95,0.4,5,2,50,24.7551,4.36978,false,-24.7551,,,24.7551,75
sqz_vac_loss_out_eta0p95_pn0p4_Nt5_ns3,sqz_vac,loss_out,0.95,0.4,5,3,50,27.1978,4.6955,false,-27.1978,,,27.1978,75
sqz_vac_loss_out_eta0p95_pn0p45_Nt5_ns1,sqz_vac,loss_out,0.95,0.45,5,1,50,14.0707,3.96859,false,-14.0707,,,14.0468,75
sqz_vac_loss_out_eta0p95_pn0p45_Nt5_ns2,sqz_vac,loss_out,0.95,0.45,5,2,50,23.964,4.329,false,-23.964,,,23.964,75
sqz_vac_loss_out_eta0p95_pn0p45_Nt5_ns3,sqz_vac,loss_out,0.95,0.45,5,3,50,26.6459,4.58927,false,-26.6459,,,26.6459,75
sqz_vac_loss_out_eta0p95_pn0p5_Nt5_ns1,sqz_vac,loss_out,0.95,0.5,5,1,50,13.4968,3.9492,false,-13.4968,,,13.4737,75
sqz_vac_loss_out_eta0p95_pn0p5_Nt5_ns2,sqz_vac,loss_out,0.95,0.5,5,2,50,23.1813,4.29474,false,-23.1813,,,23.1813,75
sqz_vac_loss_out_eta0p95_pn0p5_Nt5_ns3,sqz_vac,loss_out,0.95,0.5,5,3,50,26.1223,4.48885,false,-26.1223,,,26.1223,75
sqz_vac_loss_out_eta0p9_pn0_Nt5_ns1,sqz_vac,loss_out,0.9,0,5,1,50,25.3433,4.99995,false,-25.3433,,,25.5755,75
sqz_vac_loss_out_eta0p9_pn0_Nt5_ns2,sqz_vac,loss_out,0.9,0,5,2,50,25.4123,4.99898,false,-25.4123,,,25.5489,75
sqz_vac_loss_out_eta0p9_pn0_Nt5_ns3,sqz_vac,loss_out,0.9,0,5,3,50,25.3959,4.99997,false,-25.3959,,,25.536,75
sqz_vac_loss_out_eta0p9_pn0p05_Nt5_ns1,sqz_vac,loss_out,0.9,0.05,5,1,50,20.3114,4.99992,false,-20.3114,,,20.3465,75
sqz_vac_loss_out_eta0p9_pn0p05_Nt5_ns2,sqz_vac,loss_out,0.9,0.05,5,2,50,20.743,4.99995,false,-20.743,,,20.7452,75
sqz_vac_loss_out_eta0p9_pn0p1_Nt5_ns1,sqz_vac,loss_out,0.9,0.1,5,1,50,15.2299,3.74679,false,-15.2299,,,15.2274,75
sqz_vac_loss_out_eta0p9_pn0p1_Nt5_ns2,sqz_vac,loss_out,0.9,0.1,5,2,50,16.9681,3.78113,false,-16.9681,,,16.9681,75
sqz_vac_loss_out_eta0p9_pn0p1_Nt5_ns3,sqz_vac,loss_out,0.9,0.1,5,3,50,18.1358,4.99999,false,-18.1358,,,18.1356,75
sqz_vac_loss_out_eta0p9_pn0p15_Nt5_ns1,sqz_vac,loss_out,0.9,0.15,5,1,50,12.6186,2.72969,false,-12.6186,,,12.6177,75
sqz_vac_loss_out_eta0p9_pn0p15_Nt5_ns2,sqz_vac,loss_out,0.9,0.15,5,2,50,15.636,3.43552,false,-15.636,,,15.636,75
sqz_vac_loss_out_eta0p9_pn0p15_Nt5_ns3,sqz_vac,loss_out,0.9,0.15,5,3,50,17.31,5,false,-17.31,,,17.31,75
sqz_vac_loss_out_eta0p9_pn0p2_Nt5_ns1,sqz_vac,loss_out,0.9,0.2,5,1,50,11.1147,2.24508,false,-11.1147,,,11.1145,75
sqz_vac_loss_out_eta0p9_pn0p2_Nt5_ns2,sqz_vac,loss_out,0.9,0.2,5,2,50,14.9967,3.09357,false,-14.9967,,,14.9967,75
sqz_vac_loss_out_eta0p9_pn0p2_Nt5_ns3,sqz_vac,loss_out,0.9,0.2,5,3,50,16.8985,5,false,-16.8985,,,16.8985,75
sqz_vac_loss_out_eta0p9_pn0p25_Nt5_ns1,sqz_vac,loss_out,0.9,0.25,5,1,50,10.1345,1.97414,false,-10.1345,,,10.1344,75
sqz_vac_loss_out_eta0p9_pn0p25_Nt5_ns2,sqz_vac,loss_out,0.9,0.25,5,2,50,14.5596,2.83679,false,-14.5596,,,14.5596,75
sqz_vac_loss_out_eta0p9_pn0p3_Nt5_ns1,sqz_vac,loss_out,0.9,0.3,5,1,50,9.42518,1.80624,false,-9.42518,,,9.42515,75
sqz_vac_loss_out_eta0p9_pn0p3_Nt5_ns2,sqz_vac,loss_out,0.9,0.3,5,2,50,14.2632,2.49814,false,-14.2632,,,14.2632,75
sqz_vac_loss_out_eta0p9_pn0p3_Nt5_ns3,sqz_vac,loss_out,0.9,0.3,5,3,50,16.519,5,false,-16.519,,,16.5189,75
sqz_vac_loss_out_eta0p9_pn0p35_Nt5_ns1,sqz_vac,loss_out,0.9,0.35,5,1,50,8.86601,1.69382,false,-8.86601,,,8.866,75
sqz_vac_loss_out_eta0p9_pn0p35_Nt5_ns2,sqz_vac,loss_out,0.9,0.35,5,2,50,13.996,2.43853,false,-13.996,,,13.996,75
sqz_vac_loss_out_eta0p9_pn0p4_Nt5_ns1,sqz_vac,loss_out,0.9,0.4,5,1,50,8.39581,1.61358,false,-8.39581,,,8.3958,75
sqz_vac_loss_out_eta0p9_pn0p4_Nt5_ns2,sqz_vac,loss_out,0.9,0.4,5,2,50,13.7425,2.38016,false,-13.7425,,,13.7425,75
sqz_vac_loss_out_eta0p9_pn0p4_Nt5_ns3,sqz_vac,loss_out,0.9,0.4,5,3,50,16.185,4.23408,false,-16.185,,,16.185,75
sqz_vac_loss_out_eta0p9_pn0p45_Nt5_ns1,sqz_vac,loss_out,0.9,0.45,5,1,50,7.98245,1.55301,false,-7.98245,,,7.98245,75
sqz_vac_loss_out_eta0p9_pn0p45_Nt5_ns2,sqz_vac,loss_out,0.9,0.45,5,2,50,13.5029,2.32597,false,-13.5029,,,13.5029,75
sqz_vac_loss_out_eta0p9_pn0p5_Nt5_ns1,sqz_vac,loss_out,0.9,0.5,5,1,50,7.60888,1.50499,false,-7.60888,,,7.60888,75
sqz_vac_loss_out_eta0p9_pn0p5_Nt5_ns2,sqz_vac,loss_out,0.9,0.5,5,2,50,13.28,2.27564,false,-13.28,,,13.28,75
sqz_vac_loss_out_eta1_pn0_Nt5_ns1,sqz_vac,loss_out,1,0,5,1,50,86.0852,5.00007,false,-86.0847,,,88.5259,113
sqz_vac_loss_out_eta1_pn0_Nt5_ns2,sqz_vac,loss_out,1,0,5,2,50,87.7331,5.00008,false,-87.7325,,,87.8019,75
sqz_vac_loss_out_eta1_pn0_Nt5_ns3,sqz_vac,loss_out,1,0,5,3,50,87.659,5.00008,false,-87.6583,,,87.7958,75
sqz_vac_loss_out_eta1_pn0p1_Nt5_ns1,sqz_vac,loss_out,1,0.1,5,1,50,85.2519,5.00007,false,-85.2514,,,87.6513,113
sqz_vac_loss_out_eta1_pn0p1_Nt5_ns2,sqz_vac,loss_out,1,0.1,5,2,50,86.868,5.00008,false,-86.8674,,,86.9286,75
sqz_vac_loss_out_eta1_pn0p1_Nt5_ns3,sqz_vac,loss_out,1,0.1,5,3,50,86.8707,5.00008,false,-86.8701,,,86.9198,75
sqz_vac_loss_out_eta1_pn0p2_Nt5_ns1,sqz_vac,loss_out,1,0.2,5,1,50,82.8496,5.00007,false,-82.8491,,,85.13,113
sqz_vac_loss_out_eta1_pn0p2_Nt5_ns2,sqz_vac,loss_out,1,0.2,5,2,50,84.3653,5.00008,false,-84.3647,,,84.4796,75
sqz_vac_loss_out_eta1_pn0p2_Nt5_ns3,sqz_vac,loss_out,1,0.2,5,3,50,84.2782,5.00008,false,-84.2776,,,84.3401,75
